name,brand,category,subcategory,gender,price,currency,color,material,sizes,description,product_url,photo_url
"Jeans ""Archive Camo"" Сamouflage","Brûler","bottoms","Джинсы","unisex","14990","RUB","","","XS,S,M,L,XL,XXL","""Archive Camo"" — джинсы свободного кроя из 100% хлопкового денима. Модель выполнена в классической пятикарманной конструкции: два передних втачных кармана, один маленький «монетный» и два накладных сзади. Пояс со шлевками для ремня обеспечивает удобную посадку. Камуфляжный рисунок придаёт изделию характер. Дизайн и детали: 100% хлопок, плотность — 380 г/м², прочный, долговечный деним. Оверсайз крой, пятикарманная конструкция. Камуфляжный принт, пояс со шлевками для ремня. Как носить: С худи “Ombre Brûlée” и белым лонгсливом под низ — многослойный тёплый образ с акцентом на фактуру. С зип-худи “1990” и массивными кроссовками — винтажный вайб с грубым силуэтом. С чёрной базовой футболкой и кожаной курткой “Cas” — контраст дерзости и минимализма. С футболкой “Fûck la modernité” Graphite поверх лонгслива — расслабленный, тёплый городской образ. Модель: Вито Рост: 181 Вес: 72 кг На Вито размер L Модель: Арина Рост: 172 Вес: 52 На Арине размер S","https://bruler.ru/jeans/jeansarchivecamocamouflage","https://bruler.ru/storage/products/Gt1z9CD3XWGX8gPmcl53jqQMeo4Aj1ZLxWC74Oee.jpg"
"Jeans ""Archive Camo"" Сamouflage Grey","Brûler","bottoms","Джинсы","unisex","14990","RUB","Серый","","XS,S,M,L,XL,XXL","Archive Camo — джинсы свободного кроя из 100% хлопкового денима. Модель выполнена в классической пятикарманной конструкции: два передних втачных кармана, один маленький «монетный» и два накладных сзади. Пояс со шлевками для ремня обеспечивает удобную посадку. Камуфляжный рисунок придаёт изделию характер. Дизайн и детали: 100% хлопок, плотность — 380 г/м², прочный, долговечный деним. Оверсайз крой, пятикарманная конструкция. Камуфляжный принт, пояс со шлевками для ремня. Как носить: С худи “Ombre Brûlée” и белым лонгсливом под низ — многослойный тёплый образ с акцентом на фактуру. С зип-худи “1990” и массивными кроссовками — винтажный вайб с грубым силуэтом. С чёрной базовой футболкой и кожаной курткой “Cas” — контраст дерзости и минимализма. С футболкой “Fûck la modernité” Graphite поверх лонгслива — расслабленный, тёплый городской образ.","https://bruler.ru/jeans/jeansarchivecamosamouflagegrey","https://bruler.ru/storage/products/flHjdqavjG5B1YtNtF7BeZ3oSuNN0FUqnNm6Qlj7.png"
"Hoodie “Nuage rose” Pink garment wash","Brûler","tops","Худи","unisex","15990","RUB","Розовый","премиального хлопка","XS,S,M,L,XL","“Nuage rose” — оверсайз худи из премиального хлопка с обработкой garment washing. Свободный крой и капюшон создают ощущение уюта, а приглушенный розовый оттенок и лаконичный логотип на груди добавляют характер изделию. Дизайн и детали: 100% хлопок, плотность — 480 г/м², дышащий, приятный к телу. Свободный крой, спущенная линия плеча. Розовый garment washing, логотип на груди. Как носить: С меланжевыми брюками и минималистичными кроссовками — повседневный образ. Под бомбер или кожанку — для многослойности и акцента на цвет худи. С широкими джинсами и кедами — спокойный минималистичный силуэт. С камуфляжными джинсами ""Archive Camo"" и лёгкой курткой сверху — для прохладной погоды и простой многослойности. Модель: Вито Рост: 181 Вес: 72 кг На Вито размер L Модель: Арина Рост: 172 Вес: 52 На Арине размер S","https://bruler.ru/hoodies/hoodienuagerose","https://bruler.ru/storage/products/6IDJd7Qy6UGd1q28NWaQyDvsIwxtUpMV18CPojOJ.jpg"
"Jeans ""Logo de base 02” Blue","Brûler","bottoms","Джинсы","unisex","12990","RUB","Синий","","XS,S,M,L,XL,XXL","Jeans ""Logo de base 02"" — голубые оверсайз джинсы из 100% хлопка с эффектом garment washing. Прямой оверсайз силуэт и минималистичный дизайн делают джинсы универсальной базой для повседневного гардероба. Сзади джинсы дополнены жакрон-патчем с выдавленным логотипом бренда. Дизайн и детали: 100% хлопок, плотность 425 г/м² — прочный и износостойкий деним. Оверсайз крой, прямой силуэт. Голубой цвет с эффектом garment washing. Классическая конструкция с пятью карманами. Жакрон из искусственной кожи сзади. Как носить: С рубашкой “Downtown 98” и кедами — спокойный городской лук с акцентом на фактуру и слои. С худи или футболкой из коллекции essentielle — для цельного, монохромного образа. C пиджаком и кепкой — для расслабленного микса классики и спорта. С лонгсливом и бомбером — для многослойности в межсезонье.","https://bruler.ru/jeans/jeanslogodebaseblue","https://bruler.ru/storage/products/blLpVMbvZR53mwLjJKsHSQTB5jatDTaOzE8kyHa1.png"
"Bomber ""Beurré"" black","Brûler","outerwear","Верхняя одежда","unisex","22490","RUB","Чёрный","","S,M,L,XL,XXL","Тёплый двусторонний бомбер с оверсайз-посадкой, объёмными рукавами и капюшоном. Носится двумя способами: сторона из хлопка с вафельным эффектом «dirty wash» и вышивкой логотипа на груди, либо нейлоновая сторона с вышивкой логотипа на груди. Оверсайз фит, объёмные рукава; застёжка-молния. Двусторонний: Сторона A — 100% хлопок, вафельная фактура с эффектом «dirty wash», вышивка логотипа на груди. Сторона B — 100% нейлон, вышивка логотипа на груди, карманы с клапанами. Подкладка: 100% хлопок. Утеплитель: 100% полиэстер — лёгкий и тёплый. Цвет: чёрный dirty wash Как носить: С oversize джинсами, базовым худи и кроссовками — для базового образа на каждый день. С брюками карго, лонгсливом и грубыми ботинками — для непогоды. С прямыми джинсами, футболкой, зип-худи и кедами — для многослойного образа. Модель: Петя Рост: 175 Вес: 75 На Пете размер S Модель: Алиса Рост: 173 Вес: 53 На Алисе размер S","https://bruler.ru/verxniaia-odezda/bomberbeurreblack","https://bruler.ru/storage/products/R0lmfYy9kZikCPDJJQ0whZBmaIHE0E2mqyLtJW8o.jpg"
"Bomber ""Beurré"" graphite gray","Brûler","outerwear","Верхняя одежда","unisex","22490","RUB","Серый","","XS,S,M,L,XL","""Beurré"" — демисезонный двусторонний бомбер с оверсайз-посадкой, объёмными рукавами и капюшоном. Носится двумя способами: нейлоновая сторона с контрастной «dirty wash», либо хлопковый вельвет с аккуратной вышивкой. Графитовый garment washing делает оттенок глубоким и фактурным. Комфортно от +5°C до +15°C. Дизайн и детали: Оверсайз фит, объёмные рукава; застёжка-молния. Двусторонний: Сторона A — 100% нейлон, контрастная «грязная» варка. Сторона B — хлопковый вельвет, дополнена вышивкой логотипа. Подкладка: 100% хлопок. Утеплитель: 100% полиэстер — лёгкий и тёплый. Цвет: графитовый/грязно-серый (garment washing + dirty wash). Как носить: С oversize джинсами, базовым худи и высокими кроссовками — для базового образа на каждый день. С брюками карго, лонгсливом и грубыми ботинками — для непогоды. С прямыми джинсами, футболкой, зип-худи и кедами — для многослойного образа. Модель: Петя Рост: 175 Вес: 75 На Пете размер S Модель: Алиса Рост: 173 Вес: 53 На Алисе размер XS","https://bruler.ru/verxniaia-odezda/bomberbeurregraphitegray","https://bruler.ru/storage/products/t9YKOq7KW6HthSMfkoCf4oWOzADr6spFoXR9fSMJ.jpg"
"Longsleeve “L’Oiseau” milky","Brûler","tops","Футболки","unisex","8990","RUB","Молочный","","XS,S,M,L,XL","“L’Oiseau” — оверсайз лонгслив из 100% хлопка молочного цвета. На груди — принт птицы, выполненный в виде наброска и дополненный вышивкой, отсылает к процессу, спонтанности и идее незавершённого жеста как части творчества. Дизайн и детали: 100% хлопок, плотность 300 г/м² — дышащий, приятный к телу материал. Оверсайз крой со спущенной линией плеча. Молочный цвет. Принт и вышивка на груди. Как носить: С прямыми джинсами “Attache” и кедами — базовый городской образ. Под ветровку “Fragments d’étoiles” — многослойный образ для прохладной погоды. С прямыми брюками из коллекции Essentielle — лонгслив выступает как акцент в образе. Модель: Петя Рост: 175 Вес: 75 На Пете размер S Модель: Алиса Рост: 173 Вес: 53 На Алисе размер XS","https://bruler.ru/t-shirts/longsleeveloiseaumilky","https://bruler.ru/storage/products/600ITW3JAb5Mq8FDs1i1ViLRUYn3AUvLF2vMNqXt.jpg"
"Longsleeve “L’Oiseau” brown","Brûler","tops","Футболки","unisex","8990","RUB","Коричневый","","XS,S,M,L,XL","“L’Oiseau” — оверсайз лонгслив из 100% хлопка коричневого цвета. На груди — принт птицы, выполненный в виде наброска и дополненный вышивкой, отсылает к процессу, спонтанности и идее незавершённого жеста как части творчества. Дизайн и детали: 100% хлопок, плотность 300 г/м² — дышащий, приятный к телу материал. Оверсайз крой со спущенной линией плеча. Коричневый цвет. Принт и вышивка на груди. Как носить: С прямыми джинсами “Attache” и кедами — базовый городской образ. Под ветровку “Fragments d’étoiles” — многослойный образ для прохладной погоды. С прямыми брюками из коллекции Essentielle — лонгслив выступает как акцент в образе. Модель: Петя Рост: 175 Вес: 75 На Пете размер S Модель: Алиса Рост: 173 Вес: 53 На Алисе размер XS","https://bruler.ru/t-shirts/longsleeveloiseaubrown","https://bruler.ru/storage/products/J07H1oKd7fPOFkbNOjeBSMKB3YrLRWMcD4hVB2z9.jpg"
"Cardigan “Travail tard” black","Brûler","tops","Свитера","unisex","11590","RUB","Чёрный","смесовой пряжи","XS,S,M,L,XL","“Travail tard” — оверсайз кардиган чёрного цвета из смесовой пряжи. Плотная вязка хорошо держит форму и подходит для прохладной погоды. Воротник-стойка подчёркивает форму изделия, а декоративная вышивка Brûler d'Amour на груди служит аккуратным акцентом. Дизайн и детали: Пряжа: 45% нейлон, 30% полиэстер, 15% акрил, 10% шерсть — тёплая и износостойкая. Оверсайз крой. Воротник-стойка. Чёрный цвет, декоративная вышивка логотипа на груди. Как носить: С прямыми классическими брюками и лоферами — универсальный повседневный образ. С джинсами “Attache” и минималистичными кроссовками — городской повседневный вариант. Поверх базовой футболки или лонгслива — как дополнительный слой для прохладной погоды. Модель: Петя Рост: 175 Вес: 75 На Пете размер L Модель: Алиса Рост: 173 Вес: 53 На Алисе размер L","https://bruler.ru/sweaters/cardigantravailtardblack","https://bruler.ru/storage/products/PIShp1btbGIIIxbrnT2Xkq0x5WB03UmGA4AcptGI.jpg"
"Cardigan “Travail tard” violet","Brûler","tops","Свитера","unisex","11590","RUB","Фиолетовый","смесовой пряжи","XS,S,M,L,XL","“Travail tard” — оверсайз кардиган фиолетового цвета из смесовой пряжи. Плотная вязка хорошо держит форму и подходит для прохладной погоды. Воротник-стойка подчёркивает форму изделия, а декоративная вышивка Brûler d'Amour на груди служит аккуратным акцентом. Дизайн и детали: Пряжа: 45% нейлон, 30% полиэстер, 15% акрил, 10% шерсть — тёплая и износостойкая. Оверсайз крой. Воротник-стойка. Фиолетовый цвет, декоративная вышивка логотипа на груди. Как носить: С прямыми классическими брюками и лоферами — универсальный повседневный образ. С джинсами “Attache” и минималистичными кроссовками — городской повседневный вариант. Поверх базовой футболки или лонгслива — как дополнительный слой для прохладной погоды.","https://bruler.ru/sweaters/cardigantravailtardviolet","https://bruler.ru/storage/products/vjgJuhSumukcBKpit2QIZxxcU2AF5p305qgkPwNo.png"
"Jeans ""Logo de base 01” Black","Brûler","bottoms","Джинсы","unisex","12990","RUB","Чёрный","","XS,S,M,L,XL,XXL","Jeans ""Logo de base 02"" — черные оверсайз джинсы из 100% хлопка с эффектом garment washing. Прямой оверсайз силуэт и минималистичный дизайн делают джинсы универсальной базой для повседневного гардероба. Сзади джинсы дополнены жакрон-патчем с выдавленным логотипом бренда. Дизайн и детали: 100% хлопок, плотность 425 г/м² — прочный и износостойкий деним. Оверсайз крой, прямой силуэт. Черный цвет с эффектом garment washing. Классическая конструкция с пятью карманами. Жакрон из искусственной кожи сзади. Как носить: С рубашкой “Downtown 98” и кедами — спокойный городской лук с акцентом на фактуру и слои. С худи или футболкой из коллекции essentielle — для цельного, монохромного образа. C пиджаком и кепкой — для расслабленного микса классики и спорта. С лонгсливом и бомбером — для многослойности в межсезонье.","https://bruler.ru/jeans/jeanslogodebaseblack","https://bruler.ru/storage/products/USdkhM0JchsU0ZYXXnCCJQhdLS3WNiw1IySLd0fN.png"
"Cap “Û” Black","Brûler","accessories","Аксессуары","unisex","4990","RUB","Чёрный","","","“Û” — хлопковая кепка чёрного цвета с лаконичным дизайном и акцентной вышивкой. Минималистичная форма и фирменные детали делают её универсальным элементом гардероба, который легко вписывается в повседневные образы. Спереди и сзади — декоративные вышивки, добавляющие узнаваемый характер. Дизайн и детали: 100% хлопок. Классическая форма. Чёрный цвет. Декоративные вышивки спереди и сзади. Регулируемый хлястик для комфортной посадки.","https://bruler.ru/accessories/capublackivr","https://bruler.ru/storage/products/5KeBDSffp80s6iCkIsvkYFs16wbn6la7tmPSnoRq.jpg"
"Pants ""Logo de base 02"" Grey melange","Brûler","bottoms","Брюки","unisex","7990","RUB","Серый","премиального хлопка","XS,S,M,L,XL,XXL","Pants ""Logo de base 02"" — спортивные брюки серого меланжевого цвета из премиального хлопка. Оверсайз крой и минималистичный дизайн делают модель универсальной базой для повседневного гардероба. Изделие дополнено объёмным логотипом с эффектом металла. Дизайн и детали: 100% хлопок, плотность Х г/м² — прочный, сохраняет форму. Оверсайз крой, пояс на резинке с регулировкой на шнурке. Низ брючин на стопперах. Серый меланжевый цвет, патч с эффектом металла. Как носить: С худи или футболкой из коллекции essentielle — для цельного, монохромного образа. C пиджаком и кепкой — для расслабленного микса классики и спорта. С лонгсливом и бомбером — для многослойности в межсезонье. С футболкой и кроссовками — универсальный повседневный вариант.","https://bruler.ru/briuki/pantslogodebasegreymelange","https://bruler.ru/storage/products/sV5HOuohIJ6IAI63fHucV8n2r1e4rDNRPuqzCU1A.png"
"Jacket  “Atelier trouvé” burgundy","Brûler","outerwear","Верхняя одежда","unisex","22490","RUB","Бордовый","","S,M,L,XL","“Atelier trouvé” — оверсайз куртка из 100% плотного хлопка, вдохновлённая образом художника в процессе работы. Плотный хлопковый материал хорошо держит форму и подходит для прохладной погоды. Контрастный отложной воротник из PU-кожи добавляет графичности, а декоративные металлические класпамы и пояс формируют выразительный, собранный силуэт. Бордовый цвет подчёркивает характер изделия и делает его акцентом в образе. Дизайн и детали: 100% хлопок, плотность 360 г/м², — плотный, износостойкий материал. Подкладка для сохранения тепла. Отложной воротник из контрастной PU-кожи. Планка с декоративными металлическими класпами. Декоративный пояс с металлической фурнитурой. Бордовый цвет. Как носить: С камуфляжными джинсами “Archive Camo” — стильный городской образ. С широкими классическими брюками и ботинками — куртка как акцентный элемент в образе. С чёрными джинсами “Attache” и минималистичными кроссовками — универсальный вариант на каждый день. Модель: Петя Рост: 175 Вес: 75 На Пете размер S Модель: Алиса Рост: 173 Вес: 53 На Алисе размер S","https://bruler.ru/verxniaia-odezda/jacketateliertrouveburgundy","https://bruler.ru/storage/products/8r9IyuJWX9h32nmLlPT2nR2DLmLh4m7llEK382d6.jpg"
"Jacket  “Atelier trouvé” milky","Brûler","outerwear","Верхняя одежда","unisex","22490","RUB","Молочный","","S,M,L,XL","“Atelier trouvé” — оверсайз куртка из 100% плотного хлопка, вдохновлённая образом художника в процессе работы. Плотный хлопковый материал хорошо держит форму и подходит для прохладной погоды. Контрастный отложной воротник из PU-кожи добавляет графичности, а декоративные металлические класпамы и пояс формируют выразительный, собранный силуэт. Дизайн и детали: 100% хлопок, плотность — 360 г/м, — плотный, износостойкий материал. Подкладка для сохранения тепла. Отложной воротник из контрастной PU-кожи. Планка с декоративными металлическими класпами. Декоративный пояс с металлической фурнитурой. Молочный цвет. Как носить: С камуфляжными джинсами “Archive Camo” — стильный городской образ. С широкими классическими брюками и ботинками — куртка как акцентный элемент в образе. С чёрными джинсами “Attache” и минималистичными кроссовками — универсальный вариант на каждый день. Модель: Петя Рост: 175 Вес: 75 На Пете размер S Модель: Алиса Рост: 173 Вес: 53 На Алисе размер S","https://bruler.ru/verxniaia-odezda/jacketateliertrouvemilky","https://bruler.ru/storage/products/ueg7RD4HR4R8X6AU0RiyJcLgYvUgxc3x5rD9PlRJ.jpg"
"Pants ""Désordre"" black","Brûler","bottoms","Брюки","unisex","14490","RUB","Чёрный","","S,M,L,XL","“Désordre” — оверсайз брюки из 100% нейлона, в комплекте с ветровкой “Désordre” создают цельный образ. Лёгкий, но плотный материал держит форму и защищает от ветра, сохраняя силуэт. Минималистичный чёрный цвет делает брюки универсальными, а акцент в виде вышивки добавляет характер. Дизайн и детали: 100% нейлон — лёгкий, прочный, ветрозащитный. Оверсайз крой. Чёрный цвет, вышивка. Как носить: С ветровкой “Désordre” — полноценный костюм и стильный городской образ на каждый день. С базовым худи из коллекции Essentielle и кроссовками — универсальный повседневный образ. С курткой “Atelier trouvé” и базовой футболкой — образ с акцентом на фактуру. Модель: Петя Рост: 175 Вес: 75 На Пете размер S Модель: Алиса Рост: 173 Вес: 53 На Алисе размер S","https://bruler.ru/briuki/pantsdesordreblack","https://bruler.ru/storage/products/fGERykseYyzdTDEzt6GMOTMZ9KQzLDQ9MbfMucOB.jpg"
"Windbreaker ""Désordre"" black","Brûler","outerwear","Верхняя одежда","unisex","18990","RUB","Чёрный","","S,M,L,XL","""Désordre"" — оверсайз ветровка из 100% нейлона, в комплекте с брюками “Désordre” создают цельный образ. Лёгкий, но плотный материал хорошо держит форму и защищает от ветра. Минималистичный чёрный цвет делает модель универсальной, а акценты в виде вышивки на груди и принта на воротнике добавляют характер и узнаваемость. Дизайн и детали: 100% нейлон — лёгкий, прочный, ветрозащитный. Оверсайз крой со спущенной линией плеча. Чёрный цвет, вышивка на груди, принт на воротнике. Как носить: С брюками “Désordre” — полноценный костюм и стильный городской образ на каждый день. С прямыми джинсами “Pantalon de travail” и базовой футболкой — стильный городской образ на каждый день. Поверх худи или лонгслива — многослойный образ для прохладной погоды. С чёрными прямыми джинсами “Attache” и кроссовками — минималистичный total black без лишних деталей. Модель: Петя Рост: 175 Вес: 75 На Пете размер S Модель: Алиса Рост: 173 Вес: 53 На Алисе размер S","https://bruler.ru/verxniaia-odezda/windbreakerdesordreblack","https://bruler.ru/storage/products/01KKGXNE586VP7895BPWPWQAP1.jpg"
"Jeans “Attache” black","Brûler","bottoms","Джинсы","unisex","14990","RUB","Чёрный","","XS,S,M,L,XL,XXL","“Attache” — оверсайз джинсы из 100% хлопка с акцентом на конструкцию и детали. Модель с защипами формирует чистый, собранный силуэт, оставаясь комфортной в повседневной носке. Передние и задние карманы, усиленные заклёпками и декоративный металлический класп добавляют выразительный акцент. Чёрный цвет делает модель универсальной базой для городских образов. Дизайн и детали: 100% хлопок, плотность 425 г/м² — плотный и износостойкий материал. Оверсайз крой, модель с защипами. Усиленные швы и карманы с заклёпками. Декоративный металлический класп. Чёрный цвет. Как носить: С курткой “Atelier trouvé” и базовой футболкой — образ с акцентом на фактуру. С ветровкой “Désordre” и лонгсливом — городской вариант для прохладной погоды. С базовым худи из коллекции Essentielle и кроссовками — универсальный повседневный образ. Модель: Петя Рост: 175 Вес: 75 На Пете размер S Модель: Алиса Рост: 173 Вес: 53 На Алисе размер S","https://bruler.ru/jeans/jeansattacheblack","https://bruler.ru/storage/products/01KKH6YCT9RVPT5GE1W8C00QE7.jpg"
"T-Shirt “Ébauche” white","Brûler","tops","Футболки","unisex","7890","RUB","Белый","","XS,S,M,L,XL","“Ébauche” — оверсайз футболка из 100% хлопка белого цвета. На груди — принт Brûler d'Amour в виде наброска, отсылающий к процессу, спонтанности и идее незавершённого жеста как части творчества. Дизайн и детали: 100% хлопок, плотность — 220 г/м², — дышащий и приятный к телу материал. Оверсайз крой со спущенной линией плеча. Белый цвет. Принт Brûler d'Amour на груди Как носить: Поверх лонгслива + джинсы “Attache” — многослойный образ с акцентом на принт футболки. Под ветровку ""Désordre"" с прямыми брюками — простой и удобный повседневный вариант. Под расстегнутую зип-худи и карго “Pantalon de travail” — стильный многослойный образ. С брюками и зип-худи из коллекции ""Essentielle"" — футболка работает как акцентная деталь в спокойном базовом образе. Модель: Петя Рост: 175 Вес: 75 На Пете размер S Модель: Алиса Рост: 173 Вес: 53 На Алисе размер XS","https://bruler.ru/t-shirts/tshirtebauchewhite","https://bruler.ru/storage/products/XEpYsauiACqmIVev0rkXr2ZJtaanDNzrPI1pOnCx.jpg"
"T-Shirt “Ébauche” gray melange","Brûler","tops","Футболки","unisex","7890","RUB","Серый","","XS,S,M,L,XL","“Ébauche” — оверсайз футболка из 100% хлопка серого меланжевого цвета. На груди — принт Brûler d'Amour в виде наброска, отсылающий к процессу, спонтанности и идее незавершённого жеста как части творчества. Дизайн и детали: 100% хлопок, плотность 220 г/м² — дышащий и приятный к телу материал. Оверсайз крой со спущенной линией плеча. Серый меланжевый цвет. Принт Brûler d'Amour на груди Как носить: Поверх лонгслива + джинсы “Attache” — многослойный образ с акцентом на принт футболки. Под ветровку ""Désordre"" с прямыми брюками — простой и удобный повседневный вариант. Под расстегнутую зип-худи и карго “Pantalon de travail” — стильный многослойный образ. С брюками и зип-худи из коллекции ""Essentielle"" — футболка работает как акцентная деталь в спокойном базовом образе. Модель: Петя Рост: 175 Вес: 75 На Пете размер S Модель: Алиса Рост: 173 Вес: 53 На Алисе размер XS","https://bruler.ru/t-shirts/tshirtebauchegraymelange","https://bruler.ru/storage/products/kPU3vbf5e1SQ3zBozEtqTAHu9GSt1IJ5gTL7Ay3b.jpg"
"Windbreaker “Base” milky","Brûler","outerwear","Верхняя одежда","unisex","15990","RUB","Молочный","","XS,S,M,L,XL","“Base” — женская оверсайз ветровка из 100% нейлона, созданная как универсальная база для образов на прохладную погоду. Лёгкий, но плотный материал хорошо держит форму и защищает от ветра. Воротник-стойка и спущенная линия плеча формируют расслабленный силуэт, декоративная вышивка на груди добавляет аккуратный акцент. Дизайн и детали: 100% нейлон — лёгкий, прочный, ветрозащитный материал. Оверсайз крой со спущенной линией плеча. Воротник-стойка и регулируемый низ изделия. Молочный цвет, декоративная вышивка на груди. Как носить: С джинсами клёш “Évasé” — спокойный универсальный вариант на каждый день. Поверх худи или лонгслива — многослойный образ для прохладной погоды. Со спортивными прямыми брюками из коллекции Essentielle — базовый повседневный образ. С шортами или юбкой — ветровка как акцентный элемент в образе. Модель: Алиса Рост: 173 Вес: 53 На Алисе размер XS","https://bruler.ru/verxniaia-odezda/windbreakerbasemilky","https://bruler.ru/storage/products/JpyhHq4cCJ01VyhllHlMe7hPclWhgaVkwtg9kHiA.jpg"
"Windbreaker “Base” black","Brûler","outerwear","Верхняя одежда","unisex","15990","RUB","Чёрный","","XS,S,M,L,XL","“Base” — женская оверсайз ветровка из 100% нейлона, созданная как универсальная база для образов на прохладную погоду. Лёгкий, но плотный материал хорошо держит форму и защищает от ветра. Воротник-стойка и спущенная линия плеча формируют расслабленный силуэт, декоративная вышивка на груди добавляет аккуратный акцент. Дизайн и детали: 100% нейлон — лёгкий, прочный, ветрозащитный материал. Оверсайз крой со спущенной линией плеча. Воротник-стойка и регулируемый низ изделия. Чёрный цвет, декоративная вышивка на груди. Как носить: С джинсами клёш “Évasé” — спокойный универсальный вариант на каждый день. Поверх худи или лонгслива — многослойный образ для прохладной погоды. Со спортивными прямыми брюками из коллекции Essentielle — базовый повседневный образ. С шортами или юбкой — ветровка как акцентный элемент в образе. Модель: Алиса Рост: 173 Вес: 53 На Алисе размер XS","https://bruler.ru/verxniaia-odezda/windbreakerbaseblackwgo","https://bruler.ru/storage/products/01KKEHCVEP3GE734VRCXWCR3YE.jpg"
"Sweatshirt “Croquis frais” dark blue","Brûler","tops","Худи","unisex","14890","RUB","Синий","","XS,S,M,L,XL","“Croquis frais” — укороченный оверсайз свитшот из 100% премиального хлопка. Свитшот с двойными рукавами и отложным воротником подчёркивает форму и пропорции изделия. Спереди — принт в виде рисунка, дополненный вышивкой Brûler d'Amour, создающий ощущение спонтанного скетча и ручной работы. Дизайн и детали: 100% хлопок, плотность 480 г/м² — дышащий, приятный к телу. Оверсайз крой со спущенной линией плеча. Укороченный крой, двойные рукава. Отложной воротник. Тёмно-синий цвет, принт спереди и вышивка Brûler d'Amour. Как носить: С прямыми джинсами “Attache” и кедами — базовый городской образ. С камуфляжными джинсами ""Archive Camo"" и массивными кроссовками — смелый стрит-лук с акцентом на текстуру. С юбкой или шортами — свитшот как акцентный элемент в образе. Модель: Петя Рост: 175 Вес: 75 На Пете размер S","https://bruler.ru/hoodies/sweatshirtcroquisfraisdarkblue","https://bruler.ru/storage/products/GgUYojhmNTCUZrC6UUMqn0sqKxpclVUfjK8K3plm.png"
"Jeans “Pantalon de travail” beige","Brûler","bottoms","Джинсы","unisex","14990","RUB","Бежевый","","XS,S,M,L,XL,XXL","“Pantalon de travail” — оверсайз карго-брюки из 100% премиального хлопка. Модель выполнена в утилитарной конструкции с передними втачными карманами, объёмными боковыми карманами с клапанами и задними накладными карманами. Декоративный металлический класп добавляет акцент. Бежевый цвет делает универсальной базой для повседневных образов. Дизайн и детали: 100% хлопок, плотность 380 г/м² — плотный и износостойкий материал. Оверсайз крой, утилитарная карго-конструкция. Передние, боковые и задние карманы. Декоративный металлический класп. Бежевый цвет. Как носить: С ветровкой ""Désordre"" и лонгсливом под низ — расслабленный повседневный образ на прохладную погоду. С рубашкой “Downtown 98” и кедами — спокойный городской лук с акцентом на фактуру и слои. С базовым худи и минималистичными кроссовками — универсальный вариант для дня, когда нужен комфорт. Модель: Петя Рост: 175 Вес: 75 На Пете размер S Модель: Алиса Рост: 173 Вес: 53 На Алисе размер S","https://bruler.ru/jeans/jeanspantalondetravailbeige","https://bruler.ru/storage/products/2LgmXLkGMQfHMRCh0Kq0P46cMaD8fpSM9Y13dL5g.png"
"Jacket ""Sans laisser de trace"" dark blue","Brûler","outerwear","Верхняя одежда","unisex","18990","RUB","Синий","","XS,S,M,L,XL","""Sans laisser de trace"" — двусторонняя оверсайз куртка из 100% хлопка. Свободный силуэт со спущенной линией плеча и широкими рукавами. Одна сторона - глубокий темно-синий цвет с карманами на кнопках, другая - молочная с графичным патчем на спине. Рассчитана на прохладную погоду межсезонья. Дизайн и детали: 100% хлопок - плотная фактурная ткань. Двусторонняя конструкция: Темно-синяя сторона: прорезные карманы с клапанами на кнопках, лаконичная вышивка. Светлая сторона: прорезной карман на груди, декорированный кнопками, графичный тканевый патч на спине. Свободный оверсайз-силуэт со спущенной линией плеча. Воротник-стойка фиксируется коротким хлястиком на кнопках. Застежка на металлическую молнию. Манжеты и пояс фиксируют посадку. Как носить: С камуфляжными джинсами “Archive Camo” — стильный городской образ. С широкими классическими брюками и ботинками — куртка как акцентный элемент в образе. С чёрными джинсами “Attache” и минималистичными кроссовками — универсальный вариант на каждый день. Модель: Петя Рост: 175 Вес: 75 На Пете размер S Модель: Алиса Рост: 173 Вес: 53 На Алисе размер S","https://bruler.ru/verxniaia-odezda/jacketsanslaisserdetrace","https://bruler.ru/storage/products/kCXUZGvsc6cJbsNeuqH3ZkMPqVhUVCLyvHhNp5i9.jpg"
"Jeans “Évasé” black washing","Brûler","bottoms","Джинсы","unisex","14990","RUB","Чёрный","","XS,S,M,L,XL,XXL","Jeans “Évasé” Black Washing — джинсы клёш из 100% хлопка с эффектом варки. Силует с чистым, вытянутым силуэтом и аккуратным расширением к низу. Вываренная чёрная фактура добавляет глубину цвету и делает джинсы выразительными, оставаясь универсальными для повседневных образов. Дизайн и детали: 100% хлопок, плотность 425 г/м² — плотный и износостойкий деним. Крой клёш. Чёрный цвет с эффектом washing. Как носить: С курткой “Atelier trouvé” и базовой футболкой — образ с акцентом на фактуру. С рубашкой “Downtown 98” и кедами — спокойный городской лук с акцентом на фактуру и слои. С ветровкой “Désordre” и лонгсливом — городской вариант для прохладной погоды. С базовым худи из коллекции Essentielle и кроссовками — универсальный повседневный образ. Модель: Петя Рост: 175 Вес: 75 На Пете размер S Модель: Алиса Рост: 173 Вес: 53 На Алисе размер S","https://bruler.ru/jeans/jeansevaseblackwashing","https://bruler.ru/storage/products/Y9NJCL2sXpctOxV1vUDDzGHFjmO8FutviXqoeTKT.png"
"Zip-hoodie “Parrain de Souvenirs” Beige dirty wash","Brûler","tops","Зип-худи","unisex","16990","RUB","Бежевый","премиального хлопка","XS,S,M,L,XL","“Parrain de Souvenirs” — зип-худи из премиального хлопка с обработкой dirty wash. Мягкая ткань с эффектом износа и контрастными отпечатками создает винтажный эффект. На груди — принты, вдохновлённые эстетикой автоспорта. Дизайн и детали: 100% хлопок, плотность — 480 г/м², дышащий, приятный к телу. Оверсайз крой со спущенной линией плеча. Грязно-бежевый цвет с эффектом dirty wash, винтажные принты на груди. Как носить: С прямыми винтажными джинсами ""De Mon Père"" и белой футболкой — расслабленный повседневный образ с акцентом на варку зип-худи. Под чёрную кожаную куртку — дополнительная текстурность + контраст делают образ выразительным. С базовой футболкой “Essentielle” и широкими джинсами ""Patrimoine"" — простой, но собранный образ, где худи работает как акцент. С серыми джинсами и массивными кроссовками — плотный монохромный лук со streetwear вайбом. Модель: Клинтин Рост: 188 Вес: 80 На Клинтине размер XL Модель: Афсана Рост: 171 Вес: 52 На Афсане размер XS","https://bruler.ru/zip-hoodies/ziphoodieparraindesouvenirsbeigedirtywash","https://bruler.ru/storage/products/bDzSohBmah6ulj3UgcI5UK559f0iJcW6aEq219TE.jpg"
"T-Shirt “Fûck la modernité” Graphite dirty wash","Brûler","tops","Футболки","unisex","7890","RUB","Графитовый","премиального хлопка","XS,S,M,L,XL","“Fûck la modernité” — футболка оверсайз кроя из премиального хлопка с обработкой dirty wash. Глубокий графитовый оттенок и вываренная фактура создают эффект вещи с характером и историей. На груди — принт с провокационным высказыванием, манифест против банальности и следования правилам. Дизайн и детали: 100% хлопок, плотность — 240 г/м², дышащий, приятный к телу. Оверсайз крой со спущенной линией плеча. Графитовый цвет с эффектом dirty wash, принт на груди. Как носить: Поверх лонгслива + джинсы “Archive Camo” — многослойный образ с акцентом на вываренный эффект футболки. С винтажными прямыми джинсами “De Mon Père” Black и зип-худи — спокойный образ с легким винтажным эффектом. Под кожаную куртку и грубые ботинки — тёплый образ для поздней осени. Под оверсайз-худи и спортивные прямые брюки — тёплый слой, без лишней визуальной тяжести. Модель: Вито Рост: 181 Вес: 72 кг На Вито размер L Модель: Арина Рост: 172 Вес: 52 На Арине размер S","https://bruler.ru/t-shirts/tshirtfucklamodernite","https://bruler.ru/storage/products/BNfTJ2lvBkmurNmtuSgf5nwldIgPF3djXMp4oh87.jpg"
"T-Shirt “Fûck la modernité” White dirty wash","Brûler","tops","Футболки","unisex","7890","RUB","Белый","премиального хлопка","XS,S,M,L,XL","“Fûck la modernité” — футболка оверсайз кроя из премиального хлопка с обработкой dirty wash. Вываренный эффект и «пыльная» фактура напоминают о вещах с историей. На груди — принт с провокационным высказыванием, манифест против банальности и следования правилам. Дизайн и детали: 100% хлопок, плотность — 240 г/м², дышащий, приятный к телу. Оверсайз крой со спущенной линией плеча. Грязно-молочный цвет с эффектом dirty wash, принт на груди. Как носить: Поверх лонгслива + джинсы “Archive Camo” — многослойный образ с акцентом на вываренный эффект футболки. С винтажными прямыми джинсами “De Mon Père” Black и зип-худи — спокойный образ с легким винтажным эффектом. Под кожаную куртку и грубые ботинки — тёплый образ для поздней осени. Под оверсайз-худи и спортивные прямые брюки — тёплый слой, без лишней визуальной тяжести. Модель: Вито Рост: 181 Вес: 72 кг На Вито размер L Модель: Арина Рост: 172 Вес: 52 На Арине размер S","https://bruler.ru/t-shirts/tshirtfucklamodernitewhite","https://bruler.ru/storage/products/wAdRTChBuf1Z99tQ7tnVtGWuNgVETFP36AJMS7ub.jpg"
"Jeans ""De Mon Père"" Black","Brûler","bottoms","Джинсы","unisex","14990","RUB","Чёрный","","XS,S,M,L,XL,XXL","""De Mon Père"" — оверсайз джинсы из 100% хлопка с эффектом garment washing. Модель выполнена в классической пятикарманной конструкции: два передних втачных кармана, один маленький «монетный» и два накладных сзади. На заднем кармане — принт Brûler, а под передним карманом — дестрой-эффект, придающий изделию винтажность. Сзади джинсы дополнены жакрон-патчем с выдавленным логотипом бренда. Дизайн и детали: 100% хлопок, плотность — 440 г/м², прочный и износостойкий деним. Оверсайз крой, пятикарманная конструкция. Чёрный цвет с эффектом garment washing, дестрой-детали и принт на заднем кармане. Как носить: С зип-худи “Autocollant” и базовой футболкой под низ — расслабленный повседневный образ с винтажным вайбом. С рубашкой “Downtown 98” и кедами — спокойный городской лук с акцентом на фактуру и слои. С базовым худи и минималистичными кроссовками — универсальный вариант для дня, когда нужен комфорт. С oversize-свитером и кожаной курткой “Cas” сверху — тёплый образ, где джинсы балансируют массивный верх. Модель: Вито Рост: 181 Вес: 72 кг На Вито размер L Модель: Арина Рост: 172 Вес: 52 На Арине размер S","https://bruler.ru/jeans/jeansdemonpereblack","https://bruler.ru/storage/products/Qm4ycHUvrggc1cxQibJBCr2e3Bv71lD8L3R6GZDI.jpg"
"Jacket ""Cas""","Brûler","outerwear","Верхняя одежда","unisex","22490","RUB","","","XS,S,M,L,XL","Кроп-оверсайз куртка из экокожи с мягким эффектом состаренности. Рельефный эмбосс-логотип на груди и трикотажные детали подчёркивают форму. Рассчитана на межсезонье до +5 °C. Дизайн и детали: Экокожа (PU) на вискозной основе (40%) — деликатный washing-эффект. Кроп-оверсайз силует, свободные плечи; застёжка на молнию. Трикотажные манжеты и широкий пояс — держат посадку и тепло. Рельефный эмбосс-логотип на груди. Стёганая подкладка: 100% полиэстер. Утеплитель: 100% полиэстер. Чёрный цвет с эффектом состаренности. Температурный режим: до +5 °C. Как носить: С прямыми джинсами и свитером и ботинками — аккуратный городской образ. С брюками карго, свитшотом и массивными кроссовками — расслабленный стритвир на каждый день. С джоггерами, худи и кроссовками — тёплый повседневный образ. Модель: Ильяс Рост: 187 Вес: 80 На Ильясе размер XL Модель: Соня Рост: 174 Вес: 58 На Соне размер S","https://bruler.ru/verxniaia-odezda/cas","https://bruler.ru/storage/products/01K6N1A3H6P2DPZFF4Q7JE5V2D.jpg"
"Zip-hoodie “Investigation” Gray garment dye","Brûler","tops","Зип-худи","unisex","16990","RUB","Серый","премиального хлопка","XS,S,M,L,XL","“Investigation” — ресток легендарной модели Burler d’Amour. Худи из премиального хлопка с обработкой garment washing сочетает минимализм на груди и выразительные детали на спине. На груди — вышивка логотипа, на спине — принт и вышивка, добавляющая фактурный контраст. Дизайн и детали: 100% хлопок, плотность — 550 г/м², дышащий, приятный к телу. Оверсайз крой со спущенной линией плеча. Серый цвет с эффектом garment dye, принт и вышивка спереди и сзади. Как носить: С винтажными прямыми джинсами “De Mon Père” и белой футболкой — расслабленный повседневный образ с акцентом на варку зип-худи. Под чёрную кожаную куртку — дополнительная текстурность и контраст делают образ выразительным. С базовой футболкой “Essentielle” и широкими джинсами ""Patrimoine"" — простой, но собранный лук, где зип-худи работает как акцент. С серыми джинсами и массивными кроссовками — плотный монохромный образ со streetwear-настроением. Модель: Клинтин Рост: 188 Вес: 80 На Клинтине размер XL Модель: Афсана Рост: 171 Вес: 52 На Афсане размер XS","https://bruler.ru/zip-hoodies/ziphoodieinvestigationgray","https://bruler.ru/storage/products/0IfB8BcyfpdlFlAqBzMxnD2YLSXKPBdgNyRlm1DM.jpg"
"Longsleeve “Note” Graphite garment washing","Brûler","tops","Футболки","unisex","8990","RUB","Графитовый","премиального хлопка","XS,S,M,L,XL","“Note” — лонгслив с эффектом двухслойности, выполненный из премиального хлопка. Винтажная обработка garment washing создаёт лёгкий эффект выцветания. На груди — принт в фирменной эстетике Brûler, сочетающий спортивные и ностальгические мотивы. Дизайн и детали: 100% хлопок, плотность — 280 г/м², дышащий, приятный к телу. Оверсайз крой со спущенной линией плеча. Графитовый цвет с обработкой garment washing, двойной рукав и принт на груди. Как носить: С винтажными прямыми джинсами “De Mon Père” Black — образ с легким винтажным эффектом. Под кожаную куртку и грубые ботинки — тёплый образ для поздней осени. Под зип-худи с прямыми брюками — простой и удобный повседневный вариант. С джинсами “Patrimoine” и массивными ботинками — образ для прохладных дней. Модель: Клинтин Рост: 188 Вес: 80 На Клинтине размер XL Модель: Афсана Рост: 171 Вес: 52 На Афсане размер XS","https://bruler.ru/t-shirts/longsleevenotegraphite","https://bruler.ru/storage/products/s36L5Qe3U9pCN6Jk38rq1JmgIdaNeP39WC9xg1Tj.jpg"
"Zip Hoodie “Frisson” Burgundy wash","Brûler","tops","Зип-худи","unisex","16990","RUB","Бордовый","премиального хлопка","XS,S,M,L,XL","“Frisson” — зип-худи из премиального хлопка с обработкой sand washing. На груди — вышитый логотип и минималистичный символ спичек, отсылка к ДНК бренда и идее «гореть» от любви. На спине — выразительный принт с машиной и сердцем. Дизайн и детали: 100% хлопок, плотность — 480 г/м², дышащий, приятный к телу. Оверсайз крой со спущенной линией плеча. Бордовый цвет с эффектом sand washing. Вышитый логотип на груди, крупный принт на спине. Как носить: С винтажными прямыми джинсами “De Mon Père” и белой футболкой — расслабленный повседневный образ с акцентом на варку зип-худи. В расстёгнутом виде поверх базовой футболки """"Logo de base 01"""" — для многослойности в прохладную погоду. С тёмно-синими джинсами сырого денима — сочетание, которое подчёркивает эффект washing. С оверсайз-джинсами и футболкой “Peau à Peau” — винтажный расслабленный образ. Модель: Клинтин Рост: 188 Вес: 80 На Клинтине размер XL Модель: Афсана Рост: 171 Вес: 52 На Афсане размер XS","https://bruler.ru/zip-hoodies/ziphoodiefrissonburgundywash","https://bruler.ru/storage/products/orvBd80zmX6IjjorosJKmkHdlDEn3ONEHtEIpkLL.jpg"
"T-Shirt “Amour Brut” Pink","Brûler","tops","Футболки","unisex","5990","RUB","Розовый","мягкого эластичного трикотажа на основе хлопка","XS,S,M,L,XL","“Amour Brut” — футболка приталенного силуэта из мягкого эластичного трикотажа на основе хлопка и модала. Лёгкая, тактильно приятная ткань комфортно садится по телу. На груди — вышитый логотип и фирменный символ спичек, отсылка к ДНК бренда и идее «гореть» от любви. На спине — выразительный принт, дополняющий характер изделия. Дизайн и детали: 64% хлопок, 28% модал, 8% эластан, плотность — 220 г/м² — лёгкая, мягкая и эластичная ткань, комфортная к телу. Приталенный крой, подчёркивающий силуэт. Розовый цвет. Вышитый логотип и фирменный символ спичек на груди, крупный принт на спине. Как носить: С прямыми джинсами на низкой посадке ""De Mon Père"" — расслабленный городской образ. С брюками и зип-худи из коллекции ""Essentielle"" — футболка работает как акцентная деталь в спокойном базовом образе. Под зип-худи “Frisson” с прямыми брюками — простой и удобный повседневный вариант. С тёмно-синими джинсами сырого денима ""Patrimoine"". Модель: Афсана Рост: 171 Вес: 52 На Афсане размер XS","https://bruler.ru/t-shirts/tshirtamourbrutpink","https://bruler.ru/storage/products/iCk9QBsoLq056Ebu2fqAadqyAvs1PcWaznzOwYuN.jpg"
"Keychain “Clé d’Amour”","Brûler","accessories","Аксессуары","unisex","2490","RUB","","","","“Clé d’Amour” — минималистичный брелок в эстетике бренда Brûler d’Amour. Лёгкий и универсальный аксессуар, который работает и как деталь образа и узнаваемый элемент ДНК бренда. Его можно носить на ключах, на сумке или рюкзаке, а также крепить на карабин к джинсам или ремню.","https://bruler.ru/accessories/keychaincldamour","https://bruler.ru/storage/products/1k02eHn16bCms1wFTsuiyBehHhLvrDj0wba7eOtI.jpg"
"T-Shirt “Cour de la maison” Grey melange","Brûler","tops","Футболки","unisex","7890","RUB","Серый","премиального хлопка","XS,S,M,L,XL","“Cour de la maison” — футболка из премиального хлопка серого меланжевого цвета. Оверсайз крой и спущенная линия плеча формируют расслабленный силуэт, а принт с зимним двором и машиной создаёт атмосферу ностальгии и тишины. Дизайн и детали: 100% хлопок, плотность — 300 г/м², дышащий, приятный к телу. Оверсайз крой со спущенной линией плеча. Серый меланж, принт с изображением двора и машины. Как носить: С винтажными прямыми джинсами ""De Mon Père"" — спокойный образ с акцентом на принт. С брюками и худи из коллекции ""Essentielle"" — футболка работает как акцентная деталь в спокойном базовом образе. С широкими джинсами ""Patrimoine"" и минималистичными кроссовками — расслабленный городской вариант. Под зип-худи с прямыми брюками — простой и удобный повседневный вариант. Модель: Вито Рост: 181 Вес: 72 кг На Вито размер L Модель: Арина Рост: 172 Вес: 52 На Арине размер S","https://bruler.ru/t-shirts/tshirtcourdelamaison","https://bruler.ru/storage/products/3VFApmS3z8ztIlL064tGwNvG4jk99B6jJyMKFda2.jpg"
"T-Shirt ""Signature Poitrine"" Gray","Brûler","tops","Футболки","unisex","7890","RUB","Серый","","S,M,L,XL","Футболка ""Signature Poitrine"" — про эстетику уличной графики и лого-культуры. Принт на груди отсылает к эпохе кастомных шрифтов, наклеек и тэгов, которые можно было встретить на пенале, кассете или задней обложке тетради. Дизайн и детали: 100% хлопок, плотность — 300 г/м², свободный крой с мягкой посадкой. Глубокий серый цвет с приглушённым принтом из лого-элементов Brûler. Классический круглый вырез, оверсайз силуэт. Как носить: С карго-брюками и кроссовками — для тех, кто ценит комфорт и детализацию. В паре с джинсами и оверсайз-бомбера — образ с уличной прямотой и минимализмом. В паре с бермудами и худи — уличный стиль с ностальгическим акцентом. Допускаются незначительные отличия в цвете из-за особенностей технологии финишинга* Модель: Соня Рост: 174 Вес: 58 На Соне размер S Модель: Влад Рост: 182 Вес: 85 На Владе размер L","https://bruler.ru/t-shirts/tshirtsignature","https://bruler.ru/storage/products/01JZN0NWPNSB5R0367RJ451K87.jpg"
"Jeans ""Patrimoine"" Raw Denim","Brûler","bottoms","Джинсы","unisex","14990","RUB","","сырого денима","XS,S,M,L,XL,XXL","""Patrimoine"" — оверсайз джинсы из 100% хлопка, выполненные из сырого денима с обработкой garment washing. Модель имеет классическую пятикарманную конструкцию: два передних втачных кармана, один маленький «монетный» и два накладных сзади. Благодаря обработке garment washing джинсы приобретают мягкость и лёгкий винтажный эффект, сохраняя при этом насыщенный оттенок тёмно-синего денима. Дизайн и детали: 100% хлопок, плотность — 440 г/м², прочный, долговечный деним. Оверсайз крой, пятикарманная конструкция. Синий цвет сырого денима с эффектом garment washing, акцент на естественную фактуру ткани. Как носить: С рубашкой “Downtown 98” и кедами — спокойный городской лук с акцентом на фактуру и слои. С зип-худи “Muse” и базовой футболкой под низ — расслабленный повседневный образ. С белым лонгсливом и футболкой поверх — многослойность в духе 90-х. С oversize свитером и массивными кроссовками — тёплый, сбалансированный силуэт. Модель: Вито Рост: 181 Вес: 72 кг На Вито размер L Модель: Арина Рост: 172 Вес: 52 На Арине размер S","https://bruler.ru/jeans/jeanspatrimoine","https://bruler.ru/storage/products/xTDPvL0R60mzvLr5lACuHMufL4CIKxTlOIbQNc6s.jpg"
"Shirt ""Downtown 98"" Brown","Brûler","tops","Рубашки","unisex","13490","RUB","Коричневый","","","""Downtown 98"" — оверсайз рубашка с лёгким эффектом garment washing, выполненная из 100% хлопка. На нагрудном кармане — вышивка с логотипом Brûler, добавляющая аккуратный акцент. Коричневая клетка в сочетании с обработкой garment washing придаёт изделию винтажный характер. Дизайн и детали: 100% хлопок, плотность — 128 г/м², дышащий, приятный к телу Оверсайз крой со спущенной линией плеча. Коричневая клетка, обработка garment washing, вышивка с логотипом на кармане. Как носить: Под футболку оверсайз и джинсы “Patrimoine” — расслабленный повседневный образ с винтажным настроением. Под кожаную куртку Jacket “Cas” и прямые тёмные джинсы — расслабленный, тёплый городской образ. С белой футболкой и широкими светлыми джинсами — контрастный и свежий аутфит. Модель: Вито Рост: 181 Вес: 72 кг На Вито размер L Модель: Арина Рост: 172 Вес: 52 На Арине размер S","https://bruler.ru/shirts/shirtdowntownbrown","https://bruler.ru/storage/products/qRreN8ns0yauR88S2zsoB8BVvA4qI5oYFkHj0RV8.jpg"
"T-Shirt “Constructeur” Graphite garment dyed","Brûler","tops","Футболки","unisex","7890","RUB","Графитовый","премиального хлопка","XS,S,M,L,XL","“Constructeur” — футболка оверсайз кроя из премиального хлопка, окрашенная в технике garment dyed. Уникальная фактура окрашивания придаёт ткани глубину оттенка и лёгкий винтажный эффект. На груди — графичный принт в виде чертежа автомобиля. Дизайн и детали: 100% хлопок, плотность — 300 г/м², дышащий, приятный к телу. Оверсайз крой со спущенной линией плеча. Графитовый цвет с эффектом garment dyed, принт-конструктор на груди. Как носить: Поверх лонгслива + джинсы “Archive Camo” — многослойный образ с акцентом на вываренный эффект футболки. С брюками и худи из коллекции ""Essentielle"" — футболка работает как акцентная деталь в спокойном базовом образе. С винтажными прямыми джинсами “De Mon Père” Black и зип-худи — спокойный образ с легким винтажным эффектом. Под зип-худи с прямыми брюками — простой и удобный повседневный вариант. Модель: Клинтин Рост: 188 Вес: 80 На Клинтине размер XL","https://bruler.ru/t-shirts/tshirtconstructeurgraphitegarmentdyed","https://bruler.ru/storage/products/kBAJqSB3wAeXlD6rpRoCdWwQnB0i3HRwfZmwboL2.jpg"
"Hoodie “Ombre Brûlée” Graphite garment washing","Brûler","tops","Худи","unisex","15990","RUB","Графитовый","плотного хлопка","XS,S,M,L,XL","“Ombre Brûlée” — худи из плотного хлопка с garment washing обработкой, создающей мягкий винтажный эффект. Свободный силуэт и спущенная линия плеча создают расслабленный образ. Главный акцент — объёмная тоновая аппликация Brûler d’Amour на груди и спине, выполненные в едином графитовом оттенке, что делает изделие выразительным, но лаконичным. Дизайн и детали: 100% хлопок, плотность — 450 г/м², дышащий, приятный к телу. Оверсайз крой со спущенной линией плеча. Глубокий графитовый цвет с винтажной варкой. Объёмная аппликация на груди и спине. Как носить: С камуфляжными джинсами ""Archive Camo"" и массивными кроссовками — смелый стрит-лук с акцентом на текстуру. С базовыми брюками из коллекции essentielle и шапкой бини — уютный вариант для холодных дней. Под кожаную куртку “Cas” + черными прямыми джинсами ""De Mon Père” — тёплый многослойный лук с характером. С широкими темно-синими джинсами raw denim — лаконичный лук, где внимание на фактуру худи. Модель: Вито Рост: 181 Вес: 72 кг На Вито размер L Модель: Арина Рост: 172 Вес: 52 На Арине размер S","https://bruler.ru/hoodies/hoodieombrebrulee","https://bruler.ru/storage/products/Po2zCKHAPgtKRv6aEwIbppjc9iKfEgEYmbuBaark.jpg"
"Zip “Pas de capuche” Black garment wash","Brûler","tops","Зип-худи","unisex","16990","RUB","Чёрный","премиального хлопка","XS,S,M,L,XL","“Pas de capuche” — зип-свитшот из премиального хлопка с обработкой garment washing. Модель без капюшона, с отложным воротником и объёмной аппликацией на груди. Эффект варки придаёт изделию винтажный оттенок и подчёркивает текстуру ткани. Дизайн и детали: 100% хлопок, плотность — 480 г/м², дышащий, приятный к телу. Оверсайз крой, отложный воротник. Чёрный цвет с эффектом garment washing, объёмная аппликация на груди. Как носить: Под базовую футболку и прямые чёрные джинсы “De Mon Père” — простой и стильный образ на каждый день. С серыми широкими джоггерами и минималистичными кроссовками — удобный повседневный сет с акцентом на объёмный силуэт. С тёмно-синими джинсами сырого денима — сочетание, которое подчёркивает эффект garment washing. С оверсайз-джинсами и футболкой “Fûck la modernité” — винтажный расслабленный образ. Модель: Вито Рост: 181 Вес: 72 кг На Вито размер L Модель: Арина Рост: 172 Вес: 52 На Арине размер S","https://bruler.ru/zip-hoodies/zippasdecapuche","https://bruler.ru/storage/products/SwRivMmpKfxbBJS7uxULjP790JFONFD0Fu88POsY.jpg"
"Beanie-hat “Signature” Gray","Brûler","accessories","Аксессуары","unisex","4990","RUB","Серый","мягкой хлопковой пряжи","","“Signature” — шапка бини из мягкой хлопковой пряжи с жаккардовым рисунком и вышивкой. Благодаря эластичной вязке шапка комфортно садится по голове и сохраняет тепло. Модель можно носить в двух вариантах: с отворотом, на котором расположен вышитый логотип Brûler d’Amour, или без — открывая крупный жаккардовый логотип. Дизайн и детали: 100% хлопок — тёплый, дышащий и приятный к телу материал. Жаккардовая вязка и вышивка логотипа. Серый цвет с чёрным логотипом и вышивкой Brûler d’Amour. Как носить: Идеально сочетается с шарфом “Signature”, образуя полноценный зимний сет. Модель: Вито Рост: 181 Вес: 72 кг На Вито размер L Модель: Арина Рост: 172 Вес: 52 На Арине размер S","https://bruler.ru/accessories/beaniehatsignaturegray","https://bruler.ru/storage/products/WzduKqcK02WalG5O6ouDgnmi3FrWpckK6m99zSRR.jpg"
"Scarf “Signature” Gray","Brûler","accessories","Аксессуары","unisex","4990","RUB","Серый","","","“Signature” — тёплый шарф из 100% хлопковой пряжи, выполненный в технике жаккардовой вязки. Мягкий и плотный материал обеспечивает комфорт и защиту в холодную погоду. На поверхности расположен крупный жаккардовый принт с логотипом Brûler d’Amour в чёрном цвете, создающий контрастный и лаконичный акцент. Дизайн и детали: 100% хлопок — мягкий, тёплый и дышащий материал. Жаккардовая вязка с фирменным принтом и вышивкой. Серый цвет с чёрным логотипом Brûler d’Amour. Как носить: Идеально сочетается с шапкой “Signature”, образуя полноценный зимний сет.","https://bruler.ru/accessories/scarfsignaturegray","https://bruler.ru/storage/products/lccWLlGgw9b0ToXHFqGyw00SfbyJboowIUNLwkIZ.jpg"
"Zip-hoodie “Blesser” Grey garment washing","Brûler","tops","Зип-худи","unisex","16990","RUB","Серый","","XS,S,M,L,XL","“Blesser” — вязаный зип-худи оверсайз кроя со спущенной линией плеча. Фактурная вязка и лёгкий эффект garment washing придают вещи винтажный характер. На груди — аппликация с логотипом Brûler, добавляющая акцент. Дизайн и детали: Пряжа, 100% хлопок — дышащий, приятный к телу. Оверсайз крой со спущенной линией плеча. Серый цвет с обработкой garment washing, аппликация с логотипом на груди. Как носить: С базовой футболкой и прямыми тёмными джинсами — простой и чистый базовый образ на каждый день. С широкими винтажными джинсами “Archive Camo” и базовым лонгсливом — расслабленный грубоватый силуэт с акцентом на фактуру. Под кожаную куртку “Cas” и с прямыми брюками — фактурная многослойность, где вязаное худи смягчает грубость кожи. С тёмными прямыми джинсами ""De Mon Père"" и шапкой-бини — простой тёплый образ, в котором вязка худи работает как главный акцент.","https://bruler.ru/zip-hoodies/ziphoodieblessergreygarmentwashing","https://bruler.ru/storage/products/01KF3PQPTABBVP2S9Y8M6G2PGN.jpg"
"Zip-hoodie “Blesser” Black garment washing","Brûler","tops","Зип-худи","unisex","16990","RUB","Чёрный","","XS,S,M,L,XL","“Blesser” — вязаный зип-худи оверсайз кроя со спущенной линией плеча. Плотная текстура и эффект garment washing создают благородный выцветший оттенок и подчёркивают винтажное настроение. На груди — объёмная аппликация с логотипом Brûler, добавляющая выразительный акцент. Дизайн и детали: Пряжа, 100% хлопок — дышащий, приятный к телу. Оверсайз крой со спущенной линией плеча. Чёрный цвет с обработкой garment washing, аппликация с логотипом на груди. Как носить: С базовой футболкой и прямыми тёмными джинсами — простой и чистый базовый образ на каждый день. С широкими винтажными джинсами “Archive Camo” и базовым лонгсливом — расслабленный грубоватый силуэт с акцентом на фактуру. Под кожаную куртку “Cas” и с прямыми брюками — фактурная многослойность, где вязаное худи смягчает грубость кожи. С тёмными прямыми джинсами ""De Mon Père"" и шапкой-бини — простой тёплый образ, в котором вязка худи работает как главный акцент.","https://bruler.ru/zip-hoodies/ziphoodieblesserblackgarmentwashing","https://bruler.ru/storage/products/c7xYMcG45Gs4iVpc8vnuoSwGOxy2IAaxe1HqLTf4.jpg"
"T-Shirt “Turbo” White","Brûler","tops","Футболки","unisex","7890","RUB","Белый","премиального хлопка","XS,S,M,L,XL","“Turbo” — оверсайз футболка из премиального хлопка. Силуэт со спущенной линией плеча дополнен принтами с изображением ретро-машины, вдохновлёнными жевательной резинкой Turbo. На груди — фирменный логотип Brûler. Дизайн и детали: 100% хлопок, плотность — 300 г/м², дышащий, приятный к телу. Оверсайз крой со спущенной линией плеча. Белый цвет, принты с изображением автомобиля на груди и спине. Как носить: С винтажными прямыми джинсами ""De Mon Père"" — спокойный образ с акцентом на принт. С брюками и худи из коллекции ""Essentielle"" — футболка работает как акцентная деталь в спокойном базовом образе. С широкими джинсами ""Patrimoine"" и минималистичными кроссовками — расслабленный городской вариант. Под зип-худи с прямыми брюками — простой и удобный повседневный вариант. Модель: Вито Рост: 181 Вес: 72 кг На Вито размер L Модель: Арина Рост: 172 Вес: 52 На Арине размер S","https://bruler.ru/t-shirts/tshirtturbowhite","https://bruler.ru/storage/products/7j7muMXVnKxSZSXfHBXMjbhkRlQZeJLEOz77gGLS.jpg"
"T-Shirt “Turbo” Black","Brûler","tops","Футболки","unisex","7890","RUB","Чёрный","премиального хлопка","XS,S,M,L,XL","“Turbo” — оверсайз футболка из премиального хлопка. Силуэт со спущенной линией плеча дополнен принтами с изображением ретро-машины, вдохновлёнными жевательной резинкой Turbo. На груди — фирменный логотип Brûler. Дизайн и детали: 100% хлопок, плотность — 300 г/м², дышащий, приятный к телу. Оверсайз крой со спущенной линией плеча. Чёрный цвет, принты с изображением автомобиля на груди и спине. Как носить: С винтажными прямыми джинсами ""De Mon Père"" — спокойный образ с акцентом на принт. С брюками и худи из коллекции ""Essentielle"" — футболка работает как акцентная деталь в спокойном базовом образе. С широкими джинсами ""Patrimoine"" и минималистичными кроссовками — расслабленный городской вариант. Под зип-худи с прямыми брюками — простой и удобный повседневный вариант. Модель: Вито Рост: 181 Вес: 72 кг На Вито размер L Модель: Арина Рост: 172 Вес: 52 На Арине размер S","https://bruler.ru/t-shirts/tshirtturboblack","https://bruler.ru/storage/products/q6TdP4hWZXXicZe267E2KhiU9Ye1fOZ4xIHrHXjz.jpg"
"Scarf “Signature” Black","Brûler","accessories","Аксессуары","unisex","4990","RUB","Чёрный","","","“Signature” — тёплый шарф из 100% хлопковой пряжи, выполненный в технике жаккардовой вязки. Мягкий и плотный материал обеспечивает комфорт и защиту в холодную погоду. На поверхности расположен крупный жаккардовый принт с логотипом Brûler d’Amour в фиолетовом оттенке, придающий аксессуару выразительный акцент. Дизайн и детали: 100% хлопок — мягкий, тёплый и дышащий материал. Жаккардовая вязка с фирменным принтом и вышивкой. Чёрный цвет с фиолетовым логотипом Brûler d’Amour. Как носить: Идеально сочетается с шапкой “Signature”, образуя полноценный зимний сет.","https://bruler.ru/accessories/scarfsignatureblack","https://bruler.ru/storage/products/J9jJl9Ll1zopxz5kfg2bZnIageh62LkIxsfK4OOf.jpg"
"Beanie-hat “Signature” Black","Brûler","accessories","Аксессуары","unisex","4990","RUB","Чёрный","мягкой хлопковой пряжи","","“Signature” — шапка бини из мягкой хлопковой пряжи с жаккардовым рисунком и вышивкой. Благодаря эластичной вязке шапка комфортно садится по голове и сохраняет тепло. Модель можно носить в двух вариантах: с отворотом, на котором расположен вышитый логотип Brûler d’Amour, или без — открывая крупный жаккардовый логотип. Дизайн и детали: 100% хлопок — тёплый, дышащий и приятный к телу материал. Жаккардовая вязка и вышивка логотипа. Чёрный цвет с фиолетовым логотипом и вышивкой Brûler d’Amour. Как носить: Идеально сочетается с шарфом “Signature”, образуя полноценный зимний сет.","https://bruler.ru/accessories/beaniehatsignatureblack","https://bruler.ru/storage/products/NOlEYRogq3d6OzX6nUPK3iCM1czK9GYtjruO456J.jpg"
"Half-zip ""Logo de base 02"" Grey melange","Brûler","tops","Half-zip","unisex","9990","RUB","Серый","премиального хлопка","XS,S,M,L,XL","""Logo de base 02"" — укороченное half-zip худи из премиального хлопка. Высокий ворот и свободный крой делают его удобным в носке, а лаконичный дизайн и серый меланжевый цвет легко сочетаются с любой одеждой. Изделие дополнено объёмным логотипом с эффектом металла. Дизайн и детали: 100% хлопок, плотность 480 г/м² — прочный, сохраняет форму. Укороченный свободный крой со спущенной линией плеча. Высокий ворот, короткая металлическая молния. Серый меланж, патч с эффектом металла на груди. Как носить: Со спортивными брюками и кроссовками — для комфортного повседневного образа. С джинсами прямого кроя — универсальное сочетание на каждый день. С классическими брюками и лоферами — для контраста спортивного и строгого стиля. Модель: Дима Рост: 187 Вес: 85 На Диме размер L Модель: Лиза Рост: 176 Вес: 52 На Лизе размер S","https://bruler.ru/half-zips/halfzipbasegreytwo","https://bruler.ru/storage/products/01K42DGN2YGMPTQG129PBXZA3N.jpg"
"Half-zip ""Logo de base 01"" Black","Brûler","tops","Half-zip","unisex","10990","RUB","Чёрный","премиального хлопка","XS,S,M,L,XL,XXL","""Logo de base 01"" — худи half-zip из премиального хлопка с реглан-рукавом для комфортной посадки. Лаконичный дизайн и чёрный цвет позволяют легко сочетать изделие с любой одеждой. Изделие дополнено объёмным логотипом с эффектом металла. Дизайн и детали: 100% хлопок, плотность 480 г/м² — прочный, сохраняет форму. Укороченный свободный крой, реглан-рукав. Высокий ворот, короткая металлическая молния. Чёрный цвет, патч с эффектом металла на груди. Как носить: С джоггерами или спортивными брюками — для расслабленного городского образа. С классическими брюками и лоферами — для контраста спортивного и строгого стиля. С джинсами прямого кроя — универсальное повседневное сочетание. Под куртку или бомбер — на случай холодов. Модель: Дима Рост: 187 Вес: 85 На Диме размер L Модель: Лиза Рост: 176 Вес: 52 На Лизе размер S","https://bruler.ru/half-zips/halfzipbaseblack","https://bruler.ru/storage/products/01K42NBW6MAJHV6VAS8PKSQAM9.jpg"
"T-Shirt “Serrurier” White","Brûler","tops","Футболки","unisex","7890","RUB","Белый","премиального хлопка","XS,S,M,L,XL","“Serrurier” — оверсайз футболка белого цвета из премиального хлопка. Принт с ящиком инструментов отсылает к ремесленному духу и добавляет образу характер. Дизайн и детали: 100% хлопок, плотность — 300 г/м², дышащий, приятный к телу. Оверсайз крой со спущенной линией плеча. Белый цвет, принт с ящиком инструментов на груди. Как носить: Под зип-худи с прямыми брюками — простой и удобный повседневный вариант. С винтажными прямыми джинсами ""De Mon Père"" — спокойный образ с акцентом на принт. С брюками и худи из коллекции ""Essentielle"" — футболка работает как акцентная деталь в спокойном базовом образе. С широкими джинсами ""Patrimoine"" и минималистичными кроссовками — расслабленный городской вариант. Модель: Вито Рост: 181 Вес: 72 кг На Вито размер L Модель: Арина Рост: 172 Вес: 52 На Арине размер S","https://bruler.ru/t-shirts/tshirtserrurier","https://bruler.ru/storage/products/1uwJkMPHCdfPpGO3ZR04j5ewiXIK7L3OxSS0gfBS.jpg"
"Pants ""Asphalte Doux "" Washed&Grey","Brûler","bottoms","Брюки","unisex","14490","RUB","Серый","","XS,S,M,L,XL","Спортивные брюки ""Asphalte Doux"" — про комфорт без компромиссов. Эффект варки, плотный хлопок и расслабленный крой делают их идеальными для повседневного ритма. Дизайн и детали: 100% хлопок, плотность — 480 г/м², плотные и мягкие одновременно. Свободный прямой крой, эластичный пояс на резинке с чёрным шнурком. Технология Garment Dyed. Боковые карманы, вышивка Brûler. Как носить: С худи или футболкой в тон — для цельного, монохромного образа. С контрастным верхом и кроссовками — для визуального акцента. C пиджаком и бейсболкой — для расслабленного микса классики и спорта. Допускаются незначительные отличия в цвете из-за особенностей технологии финишинга* Модель: Влад Рост: 182 Вес: 85 На Владе размер L Модель: Соня Рост: 174 Вес: 58 На Соне размер S","https://bruler.ru/briuki/pantsasphalte","https://bruler.ru/storage/products/01JZWK7TH9B58NJMS6EXQR4MRY.jpg"
"Zip-hoodie “1990” Grey dirty wash","Brûler","tops","Зип-худи","unisex","16990","RUB","Серый","премиального хлопка","XS,S,M,L,XL","“1990” — зип-худи из премиального хлопка с эффектом износа и обработкой dirty wash. Текстура с потертостями и вываренный оттенок создают ощущение винтажной аутентичности. На груди — принт с эффектом потертости, отсылающий к эстетике уличных архивов 90-х. Дизайн и детали: 100% хлопок, плотность — 480 г/м², дышащий, приятный к телу. Оверсайз крой со спущенной линией плеча. Серый цвет с эффектом dirty wash, потертости на ткани, принт с эффектом износа на груди. Как носить: С прямыми винтажными джинсами ""De Mon Père"" и белой футболкой — расслабленный повседневный образ с акцентом на варку зип-худи. Под чёрную кожаную куртку — дополнительная текстурность + контраст делают образ выразительным. С базовой футболкой “Essentielle” и широкими джинсами ""Patrimoine"" — простой, но собранный образ, где худи работает как акцент. С серыми джинсами и массивными кроссовками — плотный монохромный лук со streetwear вайбом. Модель: Вито Рост: 181 Вес: 72 кг На Вито размер L Модель: Арина Рост: 172 Вес: 52 На Арине размер S","https://bruler.ru/zip-hoodies/ziphoodiegreydirtywash","https://bruler.ru/storage/products/5GTEF2CsqCyDDEhDhesYh3IT6g4VNb8rAziSGWKF.jpg"
"Zip-hoodie “Inversé” Grey dirty wash","Brûler","tops","Зип-худи","unisex","16990","RUB","Серый","премиального хлопка","XS,S,M,L,XL","“Inversé” — зип-худи из премиального хлопка с эффектом износа и контрастной варкой dirty wash. Деконструированный вид и разрушенные детали придают изделию винтажный характер. На груди — перевёрнутый принт с логотипом Brûler d’Amour и надписью “Mémoire”, символизирующий игру с восприятием и памятью. Дизайн и детали: 100% хлопок, плотность — 480 г/м², дышащий, приятный к телу. Оверсайз крой со спущенной линией плеча. Серый цвет с эффектом dirty wash, элементы дестроя, перевёрнутый принт на груди. Как носить: С прямыми винтажными джинсами ""De Mon Père"" и белой футболкой — расслабленный повседневный образ с акцентом на варку зип-худи. Под чёрную кожаную куртку — дополнительная текстурность + контраст делают образ выразительным. С базовой футболкой “Essentielle” и широкими джинсами ""Patrimoine"" — простой, но собранный образ, где худи работает как акцент. С серыми джинсами и массивными кроссовками — плотный монохромный лук со streetwear вайбом. Модель: Вито Рост: 181 Вес: 72 кг На Вито размер L Модель: Арина Рост: 172 Вес: 52 На Арине размер S","https://bruler.ru/zip-hoodies/ziphoodieinverse","https://bruler.ru/storage/products/YpRDMgSKKSuwqRoNJRxDjLqUriKvuTLsTQ12Ofnt.jpg"
"Hoodie “Désolé maman” Black","Brûler","tops","Худи","unisex","15990","RUB","Чёрный","премиального хлопка","XS,S,M,L,XL","“Désolé maman” — оверсайз худи из премиального хлопка. Мягкий материал и свободный силуэт создают комфорт, а объёмный принт на груди добавляет акцент. Дизайн и детали: 100% хлопок, плотность — 440 г/м², дышащий, приятный к телу. Свободный крой, спущенная линия плеча. Чёрный цвет, объёмный принт на груди. Как носить: С прямыми чёрными джинсами ""Revers"" и кроссовками — простой повседневный вариант без лишнего шума. С серыми джоггерами — максимально комфортный образ на каждый день. Под лёгкий бомбер или джинсовку — для многослойного образа. С винтажными прямыми джинсами ""De Mon Père"" — более текстурный образ. Модель: Вито Рост: 181 Вес: 72 кг На Вито размер L Модель: Арина Рост: 172 Вес: 52 На Арине размер S","https://bruler.ru/hoodies/hoodiedesolemaman","https://bruler.ru/storage/products/pZf2zgMMjbqNntKrVe6AyIbBhwKzQNINjdIGXT5d.jpg"
"Hoodie “Cavalier” Speckled grey","Brûler","tops","Худи","unisex","15990","RUB","Серый","премиального хлопка","XS,S,M,L,XL","“Cavalier” — худи из премиального хлопка с цветными вкраплениями. Свободный силуэт и спущенная линия плеча создают расслабленный образ. На груди — вышивка с единорогом, выполненная в наивной манере, отсылающая к теме детства и фантазии. Дизайн и детали: 100% хлопок, плотность — 450 г/м², дышащий, приятный к телу. Оверсайз крой со спущенной линией плеча. Серый цвет с цветными вкраплениями, вышивка единорога на груди. Как носить: С тёмными широкими джинсами и высокими кедами — расслабленный стритстайл с упором на графику худи. С серыми спортивными штанами из коллекции ""Essentielle"" и массивными кроссовками — уютный повседневный образ в духе athleisure. Под пуховик и джинсы “Patrimoine” — образ для холодной погоды. Под шерстяное пальто oversize и тёмные прямые брюки — гармоничное сочетание классики и streetwear. Модель: Вито Рост: 181 Вес: 72 кг На Вито размер L Модель: Арина Рост: 172 Вес: 52 На Арине размер S","https://bruler.ru/hoodies/hoodiecavalier","https://bruler.ru/storage/products/DVCF9YsCAUuyoAKaqgsTr6Ix9XjdTiYPP5UfqntH.jpg"
"Half-zip “Sweet” Grey melange","Brûler","tops","Half-zip","unisex","15990","RUB","Серый","премиального хлопка","XS,S,M,L,XL","“Sweet” — half-zip худи из премиального хлопка с плотной текстурой и комфортной посадкой. Свободный крой и высокий ворот создают ощущение комфорта. Объемные бархатные принты на груди и спине добавляют тактильный акцент. Дизайн и детали: 100% хлопок, плотность — 550 г/м², дышащий, приятный к телу. Свободный крой, спущенная линия плеча. Металлическая молния, рельефные швы на локтях. Фиолетовый garment washing, патч с эффектом металла на груди. Как носить: С прямыми тёмными джинсами ""De Mon Père"" и кроссовками — универсальный повседневный образ. В расстёгнутом виде поверх базовой футболки — для многослойности в прохладную погоду. С джоггерами и минималистичными кроссовками — комфортный спорт-кэжуал. С шапкой бини и прямыми брюками — cozy-аутфит для осени и зимы. Модель: Вито Рост: 181 Вес: 72 кг На Вито размер L Модель: Арина Рост: 172 Вес: 52 На Арине размер S","https://bruler.ru/half-zips/halfzipsweet","https://bruler.ru/storage/products/Njy5nkd4YGPsKAht5UMC4yUcEKH8FPokctDtAqQE.jpg"
"Zip-Hoodie ""Logo de base 01"" Black","Brûler","tops","Зип-худи","unisex","10990","RUB","Чёрный","премиального хлопка","XS,S,M,L,XL,XXL","""Logo de base 01"" — зип-худи из премиального хлопка с плотной текстурой и комфортной посадкой. Лаконичный дизайн и чёрный цвет позволяют легко сочетать её с любой одеждой. Изделие дополнено объёмным логотипом с эффектом металла. Дизайн и детали: 100% хлопок, плотность 480 г/м² — прочный, сохраняет форму. Свободный крой, спущенная линия плеча. Капюшон, металлическая молния. Чёрный цвет, патч с эффектом металла на груди. Как носить: С оверсайз джоггерами футболкой — для комфортного городского образа. С джинсами и кепкой — универсальный повседневный вариант. В расстёгнутом виде с шортами и футболкой — для лёгкого многослойного аутфита. Модель: Дима Рост: 187 Вес: 85 На Диме размер L Модель: Лиза Рост: 176 Вес: 52 На Лизе размер S","https://bruler.ru/zip-hoodies/ziphoodiebaseblack","https://bruler.ru/storage/products/01K42FZD6MBYXD10HSYH01QK3M.jpg"
"T-Shirt “Peau à Peau” Graphite","Brûler","tops","Футболки","unisex","7890","RUB","Графитовый","премиального хлопка","XS,S,M,L,XL","“Peau à Peau” — оверсайз футболка из премиального хлопка графитового цвета. На груди — вышитый логотип и символ спичек, отсылка к ДНК бренда и идее «гореть» от любви. На спине — акцентный романтический принт. Дизайн и детали: 100% хлопок, плотность — 320 г/м², дышащий, приятный к телу. Оверсайз крой со спущенной линией плеча. Графитовый цвет. Вышитый логотип на груди, принт на спине. Как носить: Поверх лонгслива + джинсы “Archive Camo” — многослойный образ с акцентом на принт футболки. Под зип-худи “Frisson” с прямыми брюками — простой и удобный повседневный вариант. Под расстегнутую оверсайз-рубашку и брюки — стильный многослойный образ. С брюками и зип-худи из коллекции ""Essentielle"" — футболка работает как акцентная деталь в спокойном базовом образе. Модель: Клинтин Рост: 188 Вес: 80 На Клинтине размер XL Модель: Афсана Рост: 171 Вес: 52 На Афсане размер XS","https://bruler.ru/t-shirts/tshirtpeaupeaugraphite","https://bruler.ru/storage/products/YugrSsrRql42mLcxFT9rhz4TpgS8O81RVH7G3GGk.jpg"
"Set “Signature” Black","Brûler","accessories","Аксессуары","unisex","8990","RUB","Чёрный","мягкой хлопковой пряжи","","“Signature” — комплект из шапки и шарфа, созданный как единое целое. Оба изделия выполнены из мягкой хлопковой пряжи и объединены общим контрастным логотипом Brûler d’Amour. Дизайн и детали: 100% хлопок — тёплый, дышащий и приятный к телу материал. Жаккардовая вязка и вышивка логотипа. Чёрный цвет с фиолетовым логотипом и вышивкой Brûler d’Amour.","https://bruler.ru/accessories/setsignatureblack","https://bruler.ru/storage/products/g7CcGOInlyBwwAsIW5fnuozOGFpxtEvETg7lZNVN.jpg"
"Set “Signature” Gray","Brûler","accessories","Аксессуары","unisex","8990","RUB","Серый","мягкой хлопковой пряжи","","“Signature” — комплект из шапки и шарфа, созданный как единое целое. Оба изделия выполнены из мягкой хлопковой пряжи и объединены общим контрастным логотипом Brûler d’Amour. Дизайн и детали: 100% хлопок — тёплый, дышащий и приятный к телу материал. Жаккардовая вязка и вышивка логотипа. Серый цвет с чёрным логотипом и вышивкой Brûler d’Amour.","https://bruler.ru/accessories/setsignaturegray","https://bruler.ru/storage/products/KSSSaLDUckKDMdvUj51iR4MlpGp7qJcFHpbDqmQz.jpg"
"T-Shirt ""Le Début"" White ","Brûler","tops","Футболки","unisex","7890","RUB","Белый","","","Футболка с графикой, вдохновлённой утренними ритуалами. “Le Début” — это про внимание к деталям, которые наполняют жизнь. Дизайн и детали: 100% хлопок, плотность — 200 г/м², свободный крой с мягкой посадкой. Центральный акцент — принт с хлопьями и надписью Brûler d’Amour. Объемный силуэт с мягким плечом. Как носить: Без лишнего — с джинсами и массивными кроссовками С яркими спортивными шортами и кепкой — для расслабленного дневного образа. С пиджаком — принт становится акцентным элементом в строгом образе. Модель:Аня Рост:172 Вес:59 На Ане размер S Модель:Яша Рост:184 Вес:90 На Яше размер L","https://bruler.ru/t-shirts/tshirtflax","https://bruler.ru/storage/products/01JXCHXCD80B8VM9G58MP1XQC6.jpg"
"Sweater “Mosaïque” Dark blue","Brûler","tops","Свитера","unisex","14990","RUB","Синий","мягкой пряжи","XS,S,M,L,XL","“Mosaïque” — оверсайз свитер из мягкой пряжи. Спущенная линия плеча создаёт свободный силуэт, а лаконичная вышивка с логотипом на груди добавляет аккуратный акцент. Дизайн и детали: 45% полиэстер, 43% переработанный полиэстер, 10% акрил, 2% эластан — мягкая и износостойкая пряжа. Оверсайз силуэт со спущенной линией плеча. Темно-синий цвет, вышивка с логотипом на груди Как носить: С прямыми джинсами и пуховиком — тёплый вариант для холодной погоды. С классическими брюками и нейтральной обувью — аккуратный повседневно-классический образ. С тёмно-синими джинсами ""Patrimoine"" — универсальный сет на каждый день. Под кожаную куртку ""Cas"" или пальто — для чистой многослойности в межсезонье. Модель: Вито Рост: 181 Вес: 72 кг На Вито размер L Модель: Арина Рост: 172 Вес: 52 На Арине размер S","https://bruler.ru/sweaters/sweatermosaiqueblue","https://bruler.ru/storage/products/W2XmR0WkRG8Ure6B5uqlA2pG5b4KK4UUnc6TTk61.jpg"
"Hoodie ""Caisse"" Dark navy","Brûler","tops","Худи","unisex","15990","RUB","Тёмно-синий","премиального хлопка","XS,S,M,L,XL","“Caisse” — худи из премиального хлопка с меланжевыми вкраплениями. Свободный крой и спущенная линия плеча создают комфортный силуэт. На груди — лаконичная вышивка с логотипом Brûler, на спине — крупная вышивка с ироничной надписью. Дизайн и детали: 100% хлопок, плотность — 450 г/м², дышащий, приятный к телу. Оверсайз крой со спущенной линией плеча. Тёмно-синий цвет с меланжевыми вкраплениями, вышивка на груди и спине. Как носить: С тёмными широкими джинсами и высокими кедами — расслабленный стритстайл с упором на графику худи. С серыми спортивными штанами из коллекции ""Essentielle"" и массивными кроссовками — уютный повседневный образ в духе athleisure. Под пуховик и джинсы “Patrimoine” — образ для холодной погоды. Под шерстяное пальто oversize и тёмные прямые брюки — гармоничное сочетание классики и streetwear. Модель: Вито Рост: 181 Вес: 72 кг На Вито размер L Модель: Арина Рост: 172 Вес: 52 На Арине размер S","https://bruler.ru/hoodies/hoodiecaisse","https://bruler.ru/storage/products/z30knnUtLeWkGvs8ySDFLOVDephhw51TvgEH84vK.jpg"
"T-Shirt “Théâtre de marionnettes” Black","Brûler","tops","Футболки","unisex","7890","RUB","Чёрный","премиального хлопка","XS,S,M,L,XL","“Théâtre de marionnettes” — ресток одной из самых узнаваемых футболок Brûler d'Amour. Футболка оверсайз из премиального хлопка со спущенной линией плеча. На груди — фирменный графический принт с марионетками и крупным логотипом, на спине — вышивка Brûler d'Amour. Дизайн и детали: 100% хлопок, плотность — 300 г/м², дышащий, приятный к телу.. Оверсайз крой со спущенной линией плеча. Черный цвет, крупный графичный принт на груди, вышивка на спине. Как носить: С прямыми джинсами и бомбером — универсальный повседневный образ с акцентом на графику. С брюками и худи из коллекции ""Essentielle"" — футболка работает как акцентная деталь в спокойном базовом образе. С широкими брюками и дерби — неожиданный микс стритстайла и лёгкой классики. Под зип-худи, оставляя принт частично видимым — многослойный городской вариант. Модель: Вито Рост: 181 Вес: 72 кг На Вито размер L Модель: Арина Рост: 172 Вес: 52 На Арине размер S","https://bruler.ru/t-shirts/tshirtblacktheatredemarionnettes","https://bruler.ru/storage/products/Cvu0W8N2fjFqJgBm6qi6UU3uPCjGkKM0rvtrnIG5.jpg"
"T-Shirt “Eye” Black","Brûler","tops","Футболки","unisex","7890","RUB","Чёрный","премиального хлопка","XS,S,M,L,XL","“Eye” — ресток легендарной футболки Brûler d'Amour. Футболка оверсайз из премиального хлопка со спущенной линией плеча. На груди — крупный графичный принт с глазом и логотипом, передающий внутренний огонь бренда, на спине — вышивка логотипа Brûler d'Amour. Дизайн и детали: 100% хлопок, плотность — 300 г/м², дышащий, приятный к телу. Оверсайз крой со спущенной линией плеча. Чёрный цвет, крупный графичный принт на груди, вышивка на спине. Как носить: С широкими джинсами и лаконичными кроссовками — комфортный вариант для повседневных образов. С брюками и худи из коллекции ""Essentielle"" — футболка работает как акцентная деталь в спокойном базовом образе. С классическими прямыми джинсами и кожаной курткой — расслабленный городской вариант. Под зип-худи с прямыми брюками — простой и удобный повседневный вариант. Модель: Вито Рост: 181 Вес: 72 кг На Вито размер L Модель: Арина Рост: 172 Вес: 52 На Арине размер S","https://bruler.ru/t-shirts/tshirtblackeye","https://bruler.ru/storage/products/YMo1wSrp3UVp02ThbSWicZk8QnHjnILqJrLOAVbU.jpg"
"T-Shirt “Eye” White","Brûler","tops","Футболки","unisex","7890","RUB","Белый","премиального хлопка","XS,S,M,L,XL","“Eye” — ресток легендарной футболки Brûler d'Amour. Футболка оверсайз из премиального хлопка со спущенной линией плеча. На груди — крупный графичный принт с глазом и логотипом, передающий внутренний огонь бренда, на спине — вышивка логотипа Brûler d'Amour. Дизайн и детали: 100% хлопок, плотность — 300 г/м², дышащий, приятный к телу. Оверсайз крой со спущенной линией плеча. Белый цвет, крупный графичный принт на груди, вышивка на спине. Как носить: С широкими джинсами и лаконичными кроссовками — комфортный вариант для повседневных образов. С брюками и худи из коллекции ""Essentielle"" — футболка работает как акцентная деталь в спокойном базовом образе. С классическими прямыми джинсами и кожаной курткой — расслабленный городской вариант. Под зип-худи с прямыми брюками — простой и удобный повседневный вариант. Модель: Вито Рост: 181 Вес: 72 кг На Вито размер L Модель: Арина Рост: 172 Вес: 52 На Арине размер S","https://bruler.ru/t-shirts/tshirtwhiteeye","https://bruler.ru/storage/products/N2hiNgtr93j7obqGTf8Ty0fLTN8IILSsHwgVTzRh.jpg"
"T-Shirt “Théâtre de marionnettes” White","Brûler","tops","Футболки","unisex","7890","RUB","Белый","премиального хлопка","XS,S,M,L,XL","“Théâtre de marionnettes” — ресток одной из самых узнаваемых футболок Brûler d'Amour. Футболка оверсайз из премиального хлопка со спущенной линией плеча. На груди — фирменный графический принт с марионетками и крупным логотипом, на спине — вышивка Brûler d'Amour. Дизайн и детали: 100% хлопок, плотность — 300 г/м², дышащий, приятный к телу.. Оверсайз крой со спущенной линией плеча. Белый цвет, крупный графичный принт на груди, вышивка на спине. Как носить: С прямыми джинсами и бомбером — универсальный повседневный образ с акцентом на графику. С брюками и худи из коллекции ""Essentielle"" — футболка работает как акцентная деталь в спокойном базовом образе. С широкими брюками и дерби — неожиданный микс стритстайла и лёгкой классики. Под зип-худи, оставляя принт частично видимым — многослойный городской вариант. Модель: Вито Рост: 181 Вес: 72 кг На Вито размер L Модель: Арина Рост: 172 Вес: 52 На Арине размер S","https://bruler.ru/t-shirts/tshirtwhitetheatredemarionnettes","https://bruler.ru/storage/products/VRclD5jVafNKucgF4GJgqZkdL9NTVFWn367wQt0q.jpg"
"Hoodie “Pégase” Black","Brûler","tops","Худи","unisex","15990","RUB","Чёрный","премиального хлопка","XS,S,M,L,XL","“Pégase” — оверсайз худи из премиального хлопка. Лаконичный силуэт и глубокий чёрный цвет подчёркивают универсальность модели. Акцент — крупный принт с пегасом на груди. Дизайн и детали: 100% хлопок, плотность — 440 г/м², дышащий, приятный к телу. Свободный крой, спущенная линия плеча. Чёрный цвет, принт на груди. Как носить: С прямыми тёмно-синими джинсами и кроссовками — базовый вариант без лишних деталей. С серыми меланжевыми брюками прямого кроя — мягкий контраст и спокойный силуэт. Под лёгкую куртку или бомбер — аккуратная многослойность для прохладной погоды. С камуфляжными джинсами ""Archive Camo"" и простыми кроссовками — спокойный уличный образ с акцентом на принт худи. Модель: Вито Рост: 181 Вес: 72 кг На Вито размер L Модель: Арина Рост: 172 Вес: 52 На Арине размер S","https://bruler.ru/hoodies/hoodiepegaseblack","https://bruler.ru/storage/products/y8UmvfiQYhjUtTQizgqXMiekXPGH0ZBgkBzAGdXJ.jpg"
"Hoodie “Pégase” Grey melange","Brûler","tops","Худи","unisex","15990","RUB","Серый","премиального хлопка","XS,S,M,L,XL","“Pégase” — оверсайз худи из премиального хлопка. Лаконичный силуэт и серый меланжевый цвет подчёркивают универсальность модели. Акцент — крупный принт с пегасом на груди. Дизайн и детали: 100% хлопок, плотность — 440 г/м², дышащий, приятный к телу. Свободный крой, спущенная линия плеча. Серый меланжевый цвет, принт на груди. Как носить: С прямыми тёмно-синими джинсами и кроссовками — базовый вариант без лишних деталей. С серыми меланжевыми брюками прямого кроя — мягкий контраст и спокойный силуэт. Под лёгкую куртку или бомбер — аккуратная многослойность для прохладной погоды. С камуфляжными джинсами ""Archive Camo"" и простыми кроссовками — спокойный уличный образ с акцентом на принт худи. Модель: Вито Рост: 181 Вес: 72 кг На Вито размер L Модель: Арина Рост: 172 Вес: 52 На Арине размер S","https://bruler.ru/hoodies/hoodiepegasegrey","https://bruler.ru/storage/products/l4zG47vmkrlbw0jcxgiLaKFjzdJW7oiAkOjr2VgC.jpg"
"Puffer ""Sable""","Brûler","outerwear","Верхняя одежда","unisex","24990","RUB","","","S,M,L,XL","Puffer ""Sable"" — зимний пуховик со свободным силуэтом и крупным капюшоном с высоким воротником, защищающим лицо от ветра и осадков. Водоотталкивающий нейлон и натуральный пух гарантируют комфорт в морозы до –30 °C. Градиентный рисунок ткани и фирменные логотипы подчеркивают уникальный стиль модели. Дизайн и детали: 100% нейлон с водоотталкивающим покрытием. Утеплитель: 90% пух, 10% перо — лёгкий, удерживает тепло. Oversize-крой для комфорта и многослойных образов. Большой капюшон с высоким воротником для защиты от ветра. Накладные карманы на животе, карман на плече и два внутренних больших кармана. Серый цвет с вкраплениями розового; логотипы на груди и спине. Температурный режим: до −30 °C. Как носить: С джинсами прямого кроя и ботинками — для городского зимнего образа. Со спортивными брюками, базовым худи и зимними кроссовками — для максимального комфорта. С чёрными джинсами, тёплым свитером и кожаными ботинками — для холодных дней. Модель: Ильяс Рост: 187 Вес: 80 На Ильясе размер XL Модель: Соня Рост: 174 Вес: 58 На Соне размер S","https://bruler.ru/verxniaia-odezda/puffer","https://bruler.ru/storage/products/01K6MYVK8MHZGC4CX0AY650DCB.jpg"
"Puffer ""Sable""","Brûler","outerwear","Верхняя одежда","unisex","24990","RUB","","","S,M,L,XL","Puffer ""Sable"" — зимний пуховик со свободным силуэтом и крупным капюшоном с высоким воротником, защищающим лицо от ветра и осадков. Водоотталкивающий нейлон и натуральный пух гарантируют комфорт в морозы до –30 °C. Градиентный рисунок ткани и фирменные логотипы подчеркивают уникальный стиль модели. Дизайн и детали: 100% нейлон с водоотталкивающим покрытием. Утеплитель: 90% пух, 10% перо — лёгкий, удерживает тепло. Oversize-крой для комфорта и многослойных образов. Большой капюшон с высоким воротником для защиты от ветра. Накладные карманы на животе, карман на плече и два внутренних больших кармана. Чёрный цвет с вкраплениями серого; логотипы на груди и спине. Температурный режим: до −30 °C. Как носить: С джинсами прямого кроя и ботинками — для городского зимнего образа. Со спортивными брюками, базовым худи и зимними кроссовками — для максимального комфорта. С чёрными джинсами, тёплым свитером и кожаными ботинками — для холодных дней. Модель: Ильяс Рост: 187 Вес: 80 На Ильясе размер XL Модель: Соня Рост: 174 Вес: 58 На Соне размер S","https://bruler.ru/verxniaia-odezda/sabble","https://bruler.ru/storage/products/01K6N00JN8EY6TBZBTR0WXXRPJ.jpg"
"T-Shirt ""Logo de base 02"" White","Brûler","tops","Футболки","unisex","4990","RUB","Белый","премиального хлопка","XS,S,M,L,XL,XXL","""Logo de base 02"" — оверсайз футболка белого цвета из премиального хлопка. Свободный крой и минималистичный дизайн делают её универсальной основой любого гардероба. Изделие дополнено объёмным логотипом с эффектом металла. Дизайн и детали: 100% хлопок, плотность — 280 г/м², дышащий и прочный. Свободный крой со спущенным плечом. Белый цвет, патч с эффектом металла на груди. Классический круглый вырез. Как носить: С джинсами прямого кроя и кедами — универсальная повседневная комбинация. Под худи или зип в прохладную погоду — для многослойного и комфортного образа. С спортивными джоггерами и кроссовками — в спортивно-городском стиле. Под пиджак или кардиган — для баланса формальности и расслабленности. Модель: Дима Рост: 187 Вес: 85 На Диме размер L Модель: Лиза Рост: 176 Вес: 52 На Лизе размер S","https://bruler.ru/t-shirts/tshirtbasewhite","https://bruler.ru/storage/products/01K42J4THBZ3BZTWTY8ZVAT7R5.jpg"
"T-Shirt ""Logo de base 04"" Navy blue","Brûler","tops","Футболки","unisex","4990","RUB","Синий","премиального хлопка","XS,S,M,L,XL,XXL","""Logo de base 02"" — оверсайз футболка тёмно-синего цвета из премиального хлопка. Свободный крой и минималистичный дизайн делают её универсальной основой любого гардероба. Изделие дополнено объёмным логотипом с эффектом металла. Дизайн и детали: 100% хлопок, плотность — 280 г/м², дышащий и прочный. Свободный крой со спущенным плечом. Тёмно-синий цвет, патч с эффектом металла на груди. Классический круглый вырез. Как носить: С джинсами прямого кроя и кедами — универсальная повседневная комбинация. Под худи или зип в прохладную погоду — для многослойного и комфортного образа. С спортивными джоггерами и кроссовками — в спортивно-городском стиле. Под пиджак или кардиган — для баланса формальности и расслабленности. Модель: Дима Рост: 187 Вес: 85 На Диме размер L Модель: Лиза Рост: 176 Вес: 52 На Лизе размер S","https://bruler.ru/t-shirts/tshirtbaseblue","https://bruler.ru/storage/products/01K42MTJ6DNPW5KPKK7NXNYC27.jpg"
"Half-zip ""Logo de base 03"" Grey melange ","Brûler","tops","Half-zip","unisex","9990","RUB","Серый","премиального хлопка","XS,S,M,L,XL,XXL","""Logo de base 01"" — худи half-zip из премиального хлопка с реглан-рукавом для комфортной посадки. Лаконичный дизайн и серый меланжевый цвет позволяют легко сочетать изделие с любой одеждой. Изделие дополнено объёмным логотипом с эффектом металла. Дизайн и детали: 100% хлопок, плотность 480 г/м² — прочный, сохраняет форму. Укороченный свободный крой, реглан-рукав. Высокий ворот, короткая металлическая молния. Серый меланж, патч с эффектом металла на груди. Как носить: С джоггерами или спортивными брюками — для расслабленного городского образа. С классическими брюками и лоферами — для контраста спортивного и строгого стиля. С джинсами прямого кроя — универсальное повседневное сочетание. Под куртку или бомбер — на случай холодов. Модель: Дима Рост: 187 Вес: 85 На Диме размер L Модель: Лиза Рост: 176 Вес: 52 На Лизе размер S","https://bruler.ru/half-zips/halfzipbasegrey","https://bruler.ru/storage/products/01K428MDR04RBRJ9947TABGGTD.jpg"
"Zip-Hoodie ""Logo de base 03"" Grey melange","Brûler","tops","Зип-худи","unisex","10990","RUB","Серый","премиального хлопка","XS,S,M,L,XL,XXL","""Logo de base 01"" — зип-худи из премиального хлопка с плотной текстурой и комфортной посадкой. Лаконичный дизайн и серый меланжевый цвет позволяют легко сочетать её с любой одеждой. Изделие дополнено объёмным логотипом с эффектом металла. Дизайн и детали: 100% хлопок, плотность 480 г/м² — прочный, сохраняет форму. Свободный крой, спущенная линия плеча. Капюшон, металлическая молния. Цвет меланж, патч с эффектом металла на груди. Как носить: С оверсайз джоггерами футболкой — для комфортного городского образа. С джинсами и кепкой — универсальный повседневный вариант. В расстёгнутом виде с шортами и футболкой — для лёгкого многослойного аутфита. Модель: Дима Рост: 187 Вес: 85 На Диме размер L Модель: Лиза Рост: 176 Вес: 52 На Лизе размер S","https://bruler.ru/zip-hoodies/ziphoodiebasegrey","https://bruler.ru/storage/products/01K42GSYR3G31DM4PTT67RVJMS.jpg"
"Pants ""Logo de base 01"" Grey melange","Brûler","bottoms","Брюки","unisex","7990","RUB","Серый","премиального хлопка","","""Logo de base 01"" — оверсайз джоггеры серого меланжевого цвета из премиального хлопка без начёса. Свободный крой и эластичные элементы обеспечивают комфорт, а нейтральный оттенок легко сочетается с любым гардеробом. Изделие дополнено объёмным логотипом с эффектом металла. Дизайн и детали: 100% хлопок, плотность 480 г/м² — прочный, сохраняет форму. Свободный крой, пояс и низ на резинке. Карманы с отделкой из трикотажа. Серый меланж, патч с эффектом металла на груди. Как носить: С худи или футболкой из коллекции essentielle — для цельного, монохромного образа. C пиджаком и кепкой — для расслабленного микса классики и спорта. С лонгсливом и бомбером — для многослойности в межсезонье. С футболкой и кроссовками — универсальный повседневный вариант. Модель: Дима Рост: 187 Вес: 85 На Диме размер S-M Модель: Лиза Рост: 176 Вес: 52 На Лизе размер S-М","https://bruler.ru/briuki/pantsbasegrey","https://bruler.ru/storage/products/01K42EKTQJNFMQ9N1F7G63KPF8.jpg"
"T-Shirt ""Logo de base 03"" Grey melange","Brûler","tops","Футболки","unisex","4990","RUB","Серый","премиального хлопка","XS,S,M,L,XL,XXL","""Logo de base 02"" — оверсайз футболка меланж из премиального хлопка. Свободный крой и минималистичный дизайн делают её универсальной основой любого гардероба. Изделие дополнено объёмным логотипом с эффектом металла. Дизайн и детали: 100% хлопок, плотность — 280 г/м², дышащий и прочный. Свободный крой со спущенным плечом. Цвет меланж, патч с эффектом металла на груди. Классический круглый вырез. Как носить: С джинсами прямого кроя и кедами — универсальная повседневная комбинация. Под худи или зип в прохладную погоду — для многослойного и комфортного образа. С спортивными джоггерами и кроссовками — в спортивно-городском стиле. Под пиджак или кардиган — для баланса формальности и расслабленности. Модель: Дима Рост: 187 Вес: 85 На Диме размер L Модель: Лиза Рост: 176 Вес: 52 На Лизе размер S","https://bruler.ru/t-shirts/tshirtbasegrey","https://bruler.ru/storage/products/01K42M9ETGCPZS1VGPXHT7XPD0.jpg"
"Hoodie ""Logo de base 04"" Navy blue","Brûler","tops","Худи","unisex","9990","RUB","Синий","премиального хлопка","XS,S,M,L,XL,XXL","""Logo de base 01"" — худи из премиального хлопка с плотной текстурой и комфортной посадкой. Лаконичный дизайн и тёмно-синий цвет делают её универсальной базой любого гардероба. Изделие дополнено объёмным логотипом с эффектом металла. Дизайн и детали: 100% хлопок, плотность 480 г/м² — прочный, сохраняет форму. Свободный крой, спущенная линия плеча. Тёмно-синий цвет, патч с эффектом металла на груди. Как носить: Со спортивными брюками и кроссовками — для комфортного повседневного образа. С джинсами прямого кроя — универсальное сочетание на каждый день. С шортами и кроссовками — для тёплой погоды. Под куртку или бомбер — при холодах или для многослойности. Модель: Дима Рост: 187 Вес: 85 На Диме размер L Модель: Лиза Рост: 176 Вес: 52 На Лизе размер S","https://bruler.ru/hoodies/hoodiebaseblue","https://bruler.ru/storage/products/01K4266YM5YSCN88A92SNDX2DK.jpg"
"T-Shirt ""Cent pour cent"" Milk","Brûler","tops","Футболки","unisex","7890","RUB","Молочный","плотного хлопка","XS,S,M,L,XL","Футболка с прямым кроем и спокойным молочным оттенком. “Cent pour cent” — когда базовая вещь становится высказыванием. Дизайн и детали: Молочный цвет легко сочетается с другими базовыми оттенками. Принт нежно-фиолетового цвета на спине с фразой Brûler d’Amour Éternelle. Свободный крой, 100% хлопок, плотность — 300 г/м². Как носить: С шортами из плотного хлопка, бейсболкой и кроссовками — идеальный вариант для городского лета. Расслабленный вариант — частично заправленная футболка в шорты. С юбкой и массивными украшениями — контраст фактур. Модель:Яша Рост:184 Вес:90 На Яше размер L Модель:Аня Рост:172 Вес:59 На Ане размер S","https://bruler.ru/t-shirts/tshirtmilk","https://bruler.ru/storage/products/01JXCY55SZCARZ7TA18T3Q340W.jpg"
"Zip-Hoodie ""Logo de base 04"" Navy blue","Brûler","tops","Зип-худи","unisex","10990","RUB","Синий","премиального хлопка","XS,S,M,L,XL,XXL","""Logo de base 01"" — зип-худи из премиального хлопка с плотной текстурой и комфортной посадкой. Лаконичный дизайн и тёмно-синий цвет позволяют легко сочетать её с любой одеждой. Изделие дополнено объёмным логотипом с эффектом металла. Дизайн и детали: 100% хлопок, плотность 480 г/м² — прочный, сохраняет форму. Свободный крой, спущенная линия плеча. Капюшон, металлическая молния. Тёмно-синий цвет, патч с эффектом металла на груди. Как носить: С оверсайз джоггерами футболкой — для комфортного городского образа. С джинсами и кепкой — универсальный повседневный вариант. В расстёгнутом виде с шортами и футболкой — для лёгкого многослойного аутфита. Модель: Дима Рост: 187 Вес: 85 На Диме размер L Модель: Лиза Рост: 176 Вес: 52 На Лизе размер S","https://bruler.ru/zip-hoodies/ziphoodiebaseblue","https://bruler.ru/storage/products/01K42HDYWCJHGBM0CMN0PR02GZ.jpg"
"Zip-hoodie ""Jardin de Lavande"" Purple","Brûler","tops","Зип-худи","unisex","16990","RUB","Фиолетовый","","XS,S,M,L,XL","Зип-худи с выразительным сиреневым цветом. ""Jardin de Lavande"" добавляет глубины даже в самый простой образ. Дизайн и детали: Глубокий сиреневый цвет, небольшая вышивка на груди. Молния по всей длине, спущенная линия плеч, и объемный силуэт. 100% хлопок, плотность — 480 г/м². Как носить: Поверх белой футболки и джинсов — для универсального образа на каждый день. С мини-юбкой и высокими носками — мягкий верх уравновешивается графичным низом. Сочетание с расклешенными джинсами и мюли — для ретро-образа с новой подачей. Модель:Аня Рост:172 Вес:59 На Ане размер L Модель:Яша Рост:184 Вес:90 На Яше размер L","https://bruler.ru/zip-hoodies/prplzip","https://bruler.ru/storage/products/01JXCH6MRPX65F5T6METFKF851.jpg"
"Pants ""Logo de base 01"" Black","Brûler","bottoms","Брюки","unisex","7990","RUB","Чёрный","премиального хлопка","XS,S,M,L,XL,XXL","""Logo de base 01"" — спортивные брюки чёрного цвета из премиального хлопка без начёса. Свободный крой и функциональные детали делают их комфортной базой, которую легко сочетать с любой одеждой. Изделие дополнено объёмным логотипом с эффектом металла. Дизайн и детали: 100% хлопок, плотность 480 г/м² — прочный, сохраняет форму. Свободный крой, пояс на резинке с регулировкой на шнурке. Низ брючин на стопперах. Карманы с отделкой из трикотажа. Чёрный цвет, патч с эффектом металла на груди. Как носить: С худи или футболкой из коллекции essentielle — для цельного, монохромного образа. C пиджаком и кепкой — для расслабленного микса классики и спорта. С лонгсливом и жилетом — для многослойности в межсезонье. С футболкой и кроссовками — универсальный повседневный вариант. Модель: Дима Рост: 187 Вес: 85 На Диме размер L Модель: Лиза Рост: 176 Вес: 52 На Лизе размер S","https://bruler.ru/briuki/pantsbaseblack","https://bruler.ru/storage/products/01K42E2ZW666HBSEJCS9SV5W1J.jpg"
"T-Shirt ""Logo de base 01"" Black","Brûler","tops","Футболки","unisex","4990","RUB","Чёрный","премиального хлопка","XS,S,M,L,XL,XXL","""Logo de base 02"" — оверсайз футболка чёрного цвета из премиального хлопка. Свободный крой и минималистичный дизайн делают её универсальной основой любого гардероба. Изделие дополнено объёмным логотипом с эффектом металла. Дизайн и детали: 100% хлопок, плотность — 280 г/м², дышащий и прочный. Свободный крой со спущенным плечом. Чёрный цвет, патч с эффектом металла на груди. Классический круглый вырез. Как носить: С джинсами прямого кроя и кедами — универсальная повседневная комбинация. Под худи или зип в прохладную погоду — для многослойного и комфортного образа. С спортивными джоггерами и кроссовками — в спортивно-городском стиле. Под пиджак или кардиган — для баланса формальности и расслабленности. Модель: Дима Рост: 187 Вес: 85 На Диме размер L Модель: Лиза Рост: 176 Вес: 52 На Лизе размер S","https://bruler.ru/t-shirts/tshirtbaseblack","https://bruler.ru/storage/products/01K42K11S499F11SWSGJGZF2R4.jpg"
"Hoodie ""Logo de base 01"" Black","Brûler","tops","Худи","unisex","9990","RUB","Чёрный","премиального хлопка","XS,S,M,L,XL,XXL","""Logo de base 01"" — худи из премиального хлопка с плотной текстурой и комфортной посадкой. Лаконичный дизайн и чёрный цвет делают её универсальной базой любого гардероба. Изделие дополнено объёмным логотипом с эффектом металла. Дизайн и детали: 100% хлопок, плотность 480 г/м² — прочный, сохраняет форму. Свободный крой, спущенная линия плеча. Чёрный цвет, патч с эффектом металла на груди. Как носить: Со спортивными брюками и кроссовками — для комфортного повседневного образа. С джинсами прямого кроя — универсальное сочетание на каждый день. С шортами и кроссовками — для тёплой погоды. Под куртку или бомбер — при холодах или для многослойности. Модель: Дима Рост: 187 Вес: 85 На Диме размер L Модель: Лиза Рост: 176 Вес: 52 На Лизе размер S","https://bruler.ru/hoodies/hoodiebaseblack","https://bruler.ru/storage/products/01K4256DN8XD4G2WK7H2Y4PHX1.jpg"
"T-Shirt “Matches” Black","Brûler","tops","Футболки","unisex","7890","RUB","Чёрный","премиального хлопка","XS,S,M,L,XL","“Matches” — ресток легендарной футболки Brûler d'Amour. Футболка оверсайз из премиального хлопка со спущенной линией плеча. На груди — лаконичный логотип Brûler, на спине — принт с коробкой спичек, в котором заложен смысл бренда: гореть от любви. Дизайн и детали: 100% хлопок, плотность — 300 г/м², дышащий, приятный к телу. Оверсайз крой со спущенной линией плеча. Чёрный цвет, логотип на груди и принт с коробкой спичек на спине. Как носить: С винтажными прямыми джинсами — спокойный образ с акцентом на принт. С брюками и худи из коллекции ""Essentielle"" — футболка работает как акцентная деталь в спокойном базовом образе. С широкими джинсами и минималистичными кроссовками — расслабленный городской вариант. Под зип-худи с прямыми брюками — простой и удобный повседневный вариант. Модель: Вито Рост: 181 Вес: 72 кг На Вито размер L Модель: Арина Рост: 172 Вес: 52 На Арине размер S","https://bruler.ru/t-shirts/tshirtmatchesblack","https://bruler.ru/storage/products/tUuIRlkR1wctCiN3BTUNdMUvbWjqni3Qkhy5Pnux.jpg"
"T-Shirt “Matches” White","Brûler","tops","Футболки","unisex","7890","RUB","Белый","премиального хлопка","XS,S,M,L,XL","“Matches” — ресток легендарной футболки Brûler d'Amour. Футболка оверсайз из премиального хлопка со спущенной линией плеча. На груди — лаконичный логотип Brûler, на спине — принт с коробкой спичек, в котором заложен смысл бренда: гореть от любви. Дизайн и детали: 100% хлопок, плотность — 300 г/м², дышащий, приятный к телу. Оверсайз крой со спущенной линией плеча. Белый цвет, логотип на груди и принт с коробкой спичек на спине. Как носить: С винтажными прямыми джинсами — спокойный образ с акцентом на принт. С брюками и худи из коллекции ""Essentielle"" — футболка работает как акцентная деталь в спокойном базовом образе. С широкими джинсами и минималистичными кроссовками — расслабленный городской вариант. Под зип-худи с прямыми брюками — простой и удобный повседневный вариант. Модель: Вито Рост: 181 Вес: 72 кг На Вито размер L Модель: Арина Рост: 172 Вес: 52 На Арине размер S","https://bruler.ru/t-shirts/tshirtmatcheswhite","https://bruler.ru/storage/products/01KB06V061R4892G8XD3XRKD1Y.jpg"
"T-Shirt ""Le bon départ"" White","Brûler","tops","Футболки","unisex","7890","RUB","Белый","","XS,S,M,L,XL","Футболка с ироничной графикой и чистой формой. “Le bon départ” — про то, как утро может задать ритм целому дню. Дизайн и детали: Чистый белый цвет — универсальная база. Принт с тарелкой спаржи и надписью Magie du matin. Свободный прямой крой, 100% хлопок, плотность — 300 г/м² Как носить: С шортами-бермудами и сандалиями — идеальный образ на тёплую погоду. В сочетании с джинсами и кедами футболка становится повседневной базой с акцентом. Повседневная графика удачно контрастирует со строгостью оверсайз-пиджака и широких брюк. Модель:Аня Рост:172 Вес:59 На Ане размер S Модель:Яша Рост:184 Вес:90 На Яше размер L","https://bruler.ru/t-shirts/tshirtsprg","https://bruler.ru/storage/products/01JXCJRBZ419FJ8HR72RX9NZH9.jpg"
"T-Shirt ""Fleurs de l’Aube"" Purple ","Brûler","tops","Футболки","unisex","7890","RUB","Фиолетовый","","XS,S,M,L,XL","Футболка с принтом и глубоким сиреневым оттенком. ""Fleurs de l’Aube"" — вещь с мягким настроением и яркими деталями. Дизайн и детали: Натуральный 100% хлопок с плотностью 300 г/м² Объёмный принт на груди — цветы и надпись, которые становятся акцентом. Свободный прямой крой, комфортная посадка, глубокий цвет. Как носить: Классика с акцентом — белые или кремовые джинсы на контрасте подчеркивают глубину оттенка. Под верхним слоем в виде жакета или зип-худи футболка работает как интересный акцент. С темным низом и грубой обувью создается выразительный контраст форм и фактур. Модель:Аня Рост:172 Вес:59 На Ане размер S Модель:Яша Рост:184 Вес:90 На Яше размер L","https://bruler.ru/t-shirts/prpltshrt","https://bruler.ru/storage/products/01JXCHHH8JY952WM9FFKK9Y0V2.jpg"
"Socks “Éssentiel” White","Brûler","accessories","Аксессуары","unisex","590","RUB","Белый","мягкого белого хлопка","","Носки “Éssentiel” — универсальная базовая пара из мягкого белого хлопка. Аккуратный фирменный логотип Brûler d’Amour делает дизайн минималистичным, но узнаваемым. Универсальная посадка, комфортная текстура и чистый белый оттенок — идеальная основа для повседневных образов. Дизайн и детали: 100% хлопок — мягкий, дышащий и комфортный в носке. Чистый белый цвет. Фирменный логотип Brûler d’Amour как аккуратный акцент.","https://bruler.ru/accessories/socksessentielwhite","https://bruler.ru/storage/products/01KC6TYAWPN8Y8D7JT49TSDG63.jpg"
"Socks “Tricoté” Milk","Brûler","accessories","Аксессуары","unisex","590","RUB","Молочный","","","Носки “Tricoté” — базовая пара в мягком молочном оттенке с аккуратным провязанным рисунком косы. Объёмная фактура добавляет выразительности, оставаясь в рамках минималистичного повседневного стиля. Благодаря природной мягкости хлопка и удобной посадке они идеально подходят для ежедневной носки. Дизайн и детали: 100% хлопок — мягкий, дышащий и комфортный в носке. Молочный цвет, универсальный и чистый. Провязанный рисунок косы по всей длине — аккуратный фактурный акцент.","https://bruler.ru/accessories/sockstricotemilk","https://bruler.ru/storage/products/RyB2Th27kZc088lOFIgo0x0Fqra3WdrLOeUfg3UH.png"
"Hoodie ""Temps de Liberté"" Red ","Brûler","tops","Худи","unisex","15990","RUB","Красный","","XS,S,M,L,XL,XXL","""Temps de Liberté"" — худи с манифестом прямо на груди: La liberté est un style — свобода — это стиль. Красный цвет, плотная ткань и свободный силуэт создают уверенный и выразительный образ. Дизайн и детали: 100% хлопок высокой плотности 480 г/м² — прочный, комфортный и сохраняющий форму. Крупный принт на груди в винтажной стилистике. Объёмный капюшон и вместительный карман-кенгуру. Как носить: С джинсами ""Skateur Fantôme"" — для расслабленного городского образа. Поверх футболки — как самостоятельный верх. Худи хорошо сочетается с бейсболкой и кроссовками, создавая уличный силуэт с характером. Допускаются незначительные отличия в цвете из-за особенностей технологии финишинга* Модель: Соня Рост: 174 Вес: 58 На Соне размер L Модель: Влад Рост: 182 Вес: 85 На Владе размер L","https://bruler.ru/hoodies/hoodietempsred","https://bruler.ru/storage/products/01JZR0MM7G9QGRGC6J356BJ412.jpg"
"Zip-Hoodie ""Jardin de Lavande"" Black","Brûler","tops","Зип-худи","unisex","16990","RUB","Чёрный","","XS,S,M,L,XL","Черный худи с акцентной вышивкой. ""Jardin de Lavande"" — спокойная база с характером. Дизайн и детали: Минималистичная вышивка на груди в лавандовом оттенке. Хлопок с мягкой внутренней поверхностью, плотность — 480 г/м². Классический крой с легким объемом, спущенное плечо. Как носить: Сочетание с джоггерами или прямыми брюками формирует сбалансированный силуэт. Как верхний слой поверх футболки или лонгслива с принтом. С яркими аксессуарами — сумкой, обувью или кепкой, чтобы усилить акцент на вышивке. Модель:Аня Рост:172 Вес:59 На Ане размер L Модель:Яша Рост:184 Вес:90 На Яше размер L","https://bruler.ru/zip-hoodies/ziphoodblc","https://bruler.ru/storage/products/01JXCJB01X29KPC1DAP4H5T4FV.jpg"
"Pants ""L’Éveil"" Milk","Brûler","bottoms","Брюки","unisex","14490","RUB","Молочный","","S,M,L,XL","Светлый цвет, прямой крой и ничего лишнего. “L’Éveil” — база, которую не нужно объяснять. Дизайн и детали: Материал — 100% хлопок, плотность — 480 г/м². Молочный цвет, прямой крой от бедра. Эластичный пояс со шнурком. Как носить: В комплекте с худи “Étoile avant l’aube” — собранный расслабленный образ. Для баланса объема – с укороченным топом или приталенной рубашкой. Базовые сандалии и яркий верх — для легкого летнего силуэта. Модель:Аня Рост:172 Вес:59 На Ане размер L Модель:Яша Рост:184 Вес:90 На Яше размер L","https://bruler.ru/briuki/pantsmilk","https://bruler.ru/storage/products/01JXCM5DV63XVS7ERWZ7PPK3HM.jpg"
"Zip-Hoodie ""Étoile avant l’aube"" Milk","Brûler","tops","Зип-худи","unisex","16990","RUB","Молочный","","XS,S,M,L,XL","Зип-худи молочного оттенка, свободная посадка и базовый оверсайз силуэт. Дизайн и детали: Молочный оттенок — светлая база, которая не теряется в образе. Акцент в виде принта на спине Свободный крой и 100% хлопок с плотностью - 480 г/м². Как носить: Total look с брюками “L’Éveil” и базовыми кедами. Поверх футболки или лонгслива с принтом. Модель:Аня Рост:172 Вес:59 На Ане размер L Модель:Яша Рост:184 Вес:90 На Яше размер L","https://bruler.ru/zip-hoodies/ziphoodiemilkstar","https://bruler.ru/storage/products/01JXCKGV90P1V6GHPZ856CVJET.jpg"
"Sweatshirt ""Amour Vintage"" Brown","Brûler","tops","Худи","unisex","14890","RUB","Коричневый","","XS,S,M,L,XL","Свитшот ""Amour Vintage"" — это отсылка к эстетике винтажного спорта и униформы старших классов. Глубокий шоколадный оттенок и объёмная вышивка в стиле бейсбольных лого придают образу теплоту, уверенность и лёгкий налёт прошлого. Дизайн и детали: 100% хлопок, плотность — 480 г/м², — прочный, комфортный и сохраняющий форму. Оверсайз крой, мягкая посадка, спущенное плечо. Фирменная вышивка Brûler в винтажном стиле. Эластичные манжеты и пояс. Как носить: С прямыми джинсами и бейсболкой — для повседневного городского образа. В паре с шортами и высокими носками — уличный стиль с акцентом на спорт. Можно сочетать с рубашкой под низ для расслабленного вайба. Модель: Влад Рост: 182 Вес: 85 На Владе размер L","https://bruler.ru/hoodies/sweatshirtamour","https://bruler.ru/storage/products/01JZMZGZ2N0CA88CBE333J9YRZ.jpg"
"T-Shirt ""Souvenir Magnétique"" Melange","Brûler","tops","Футболки","unisex","7890","RUB","Меланж","","","Футболка ""Souvenir Magnétique"" будто собрана из старых VHS, кассет и рекламных листовок. Принт напоминает о времени, когда музыка звучала с магнитной ленты, а каждая вещь — была воспоминанием. Дизайн и детали: 100% хлопок, плотность — 300 г/м², свободный крой с мягкой посадкой. Меланжевый оттенок и принт в духе коллажа из 90-х. Классический круглый вырез, оверсайз силуэт. Как носить: С винтажными джинсами и кедами — для образа, в котором хочется зависнуть на скейт-площадке. Поверх лонгслива «Basic» в оттенке Cannoli Cream — для многослойного образа. Поверх — расстёгнутая рубашка или худи. Модель: Влад Рост: 182 Вес: 85 На Владе размер L Модель: Соня Рост: 174 Вес: 58 На Соне размер S","https://bruler.ru/t-shirts/tshirtsouvenir","https://bruler.ru/storage/products/01JZN3F4PYPY0NF0R7AV3H7499.jpg"
"Jeans ""Ligne Blanche"" Blue","Brûler","bottoms","Джинсы","unisex","14990","RUB","Синий","","S,M,L,XL","Jeans ""Ligne Blanche"" Blue Джинсы, в которых классика переосмыслена через графику и комфорт. ""Ligne Blanche"" — это простота, которая работает на детали, и детали, которые делают форму особенной. Дизайн и детали: Модель:Марина Рост:173 см На Марине размер: S Модель:Александр Рост:190 см На Марине размер: L Белые канты с двух сторон — графичный акцент, вытягивает силуэт и добавляет строгость. Эластичный пояс — комфортная посадка и лёгкость в повседневной носке. Свободный крой — расслабленная форма без лишнего объема под разные стили. Как носить: Минимализм — сочетание с белой футболкой или рубашкой на выпуск подчёркивает чистоту линий. Джинсы легко вписываются в образы с худи, базовыми лонгсливами и кроссовками. Свободная классика — сочетайте с топом, удлинённым жакетом и плоской обувью для баланса в образе.","https://bruler.ru/jeans/jeans","https://bruler.ru/storage/products/01JSERN2XW9WPJJ5468T321VNA.jpg"
"Bag ""Rue 90"" Milk","Brûler","accessories","Аксессуары","unisex","5990","RUB","Молочный","","","Сумка ""Rue 90"" — нейтральная база, которая впишется в любой гардероб. Молочный оттенок и лаконичный принт делают её универсальным аксессуаром на каждый день. Дизайн и детали: Плотный хлопковый материал, мягкая форма, удобные ручки. Молочный цвет и принт Brûler. Вместительное основное отделение. Как носить: С футболкой и джинсовыми шортами — лёгкий повседневный образ для тёплой погоды. В паре с худи и прямыми брюками — как акцентный элемент в уличной стилистике. Берите с собой в поездки — вместительная и удобная для смены ритма.","https://bruler.ru/accessories/bagrue","https://bruler.ru/storage/products/01JZN2S8ZCAJCZ18H2T8EBHD6W.jpg"