uid,name,brand,sku,price,price_old,currency,color,silhouette,fabric,length,neckline,sleeve,category,gender,sizes,description,all_characteristics,product_url,photo_url,photo_urls,photo_count,in_stock
200789702892,Christi A-1255,Christi Couture,,657000,840000,RUB,,А-силуэт,,,,,wedding_dress,female,,"Роскошное платье из английской ткани микадо цвета off-white с выразительными 3D-цветами и изящным шлейфом. В комплекте — болеро на плечи, позволяющее сделать образ более сдержанным и вариативным. Размер корректируется при подгонке платья. На сайте указана цена продажи.",Силуэт: А-силуэт,https://christiwedding.ru/catalog/tproduct/157878057-200789702892-christi-a-1255,https://static.tildacdn.com/stor6466-6337-4939-b034-653938386561/335ed24f957e291aaeaaf60c6aacab69.jpg,https://static.tildacdn.com/stor6466-6337-4939-b034-653938386561/335ed24f957e291aaeaaf60c6aacab69.jpg | https://static.tildacdn.com/stor3337-6665-4534-b831-613732353362/533e3f97803b6d6350ed41ca513f0516.jpg | https://static.tildacdn.com/stor3737-6664-4133-a164-386563316237/46fc8c543e206d709edaddcd45cb2a61.jpg | https://static.tildacdn.com/stor6338-3164-4931-b636-616437653230/c76b6d4d55031d61ba4f2f359df34934.jpg | https://static.tildacdn.com/stor6432-6665-4439-b666-303230383230/efe1221474bac822a5ee768c53fbe6ad.jpg | https://static.tildacdn.com/stor6333-3961-4366-b366-646133326230/4e382d07471f1f5d07a71047b4ad23d4.jpg,6,true
377417394632,Christi A-1308,Christi Couture,,728000,880000,RUB,,А-силуэт,,,,,wedding_dress,female,,Французское кружево Chantille будто дышит светом и утончённостью. Лёгкое мерцание создаёт ауру нежного сияния вокруг каждой линии силуэта. Расшитая фата превращает её появление в настоящий кинематографичный момент. Размер корректируется при подгонке платья. На сайте указана цена продажи.,Силуэт: А-силуэт,https://christiwedding.ru/catalog/tproduct/157878057-377417394632-christi-a-1308,https://static.tildacdn.com/stor3338-3663-4635-a130-633034313739/f87c1c5cc6eeb6cc81086b46e7dfcff8.jpg,https://static.tildacdn.com/stor3338-3663-4635-a130-633034313739/f87c1c5cc6eeb6cc81086b46e7dfcff8.jpg | https://static.tildacdn.com/stor3635-3937-4438-a362-613265636163/938ff86e6d4f6f0c1351d666f7c373de.jpg | https://static.tildacdn.com/stor3738-3936-4833-b265-663836313837/201d4daccad931fff499967b37c22e2a.jpg | https://static.tildacdn.com/stor6536-3337-4465-a637-613434383238/8c5beefd54ea7c86a85c3460e3e0771d.jpg | https://static.tildacdn.com/stor3534-3835-4465-b739-353236343033/4eb2d12d6d55e62300774e07488b43c3.jpg,5,true
503455547852,Christi A-1310,Christi Couture,,733000,890000,RUB,,А-силуэт,,,,,wedding_dress,female,,"Роскошное платье с заниженной талией, украшенное ручной вышивкой с объёмными 3D-цветами — каждый лепесток словно расцветает. В комплекте идет расшитая цветами фата. Размер корректируется при подгонке платья. На сайте указана цена продажи.",Силуэт: А-силуэт; Силуэт: Прямой,https://christiwedding.ru/catalog/tproduct/157878057-503455547852-christi-a-1310,https://static.tildacdn.com/stor6661-3062-4535-b761-343232383064/ceb3a00ebef6d88f2dbac7edf99673c0.jpg,https://static.tildacdn.com/stor6661-3062-4535-b761-343232383064/ceb3a00ebef6d88f2dbac7edf99673c0.jpg | https://static.tildacdn.com/stor3739-6134-4262-b032-373065333433/f0d47d8a2535ad7645ca9689362a8208.jpg | https://static.tildacdn.com/stor3637-3534-4466-b535-356263656165/f1fa6996a9888fb0915aadece8ed90c6.jpg | https://static.tildacdn.com/stor3239-6337-4561-b164-386331373066/d6737f5d4c8b1aae43be752a4d0089f6.jpg | https://static.tildacdn.com/stor3461-3961-4230-a438-646131376234/9993793e21800b02be07600cd21e73d8.jpg,5,true
298386645102,Christi S-1311,Christi Couture,,290000,398000,RUB,,Прямой,,,,,wedding_dress,female,,Платье мини из плотного шелка со съемным шлейфом. Украшено особыми камнями и мелким жемчугом. Размер корректируется при подгонке платья. На сайте указана цена продажи.,Силуэт: Прямой; Силуэт: А-силуэт,https://christiwedding.ru/catalog/tproduct/157878057-298386645102-christi-s-1311,https://static.tildacdn.com/stor6465-6166-4431-b935-386635616165/031201f1ad8ef111e4807b670c0741b7.jpg,https://static.tildacdn.com/stor6465-6166-4431-b935-386635616165/031201f1ad8ef111e4807b670c0741b7.jpg | https://static.tildacdn.com/stor6263-6232-4535-b330-383637646239/9e328a316d329bd8b8a0d9059f4a83c1.jpg | https://static.tildacdn.com/stor3730-3265-4237-b033-636230303438/b4cdf46936369aafa0fcb5c9137fa7a4.jpg,3,true
584181309882,Christi S-1230,Christi Couture,,295000,375000,RUB,,Прямой,,,,,wedding_dress,female,,"Силуэтное платье из матового атласа очерчивает фигуру мягким, благородным светом. Особая драпировка подчёркивает самые нежные изгибы. Минимализм, который говорит громче роскоши. Размер корректируется при подгонке платья. На сайте указана цена продажи.",Силуэт: Прямой,https://christiwedding.ru/catalog/tproduct/157878057-584181309882-christi-s-1230,https://static.tildacdn.com/stor6639-6431-4664-a330-326530383039/ebd8eb724287c00c176845ea09ec7f67.jpg,https://static.tildacdn.com/stor6639-6431-4664-a330-326530383039/ebd8eb724287c00c176845ea09ec7f67.jpg | https://static.tildacdn.com/stor3936-3833-4434-a161-663633653166/c684ea02d9d6324bd52e96ab69f77a16.jpg | https://static.tildacdn.com/stor3066-6431-4730-b330-643364376236/ad0cd81e137bc2ec18d786eeb8e45c5d.jpg | https://static.tildacdn.com/stor3166-3334-4865-a336-396136373630/78e76fc16069264a73c051be474e18ce.jpg | https://static.tildacdn.com/stor6464-6665-4362-b064-303361643237/a32a0da45cacb6a5d105a6b4857a6456.jpg,5,true
217382386132,Christi A-1305,Christi Couture,,725000,890000,RUB,,Прямой,,,,,wedding_dress,female,,Платье с заниженной талией из мерцающего плотного атласа и тонкого фатина. В комплекте идет расшитая цветами фата. Размер корректируется при подгонке платья. На сайте указана цена продажи.,Силуэт: Прямой; Силуэт: А-силуэт,https://christiwedding.ru/catalog/tproduct/157878057-217382386132-christi-a-1305,https://static.tildacdn.com/stor6437-3961-4139-a333-663732613138/e3ca7bad8f30d89e36590577b31bcd03.jpg,https://static.tildacdn.com/stor6437-3961-4139-a333-663732613138/e3ca7bad8f30d89e36590577b31bcd03.jpg | https://static.tildacdn.com/stor3633-3462-4535-a133-396338663332/3ce9adaddf39293eeb7e7790c572bf9d.jpg | https://static.tildacdn.com/stor3263-6265-4534-b730-633461396639/ecc6ece7f43a8fec8a845f08abe041b5.jpg | https://static.tildacdn.com/stor6335-6537-4235-b765-613234326239/f44972fbc28a296374e3bfda14c3f167.jpg | https://static.tildacdn.com/stor3032-6131-4363-b637-366164316638/7f60e79419c289e205ce6c50c53e4e71.jpg,5,true
869168926132,Christi S-1251,Christi Couture,,510000,0,RUB,,Прямой,,,,,wedding_dress,female,,"Французское кружево, выстроенное в изящный силуэт. Эксклюзивно в Christi. Размер корректируется при подгонке платья. На сайте указана цена продажи.",Силуэт: Прямой,https://christiwedding.ru/catalog/tproduct/157878057-869168926132-christi-s-1251,https://static.tildacdn.com/stor6561-3465-4631-b934-623763373265/80da01c63a36e633586b1031980192f8.jpg,https://static.tildacdn.com/stor6561-3465-4631-b934-623763373265/80da01c63a36e633586b1031980192f8.jpg | https://static.tildacdn.com/stor6637-3930-4139-a137-326639343939/bb308baf9777180ced7c1a707da85c08.jpg | https://static.tildacdn.com/stor3363-6538-4062-a439-373365323235/25dae228c59324a1c4b5ed11e89d2dc4.jpg | https://static.tildacdn.com/stor6233-3265-4632-b361-623066316663/35d735c6af2d3b4f67280cbb03b58fd8.jpg,4,true
711936219962,Christi S-1301,Christi Couture,,248000,385000,RUB,,Прямой,,,,,wedding_dress,female,,"Силуэтное платье из сжатого плотного шелка очерчивает фигуру мягким, благородным светом. Особая драпировка подчёркивает самые нежные изгибы. Размер корректируется при подгонке платья. На сайте указана цена продажи.",Силуэт: Прямой; Силуэт: А-силуэт,https://christiwedding.ru/catalog/tproduct/157878057-711936219962-christi-s-1301,https://static.tildacdn.com/stor3634-6463-4365-b130-313537633061/7ad0af1c17552a3ed4a13c6aed53e6fb.jpg,https://static.tildacdn.com/stor3634-6463-4365-b130-313537633061/7ad0af1c17552a3ed4a13c6aed53e6fb.jpg | https://static.tildacdn.com/stor6665-3539-4230-b261-636266646635/00e0cab73de12a3c10eb091a968a9392.jpg | https://static.tildacdn.com/stor3835-6237-4963-a334-643063653838/25cf8246eecb1221b9a50851df3b92ba.jpg,3,true
796059018762,Christi S-1307,Christi Couture,,485000,577000,RUB,,Прямой,,,,,wedding_dress,female,,Силуэтное платье с ассиметричным съемным шлейфом. Эксклюзивная вышивка придает особый лоск образу. Размер корректируется при подгонке платья. На сайте указана цена продажи.,Силуэт: Прямой,https://christiwedding.ru/catalog/tproduct/157878057-796059018762-christi-s-1307,https://static.tildacdn.com/stor3533-3164-4033-a130-386662336362/ace5164d8403e21758b6005e6ac01893.jpg,https://static.tildacdn.com/stor3533-3164-4033-a130-386662336362/ace5164d8403e21758b6005e6ac01893.jpg | https://static.tildacdn.com/stor3832-3465-4462-b938-336534376335/3e9dd08e23019955c5dbca2d9ce1fb6f.jpg | https://static.tildacdn.com/stor6236-3734-4165-b564-313537663563/942088a75a4e29de65ee693226474780.jpg | https://static.tildacdn.com/stor6665-3533-4738-a466-613130646632/1ea045150c8ea426bf2df9b06af9fff5.jpg,4,true
727823355842,Christi A-1303,Christi Couture,,695000,833000,RUB,,Прямой,,,,,wedding_dress,female,,"Силуэтное платье со шлейфом, который можно сделать съемным. Эксклюзивная вышивка придает особый лоск образу. В комплекте идет расшитая фата. Размер корректируется при подгонке платья. На сайте указана цена продажи.",Силуэт: Прямой; Силуэт: А-силуэт,https://christiwedding.ru/catalog/tproduct/157878057-727823355842-christi-a-1303,https://static.tildacdn.com/stor3266-3131-4135-a264-303034623036/aba294a23ca93ad085488247f7042b67.jpg,https://static.tildacdn.com/stor3266-3131-4135-a264-303034623036/aba294a23ca93ad085488247f7042b67.jpg | https://static.tildacdn.com/stor3030-3539-4031-b837-623636373735/fc4bc9ca564c948b95fd6b6c6bfd8437.jpg | https://static.tildacdn.com/stor3436-3864-4464-a463-623365383065/9195032666272d6ab63f292d5694fd5c.jpg,3,true
423835765982,Christi S-1186,Christi Couture,,590000,689000,RUB,,Прямой,,,,,wedding_dress,female,,"Бестселлер из нежного микадо с эксклюзивными 3D-цветами. Съёмный шлейф создаёт два выразительных образа. Платье, которое невозможно не запомнить. Размер корректируется при подгонке платья. На сайте указана цена продажи.",Силуэт: Прямой,https://christiwedding.ru/catalog/tproduct/157878057-423835765982-christi-s-1186,https://static.tildacdn.com/stor3836-6139-4964-b237-343363613564/664421f354f36d86fa7f26c114477edf.jpg,https://static.tildacdn.com/stor3836-6139-4964-b237-343363613564/664421f354f36d86fa7f26c114477edf.jpg | https://static.tildacdn.com/stor6332-3239-4037-b835-326234316234/d387ccb3c4e83b4df857a4c0a5c2ce55.jpg | https://static.tildacdn.com/stor3762-6265-4865-b934-666432626466/99656804e32d6cdfeddf28158d4ca724.jpg | https://static.tildacdn.com/stor6461-3665-4132-b066-663939356436/c771c396634b89af4bfa0c1acd226153.jpg | https://static.tildacdn.com/stor3532-6462-4164-a435-613031353830/c531fc384eb6db351a5fd2a04c53b50e.jpg | https://static.tildacdn.com/stor3639-3465-4133-b061-623037613364/f0878ef562be8985ff6f6cd171ed1e95.jpg | https://static.tildacdn.com/stor3062-3035-4637-a365-336635386439/84ff2199c44c7cda74bea596ca191c65.jpg | https://static.tildacdn.com/stor6239-3065-4362-b462-376637646466/a552a9081efe4ad3854b17816e8699e6.jpg | https://static.tildacdn.com/stor3832-6436-4163-a137-666362633437/c7b2a58728299c51ff63df07f8a6c3d6.jpg | https://static.tildacdn.com/stor3461-6533-4831-b465-333962323834/6f2e364c8010163c6aef96d2a797462c.jpg,10,true
889279019682,Christi A-1306,Christi Couture,,839000,985000,RUB,,Прямой,,,,,wedding_dress,female,,"Роскошное платье, украшенное ручной вышивкой с объёмными 3D-цветами — каждый лепесток словно расцветает. Это настоящее произведение искусства, воплощающее сказку и романтику. В комплекте идет расшитая цветами фата. Размер корректируется при подгонке платья. На сайте указана цена продажи.",Силуэт: Прямой; Силуэт: А-силуэт,https://christiwedding.ru/catalog/tproduct/157878057-889279019682-christi-a-1306,https://static.tildacdn.com/stor6363-3864-4038-b631-376239623461/f627fe1b3f2c1c70c76eeca905332502.jpg,https://static.tildacdn.com/stor6363-3864-4038-b631-376239623461/f627fe1b3f2c1c70c76eeca905332502.jpg | https://static.tildacdn.com/stor3365-6464-4137-b734-353232343965/7dedccf486a860ce5aca12a03c6469f2.jpg | https://static.tildacdn.com/stor6539-6138-4438-a533-313363376361/31b9631641b9cfb93dcdbf76cbbe5888.jpg | https://static.tildacdn.com/stor3132-3738-4363-a464-653664313363/bacfaf32963d957e136a1f0f454a9164.jpg,4,true
945450482192,Christi S-1140,Christi Couture,,575000,688000,RUB,,Прямой,,,,,wedding_dress,female,,"Изысканный силуэт, созданный для невесты, которая выбирает безупречный стиль. Ручная драпировка и скульптурные розы на рукавах превращают платье в произведение высокой моды. Размер корректируется при подгонке платья. На сайте указана цена продажи.",Силуэт: Прямой,https://christiwedding.ru/catalog/tproduct/157878057-945450482192-christi-s-1140,https://static.tildacdn.com/stor3261-6636-4031-b336-636662396137/0b8b33dd59abf63341b746c8979437e0.jpg,https://static.tildacdn.com/stor3261-6636-4031-b336-636662396137/0b8b33dd59abf63341b746c8979437e0.jpg | https://static.tildacdn.com/stor3934-3637-4665-a332-336465646138/2c709a9d268436fe6c33d38b005f9cfe.jpg | https://static.tildacdn.com/stor6433-3131-4663-b566-353161656232/24c530a4fca2e497664ddab461ef5a05.jpg | https://static.tildacdn.com/stor6666-6464-4439-b731-333736616334/dc037284ee1aa7a2029d7c6a5da5593f.jpg | https://static.tildacdn.com/stor3664-3161-4132-b833-356631376433/0314b7d23ec1daaf8f464d328da21dad.jpg,5,true
150980335332,Christi S-1302,Christi Couture,,232000,397000,RUB,,Прямой,,,,,wedding_dress,female,,"Силуэтное платье из эксклюзивный ткани с бисером и пайетками очерчивает фигуру мягким, благородным светом. Размер корректируется при подгонке платья. На сайте указана цена продажи.",Силуэт: Прямой,https://christiwedding.ru/catalog/tproduct/157878057-150980335332-christi-s-1302,https://static.tildacdn.com/stor3739-3033-4062-a638-613934376537/8848c33a6c72e4ffd6bbcd8e8dba5063.jpg,https://static.tildacdn.com/stor3739-3033-4062-a638-613934376537/8848c33a6c72e4ffd6bbcd8e8dba5063.jpg | https://static.tildacdn.com/stor3831-3537-4464-a533-626266373264/d549fadb84cebc99a82dd6c1f29d8c84.jpg | https://static.tildacdn.com/stor3063-6539-4366-a231-646462613663/f79d0f78d5c34ef1288d893405760053.jpg,3,true
539116521932,Christi A-1158,Christi Couture,,510000,0,RUB,,А-силуэт,,,,,wedding_dress,female,,Английское микадо придаёт силуэту скульптурную роскошь и благородный блеск дорогой ткани. Тонкое кружево добавляет образу нежную деликатность и подчёркивает женственную линию фигуры. Размер корректируется при подгонке платья. На сайте указана цена продажи.,Силуэт: А-силуэт,https://christiwedding.ru/catalog/tproduct/157878057-539116521932-christi-a-1158,https://static.tildacdn.com/stor6162-3761-4264-a464-616236396561/4c657a329e9e0e9b037d4cbdddc9da5a.jpg,https://static.tildacdn.com/stor6162-3761-4264-a464-616236396561/4c657a329e9e0e9b037d4cbdddc9da5a.jpg | https://static.tildacdn.com/stor3762-6239-4266-b631-363837653031/f7bab488e4dd919422bfd8f55aec82c1.jpg | https://static.tildacdn.com/stor3834-3638-4332-b363-326163376637/44d5da14a86314c48ad796d6c603325c.jpg | https://static.tildacdn.com/stor3934-3732-4233-b833-333939346230/cd814eedb33557bb90b115ce0c427731.jpg | https://static.tildacdn.com/stor6334-6631-4561-a136-376261643432/bace2e2e143b4e05bcbe4eaf5e54c90a.jpg | https://static.tildacdn.com/stor6436-3566-4461-a239-643536653033/d1a797fe9ac8ab9c2bf7ad18367e9b65.jpg | https://static.tildacdn.com/stor6666-6461-4531-b666-613862646638/75fa66af255353b566cf9fbd89cc8d55.jpg,7,true
756044603152,Dovita Victoria,Dovita,,695000,0,RUB,,А-силуэт,,,,,wedding_dress,female,,"Роскошное платье, украшенное ручной вышивкой с объёмными 3D-цветами — каждый лепесток словно расцветает. Это настоящее произведение искусства, воплощающее сказку и романтику. На сайте указана цена продажи.",Силуэт: А-силуэт,https://christiwedding.ru/catalog/tproduct/157878057-756044603152-dovita-victoria,https://static.tildacdn.com/stor3439-3833-4466-a331-363031636537/91325708.jpg,https://static.tildacdn.com/stor3439-3833-4466-a331-363031636537/91325708.jpg | https://static.tildacdn.com/stor3666-6432-4036-b536-323935393865/17654465.jpg | https://static.tildacdn.com/stor3462-3139-4462-a564-636434346235/17609850.jpg | https://static.tildacdn.com/stor6565-3730-4131-a166-666433383931/87896174.jpg,4,true
996984721052,Christi S-1141,Christi Couture,,725000,0,RUB,,Прямой,,,,,wedding_dress,female,,"Роскошный шлейф, усыпанный сиянием ручной вышивки, создаёт эффект королевского шага. Каждая жемчужина и кристалл пришиты вручную, подчёркивая филигранную работу мастеров haute couture. Размер корректируется при подгонке платья. На сайте указана цена продажи.",Силуэт: Прямой,https://christiwedding.ru/catalog/tproduct/157878057-996984721052-christi-s-1141,https://static.tildacdn.com/stor3437-6438-4436-b234-613938386238/5c17a69028968b9d92ecd6593492df4b.jpg,https://static.tildacdn.com/stor3437-6438-4436-b234-613938386238/5c17a69028968b9d92ecd6593492df4b.jpg | https://static.tildacdn.com/stor3439-3462-4532-b432-373463323462/55dd517552ec2fee434234ca7d885977.jpg | https://static.tildacdn.com/stor6337-3239-4636-a336-613536333562/9de09b2da35ee563a7eb92c6913863c3.jpg | https://static.tildacdn.com/stor6334-3761-4338-a363-363334393036/6277121b9a0d6da72b0c59f24946135b.jpg | https://static.tildacdn.com/stor6231-6635-4931-b834-313336343431/bcabb9049d74fb63ac18643066b03832.jpg | https://static.tildacdn.com/stor6536-6461-4535-b465-626436333135/0e0bd697c490949f072f4f53607c6398.jpg,6,true
257649048462,Christi S-1154,Christi Couture,,590000,725000,RUB,,Прямой,,,,,wedding_dress,female,,"Платье-трансформер, созданное из эксклюзивной ткани, расшитой вручную мерцающими деталями. Съёмная юбка позволяет мгновенно менять силуэт — от торжественной королевской линии до утончённого вечернего образа. Размер корректируется при подгонке платья. На сайте указана цена продажи.",Силуэт: Прямой,https://christiwedding.ru/catalog/tproduct/157878057-257649048462-christi-s-1154,https://static.tildacdn.com/stor3836-6663-4132-b761-666233613864/d71f5ab66aa9a4119fb676d50daa1a07.jpg,https://static.tildacdn.com/stor3836-6663-4132-b761-666233613864/d71f5ab66aa9a4119fb676d50daa1a07.jpg | https://static.tildacdn.com/stor3031-3566-4832-b837-376238316530/5cec3b07d8207f003f6e84e0e29a5ce5.jpg | https://static.tildacdn.com/stor6430-3463-4466-b739-623264343338/a9f5da35b3064725e268dda9477decd9.jpg | https://static.tildacdn.com/stor3133-6662-4362-a563-653961383833/03af8d2c5351251600b44782726c91cf.jpg,4,true
729201238422,Christi A-1256,Christi Couture,,586000,722000,RUB,,А-силуэт,,,,,wedding_dress,female,,"Роскошное платье из английской ткани микадо цвета off-white с выразительными декором в виду жемчуга и изящным шлейфом. В комплекте — перчатки, позволяющее сделать образ более сдержанным и вариативным. Размер корректируется при подгонке платья.",Силуэт: А-силуэт,https://christiwedding.ru/catalog/tproduct/157878057-729201238422-christi-a-1256,https://static.tildacdn.com/stor6165-3034-4933-b461-326363393631/5c235ea826247c91579733d107e15a05.jpg,https://static.tildacdn.com/stor6165-3034-4933-b461-326363393631/5c235ea826247c91579733d107e15a05.jpg | https://static.tildacdn.com/stor3035-6238-4764-b037-373365663036/6b3bb607be07a1bb2f3283cfb1b4a241.jpg | https://static.tildacdn.com/stor3038-6566-4332-b437-383030623734/2d0b8c42723fdde841caa3cc46491bd7.jpg,3,true
299206330682,Christi S-1162,Christi Couture,,590000,795000,RUB,,Прямой,,,,,wedding_dress,female,,"Лаконичный силуэт подчеркивает современную элегантность и чистоту линий. Изысканная вышивка добавляет утончённый акцент, создавая роскошь в деталях. Съёмный шлейф позволяет менять настроение образа — от сдержанной минималистичности до торжественного великолепия. Размер корректируется при подгонке платья. На сайте указана цена продажи.",Силуэт: Прямой,https://christiwedding.ru/catalog/tproduct/157878057-299206330682-christi-s-1162,https://static.tildacdn.com/stor3631-3263-4133-b338-306237363634/7c9f47c2a19f05df54463f1b9f242056.jpg,https://static.tildacdn.com/stor3631-3263-4133-b338-306237363634/7c9f47c2a19f05df54463f1b9f242056.jpg | https://static.tildacdn.com/stor6131-3866-4732-a163-653138656263/798c15aac4721cb68180974c0ac4edd8.jpg | https://static.tildacdn.com/stor6664-6666-4764-b663-353132363430/7db3e3fae6620bd708b10b18c5617f5d.jpg | https://static.tildacdn.com/stor3737-6536-4334-a639-623063313836/46231d5d8d7fcd822eb12903789f5fd9.jpg,4,true
977339640042,Christi S-1205,Christi Couture,,679000,778000,RUB,,Прямой,,,,,wedding_dress,female,,"Бестселлер — силуэтное платье из нежного микадо с 3D-цветами ручной работы. Каждый лепесток выполнен вручную, создавая изысканный рельеф. В комплекте — фата для идеального завершения образа. Размер корректируется при подгонке платья. На сайте указана цена продажи.",Силуэт: Прямой,https://christiwedding.ru/catalog/tproduct/157878057-977339640042-christi-s-1205,https://static.tildacdn.com/stor3764-3161-4935-a466-353165393762/a4a4f4bbb63c038dad7841539a5a9f54.jpg,https://static.tildacdn.com/stor3764-3161-4935-a466-353165393762/a4a4f4bbb63c038dad7841539a5a9f54.jpg | https://static.tildacdn.com/stor3639-6332-4161-a266-376630646436/90e25389eebe32137cda93e6f0eb5cc0.jpg | https://static.tildacdn.com/stor3066-3639-4637-b262-353232643232/b42b89a4324ad13f0d6aa3c0929449fc.jpg | https://static.tildacdn.com/stor3261-6134-4338-b838-346338333930/6091d9683e96130ab93448c5e234beb5.jpg | https://static.tildacdn.com/stor3937-3530-4265-b861-326231343037/b8b9cf24743253efab25d9d50e6d3f7b.jpg | https://static.tildacdn.com/stor3738-3430-4534-b662-346463663133/fdf443832fb6aab44df1315146efa992.jpg | https://static.tildacdn.com/stor3464-3062-4735-b338-353164373334/8ada1520e380d45bf50078f3c81a2b1a.jpg | https://static.tildacdn.com/stor3532-6164-4439-b763-616131383431/5605d56d4b74de7926a324bf0af245e9.jpg,8,true
114989822702,Christi S-1194,Christi Couture,,390000,519000,RUB,,Прямой,,,,,wedding_dress,female,,Силуэтное платье из нежного кружева нюдового оттенка подчёркивает естественную женственность. Съёмный чокер добавляет современный акцент и изысканность. Размер корректируется при подгонке платья. На сайте указана цена продажи.,Силуэт: Прямой,https://christiwedding.ru/catalog/tproduct/157878057-114989822702-christi-s-1194,https://static.tildacdn.com/stor6530-3636-4162-b734-303461643738/3128d72530822a2fecf6da6d77abafc0.jpg,https://static.tildacdn.com/stor6530-3636-4162-b734-303461643738/3128d72530822a2fecf6da6d77abafc0.jpg | https://static.tildacdn.com/stor6365-6362-4132-b236-303132626466/6bd13b3198833cf11b233b632411fc3a.jpg | https://static.tildacdn.com/stor3566-3434-4663-b865-303862656334/d56a6d374e985cf9b4f3aa44b9dbcf09.jpg | https://static.tildacdn.com/stor6436-3436-4462-b166-316237623935/25a2c59e3d9bf4abcf7dab54218d2bd1.jpg,4,true
687143945142,Christi S-1189,Christi Couture,,638000,728000,RUB,,Прямой,,,,,wedding_dress,female,,"Роскошное силуэтное платье с цветками ручной работы, прошитыми мелкими бусинами. Торжественный съёмный шлейф добавляет величия и драматичности. Образ, созданный для настоящего восхищения. Размер корректируется при подгонке платья. На сайте указана цена продажи.",Силуэт: Прямой,https://christiwedding.ru/catalog/tproduct/157878057-687143945142-christi-s-1189,https://static.tildacdn.com/stor6632-3162-4364-b935-313835343061/698e7856bc90d10c590bda01439aed79.jpg,https://static.tildacdn.com/stor6632-3162-4364-b935-313835343061/698e7856bc90d10c590bda01439aed79.jpg | https://static.tildacdn.com/stor6665-6563-4063-a464-653737336135/4d9b36356d30a4ea9408afc2f97377f3.jpg | https://static.tildacdn.com/stor3233-3138-4336-a535-616438363037/7d2e24e943fb87f4ccbb66565c7a7fc5.jpg | https://static.tildacdn.com/stor3432-3233-4537-a562-333065323530/1de908dba9dcfc323f454b742db83f9d.jpg | https://static.tildacdn.com/stor3134-6130-4464-a235-383435633735/a415a12d92e685402251ed012fdc80ed.jpg | https://static.tildacdn.com/stor3835-3430-4762-b230-306336626533/02706413030cbd29b0b154424ed11e4e.jpg,6,true
422547962352,Christi S-1190,Christi Couture,,275000,388000,RUB,,Прямой,,,,,wedding_dress,female,,"Силуэтное платье со съёмным корсетом, подчёркивающим линию фигуры. Трансформация образа за секунду — от утончённой нежности до смелой элегантности. Уникальный стиль для невесты, которую невозможно забыть. Размер корректируется при подгонке платья. На сайте указана цена продажи.",Силуэт: Прямой,https://christiwedding.ru/catalog/tproduct/157878057-422547962352-christi-s-1190,https://static.tildacdn.com/stor6632-3434-4564-b631-303566616337/fba5117652fd6571aaa7f243afb5f218.jpg,https://static.tildacdn.com/stor6632-3434-4564-b631-303566616337/fba5117652fd6571aaa7f243afb5f218.jpg | https://static.tildacdn.com/stor6364-3536-4461-b862-303235643566/2d15289d1079a03fe57b87d92d1e698b.jpg | https://static.tildacdn.com/stor3536-3936-4033-b038-396161346466/ffb7d2c8a6b369ec84f9cb6ab9720681.jpg,3,true
754326365622,Christi S-1240,Christi Couture,,378000,455000,RUB,,Прямой,,,,,wedding_dress,female,,"Силуэтное платье, усыпанное мерцающими пайетками, подчёркивает лёгкое сияние каждой линии фигуры. Особая деталь на корсете создаёт благородный акцент и делает образ по-настоящему уникальным. Размер корректируется при подгонке платья. На сайте указана цена продажи.",Силуэт: Прямой,https://christiwedding.ru/catalog/tproduct/157878057-754326365622-christi-s-1240,https://static.tildacdn.com/stor3664-3930-4339-b239-383233303135/79ea488663e665e21a34bf40c0263bc7.jpg,https://static.tildacdn.com/stor3664-3930-4339-b239-383233303135/79ea488663e665e21a34bf40c0263bc7.jpg | https://static.tildacdn.com/stor3030-3335-4561-b331-643339363733/a92d1b2f48506692c653f825a40d9c2d.jpg | https://static.tildacdn.com/stor6134-6434-4266-b762-366430643062/55e8741293f1d484f0417b0ea5c4b12d.jpg,3,true
551302854942,Christi S-1191,Christi Couture,,219000,0,RUB,,Прямой,,,,,wedding_dress,female,,"Платье-трансформер с корсетом особого кроя и юбкой из эксклюзивной ткани. В ателье мы можем создать другую юбку или новый корсет по вашим желаниям. Образ, который адаптируется под мечту каждой невесты. Размер корректируется при подгонке платья. На сайте указана цена продажи.",Силуэт: Прямой,https://christiwedding.ru/catalog/tproduct/157878057-551302854942-christi-s-1191,https://static.tildacdn.com/stor6566-3434-4536-b130-326666616131/2cea1f7528189264add56302eb459f88.jpg,https://static.tildacdn.com/stor6566-3434-4536-b130-326666616131/2cea1f7528189264add56302eb459f88.jpg | https://static.tildacdn.com/stor3035-6162-4632-b839-663662393134/dcf2aca806ee0fcc9d2f800eca6d0642.jpg | https://static.tildacdn.com/stor3330-6432-4734-b563-366338306364/3b0b70a25fe840ac5dc38e8cd7b7b694.jpg | https://static.tildacdn.com/stor6339-3162-4564-a138-653732666433/93f1fb7eabebfe360a61af74b3c0371d.jpg,4,true
208498463292,Christi S-1192,Christi Couture,,205000,0,RUB,,Прямой,,,,,wedding_dress,female,,"Платье-трансформер с корсетом особого кроя и юбкой из сжатой ткани. В ателье мы можем создать другую юбку или новый корсет по вашим желаниям. Образ, который адаптируется под мечту каждой невесты. Размер корректируется при подгонке платья. На сайте указана цена продажи.",Силуэт: Прямой,https://christiwedding.ru/catalog/tproduct/157878057-208498463292-christi-s-1192,https://static.tildacdn.com/stor6339-3432-4965-b033-353966316561/d159f9cf48e683bc3135a90adad9474b.jpg,https://static.tildacdn.com/stor6339-3432-4965-b033-353966316561/d159f9cf48e683bc3135a90adad9474b.jpg | https://static.tildacdn.com/stor3462-6437-4562-b231-383231373163/d3f0088a2ade3285f1f02f7f1a51e0ed.jpg,2,true
188615608092,Christi S-1214,Christi Couture,,298000,475000,RUB,,Прямой,,,,,wedding_dress,female,,"Матовый атлас подчёркивает силуэт благородной чистотой линий. Особый шлейф и архитектурный крой создают эффект высокой моды без лишних слов. Перчатки завершают образ — дерзко, элегантно, незабываемо. Размер корректируется при подгонке платья. На сайте указана цена продажи.",Силуэт: Прямой,https://christiwedding.ru/catalog/tproduct/157878057-188615608092-christi-s-1214,https://static.tildacdn.com/stor3866-3562-4061-b033-643566323335/203a883bbfa5fb939d072e78f8848792.jpg,https://static.tildacdn.com/stor3866-3562-4061-b033-643566323335/203a883bbfa5fb939d072e78f8848792.jpg | https://static.tildacdn.com/stor3836-3066-4039-b532-306563653661/7bb0675d57d9beb6b48d4b8bf1fbe438.jpg | https://static.tildacdn.com/stor6631-3062-4566-a235-373132356631/3a9ebe1a7a3e42efc8b4e531d3152693.jpg,3,true
138670096862,Christi S-1198,Christi Couture,,675000,788000,RUB,,Прямой,,,,,wedding_dress,female,,"Платье из нежного французского кружева подчёркивает утончённость и романтичность образа. Длинный шлейф добавляет лёгкой торжественности и воздушности. Элегантность, которой всегда достаточно. Размер корректируется при подгонке платья. На сайте указана цена продажи.",Силуэт: Прямой,https://christiwedding.ru/catalog/tproduct/157878057-138670096862-christi-s-1198,https://static.tildacdn.com/stor3837-3837-4936-b537-633233346135/2780c415379a36f2b6aba0465d616ec9.jpg,https://static.tildacdn.com/stor3837-3837-4936-b537-633233346135/2780c415379a36f2b6aba0465d616ec9.jpg | https://static.tildacdn.com/stor3532-3938-4331-b939-623566373161/dd84fb95b5d26c4e8edfe30207a0a8f9.jpg | https://static.tildacdn.com/stor3432-6632-4063-b836-613233373531/acb44bbef3a1a281272b4c4bc9f3c5ff.jpg | https://static.tildacdn.com/stor6132-3466-4261-a265-626461373664/4162e6d5330dffbc098d5e3ee4a2cacf.jpg | https://static.tildacdn.com/stor6361-6132-4963-b235-316566393135/a96cc589fbc292df043e5851061955cc.jpg | https://static.tildacdn.com/stor3338-6139-4637-a166-336262633666/cc8c43986f6fc8238898154ce02f18a1.jpg,6,true
205063378242,Christi S-1193,Christi Couture,,510000,589000,RUB,,Прямой,,,,,wedding_dress,female,,"Платье из роскошного кружева, расшитого бисером вручную. Съёмные перчатки добавляют образу утончённой драматичности. Идеальный выбор для невесты, любящей детали, которые говорят сами за себя. Размер корректируется при подгонке платья. На сайте указана цена продажи.",Силуэт: Прямой,https://christiwedding.ru/catalog/tproduct/157878057-205063378242-christi-s-1193,https://static.tildacdn.com/stor3032-3465-4235-b138-333731356537/e1af9af5e1d84fa7075980e4ae9025b5.jpg,https://static.tildacdn.com/stor3032-3465-4235-b138-333731356537/e1af9af5e1d84fa7075980e4ae9025b5.jpg | https://static.tildacdn.com/stor3466-3761-4564-a664-303130613634/b3df7f32978bbe8d741214a00484b07b.jpg | https://static.tildacdn.com/stor3338-3030-4562-b866-633733613835/1d61820424cca9d2f5604e4df680a126.jpg | https://static.tildacdn.com/stor3939-6162-4665-a135-643765336665/e83311af43725aa8be31133e7563ac5b.jpg,4,true
193941257362,Christi A-1227,Christi Couture,,228000,428000,RUB,,А-силуэт,,,,,wedding_dress,female,,"Расшитое бисером и пайетками платье переливается как звёздное полотно. Вырез «лодочка» создаёт изящную линию плеч. Торжественный шлейф завершает образ уверенной, сияющей невесты. Размер корректируется при подгонке платья. На сайте указана цена продажи.",Силуэт: А-силуэт,https://christiwedding.ru/catalog/tproduct/157878057-193941257362-christi-a-1227,https://static.tildacdn.com/stor3031-6565-4436-b936-643433613265/6c6308d0ef41efe75c5f9d6d0861f86e.jpg,https://static.tildacdn.com/stor3031-6565-4436-b936-643433613265/6c6308d0ef41efe75c5f9d6d0861f86e.jpg | https://static.tildacdn.com/stor3236-6465-4030-b733-333161343164/19b8081292134cb84ed37bc3e50a4d86.jpg | https://static.tildacdn.com/stor3132-6637-4133-a439-313330353730/d62eb2efa0461e7831fc2d17145d7d98.jpg | https://static.tildacdn.com/stor6463-6565-4330-b265-333233363038/79e317f1f75b36609b32c06989e3dc6c.jpg | https://static.tildacdn.com/stor3161-6564-4465-b038-393330613434/008f5c3c742a91d5aa1c3492ab8c9017.jpg,5,true
153464573672,Christi A-1188,Christi Couture,,620000,845000,RUB,,А-силуэт,,,,,wedding_dress,female,,Королевское платье с роскошным шлейфом и изысканной ручной работой. Съёмная вставка на плечи и рукава позволяют менять настроение образа. Величие и трансформация в одном силуэте. Размер корректируется при подгонке платья. На сайте указана цена продажи.,Силуэт: А-силуэт,https://christiwedding.ru/catalog/tproduct/157878057-153464573672-christi-a-1188,https://static.tildacdn.com/stor3964-3630-4766-b530-313239663834/55b0f6ac67a6d087cdfe24b796c8a455.jpg,https://static.tildacdn.com/stor3964-3630-4766-b530-313239663834/55b0f6ac67a6d087cdfe24b796c8a455.jpg | https://static.tildacdn.com/stor3037-6634-4663-a261-653065343863/c50aaed4ccdc57bf1fbc3a02ada3cd12.jpg | https://static.tildacdn.com/stor6232-3535-4339-b332-313832336663/74733646c05556fe10a8f40433c003bf.jpg | https://static.tildacdn.com/stor3964-3837-4536-b833-313130313736/845f20a3fcfcd715a21687a2776e4233.jpg | https://static.tildacdn.com/stor6333-3931-4662-b837-636538643539/05ccf20c62b45d77779474b9200fe6e8.jpg,5,true
542621391022,Christi A-1197,Christi Couture,,610000,745000,RUB,,А-силуэт,,,,,wedding_dress,female,,"Пышный силуэт из английского микадо молочного оттенка создаёт королевскую эстетику. Особо скроенный корсет и съёмные рукава, которые позволяют менять характер образа. Размер корректируется при подгонке платья. На сайте указана цена продажи.",Силуэт: А-силуэт,https://christiwedding.ru/catalog/tproduct/157878057-542621391022-christi-a-1197,https://static.tildacdn.com/stor3165-3536-4136-b662-356334303031/2abc613bca86a7e4ccf2a246de17e3b7.jpg,https://static.tildacdn.com/stor3165-3536-4136-b662-356334303031/2abc613bca86a7e4ccf2a246de17e3b7.jpg | https://static.tildacdn.com/stor6130-6466-4462-a237-346563643661/9c5e84e48f12080e2f962fe9879e059f.jpg | https://static.tildacdn.com/stor6135-6566-4361-b531-323032326334/5dda86d4dd073591218e223589c4aaab.jpg | https://static.tildacdn.com/stor6362-3634-4834-a339-346163373734/0f12671543d5d93d4c0d0db4453b6ae5.jpg,4,true
164226779782,Christi A-1210,Christi Couture,,639000,765000,RUB,,А-силуэт,,,,,wedding_dress,female,,"Закрытое платье из плотного атласа создаёт утончённый королевский силуэт. Уникальные пайетки, расшитые вручную, добавляют изысканный блеск. Размер корректируется при подгонке платья. На сайте указана цена продажи.",Силуэт: А-силуэт,https://christiwedding.ru/catalog/tproduct/157878057-164226779782-christi-a-1210,https://static.tildacdn.com/stor3430-3936-4734-b036-626439613739/36ad07befbe837d23d4dfac6c0e1bd5d.jpg,https://static.tildacdn.com/stor3430-3936-4734-b036-626439613739/36ad07befbe837d23d4dfac6c0e1bd5d.jpg | https://static.tildacdn.com/stor3663-3932-4262-b639-376263323062/d72dd113912d5eb8c0fa391208a8ebb3.jpg | https://static.tildacdn.com/stor3638-3730-4430-a162-663162633939/b77575956d66abbfb2bbb7243302e29e.jpg | https://static.tildacdn.com/stor3137-3736-4363-b934-306432386264/b54c1dd25ecf0809bc1b72da12b930a7.jpg,4,true
996420463602,Christi A-1233,Christi Couture,,488000,788000,RUB,,А-силуэт,,,,,wedding_dress,female,,"Платье А-силуэта, расшитое эксклюзивным мерцающим декором haute couture. Сияние каждой детали подчёркивает утончённый стиль невесты. Элегантность, созданная, чтобы восхищать. Размер корректируется при подгонке платья. На сайте указана цена продажи.",Силуэт: А-силуэт,https://christiwedding.ru/catalog/tproduct/157878057-996420463602-christi-a-1233,https://static.tildacdn.com/stor6564-6530-4737-a136-646166316537/3f2e5be53266a3759457d0065f63f67b.jpg,https://static.tildacdn.com/stor6564-6530-4737-a136-646166316537/3f2e5be53266a3759457d0065f63f67b.jpg | https://static.tildacdn.com/stor3762-3934-4762-b130-663735323734/8a1325414e9e1f82723547bda47816a5.jpg,2,true
998407363872,Christi S-1195,Christi Couture,,585000,678000,RUB,,Прямой,,,,,wedding_dress,female,,"Платье-трансформер со съёмным торжественным шлейфом. Расшито нежным декором, подчёркивающим утончённость образа. Совершенный баланс комфорта и роскоши. Размер корректируется при подгонке платья. На сайте указана цена продажи.",Силуэт: Прямой,https://christiwedding.ru/catalog/tproduct/157878057-998407363872-christi-s-1195,https://static.tildacdn.com/stor3666-3938-4037-a665-393438303234/893d1fa75027fa3b04d7687b208e169b.jpg,https://static.tildacdn.com/stor3666-3938-4037-a665-393438303234/893d1fa75027fa3b04d7687b208e169b.jpg | https://static.tildacdn.com/stor3966-6364-4036-b561-646334306237/dfd25cf8f1340d5a7f95385a96337017.jpg | https://static.tildacdn.com/stor6431-6135-4134-b361-366363346365/30850ab871cd395d0a6af37dda8063f1.jpg | https://static.tildacdn.com/stor6430-6131-4234-a263-623563336364/88bd98a466462105e9af44f7092bd18f.jpg | https://static.tildacdn.com/stor6531-3833-4635-b463-333066373163/d18aba6467f7bc0bc00980b9d5713a19.jpg | https://static.tildacdn.com/stor6134-3963-4931-b561-343138623433/54facf95d35c327c4f240559207cae1d.jpg,6,true
914537579462,Christi A-1219,Christi Couture,,598000,785000,RUB,,А-силуэт,,,,,wedding_dress,female,,Французское кружево Chantille будто дышит светом и утончённостью. Лёгкое мерцание создаёт ауру нежного сияния вокруг каждой линии силуэта. Расшитая фата превращает её появление в настоящий кинематографичный момент. Размер корректируется при подгонке платья. На сайте указана цена продажи.,Силуэт: А-силуэт,https://christiwedding.ru/catalog/tproduct/157878057-914537579462-christi-a-1219,https://static.tildacdn.com/stor3734-6161-4266-b761-613464343062/dc67ace019235712633305974aaa86c2.jpg,https://static.tildacdn.com/stor3734-6161-4266-b761-613464343062/dc67ace019235712633305974aaa86c2.jpg | https://static.tildacdn.com/stor3136-3264-4630-b637-386365313136/60772fe3f15525c75a6bd8f27d3e2ea9.jpg | https://static.tildacdn.com/stor3562-6434-4065-b030-393337386461/06704405bd4bce46c739a676accab4b1.jpg,3,true
328030539622,Christi A-1201,Christi Couture,,522000,639000,RUB,,А-силуэт,,,,,wedding_dress,female,,Пышный силуэт с расшитым корсетом создаёт уникальный образ. Английское микадо молочного оттенка придаёт благородный блеск и безупречную форму. Размер корректируется при подгонке платья. На сайте указана цена продажи.,Силуэт: А-силуэт,https://christiwedding.ru/catalog/tproduct/157878057-328030539622-christi-a-1201,https://static.tildacdn.com/stor3336-3335-4264-a463-326562343939/1ed29f38164bd41c654e73b9943608d1.jpg,https://static.tildacdn.com/stor3336-3335-4264-a463-326562343939/1ed29f38164bd41c654e73b9943608d1.jpg | https://static.tildacdn.com/stor3835-6536-4237-a263-666339663230/cfb44eb522b2ba8b203d5e0dd2d29d0e.jpg | https://static.tildacdn.com/stor3334-3563-4537-a666-356664613663/4ae7b5dde83237d589942664a8d3aa49.jpg,3,true
183750545852,Christi A-1239,Christi Couture,,590000,765000,RUB,,А-силуэт,,,,,wedding_dress,female,,"Геометрический мерцающий узор создаёт футуристичную игру света на силуэте. 3D-цветы добавляют объёма и нежного контраста к графичным линиям. Крылья, которые можно сделать съёмными, превращают образ в смелую историю о свободе и полёте. Размер корректируется при подгонке платья. На сайте указана цена продажи.",Силуэт: А-силуэт,https://christiwedding.ru/catalog/tproduct/157878057-183750545852-christi-a-1239,https://static.tildacdn.com/stor6533-6436-4430-b831-323536326339/261e0d1ebddecb0c2b8a2733d5b2c33a.jpg,https://static.tildacdn.com/stor6533-6436-4430-b831-323536326339/261e0d1ebddecb0c2b8a2733d5b2c33a.jpg | https://static.tildacdn.com/stor6530-3035-4938-a165-303430333730/ed10fc621df55a3e83d606ff1d6ad7d3.jpg | https://static.tildacdn.com/stor3163-6439-4836-b736-613862633336/17107e1cff812e37e0303cc940e23354.jpg | https://static.tildacdn.com/stor6535-3865-4365-b434-303731383834/5d883b3a4135c7c79cf6d421706d1e01.jpg | https://static.tildacdn.com/stor6638-3035-4435-b363-306632373038/2f2e12b24d984b7ac9b222093f278aa0.jpg | https://static.tildacdn.com/stor3139-3361-4562-b333-323437636235/c38149cd1620741761a00f741b61d12e.jpg,6,true
791154117682,Christi A-1234,Christi Couture,,598000,885000,RUB,,А-силуэт,,,,,wedding_dress,female,,"А-силуэт, сотканный из роскоши и блеска, создаёт захватывающую линию движения. Искусная вышивка вручную оживляет ткань тонким сиянием при каждом шаге. Размер корректируется при подгонке платья. На сайте указана цена продажи.",Силуэт: А-силуэт,https://christiwedding.ru/catalog/tproduct/157878057-791154117682-christi-a-1234,https://static.tildacdn.com/stor3035-3565-4634-b862-393333376366/0739274e754276378c03dd86a9d4271a.jpg,https://static.tildacdn.com/stor3035-3565-4634-b862-393333376366/0739274e754276378c03dd86a9d4271a.jpg | https://static.tildacdn.com/stor6565-3166-4433-b363-623932653338/2691f58b18ee5d93a97656092aaf66ae.jpg | https://static.tildacdn.com/stor6137-6435-4436-a236-376330643465/80c849fe6a98288be7520e3cba00f80a.jpg | https://static.tildacdn.com/stor3531-3265-4334-b832-643964336433/7b5e07bd8dc135a7fe54f2df18d1c499.jpg | https://static.tildacdn.com/stor3830-3837-4233-a130-323963356666/8e2b64c6166669ed3647a5d704dfe37c.jpg,5,true
386199486112,Christi A-1202,Christi Couture,,539000,655000,RUB,,А-силуэт,,,,,wedding_dress,female,,Пышный силуэт в особой гармонии с жемчугом создаёт уникальный образ. Английское микадо молочного оттенка придаёт благородный блеск и безупречную форму. Размер корректируется при подгонке платья. На сайте указана цена продажи.,Силуэт: А-силуэт,https://christiwedding.ru/catalog/tproduct/157878057-386199486112-christi-a-1202,https://static.tildacdn.com/stor6531-6137-4034-a432-616565623738/7b04e4cae1e367752e2460f40521d251.jpg,https://static.tildacdn.com/stor6531-6137-4034-a432-616565623738/7b04e4cae1e367752e2460f40521d251.jpg | https://static.tildacdn.com/stor6263-3964-4566-b233-333865636135/6e2653d27a6dee251515f886bdc8bf85.jpg | https://static.tildacdn.com/stor6634-6233-4537-a439-343861313335/eb3305d4a0424d766e4e7c0ddc3397b0.jpg,3,true
808771252212,Christi A-1238,Christi Couture,,425000,588000,RUB,,А-силуэт,,,,,wedding_dress,female,,Квадратный вырез подчёркивает изящную линию ключиц. Блестящий декор играет светом и делает образ по-настоящему вечерним. Элегантный шлейф завершает эксклюзивный силуэт с уверенным характером. Размер корректируется при подгонке платья. На сайте указана цена продажи.,Силуэт: А-силуэт,https://christiwedding.ru/catalog/tproduct/157878057-808771252212-christi-a-1238,https://static.tildacdn.com/stor3639-6636-4430-a233-613234323238/9d53fd54e1be2d6294b63f35944669ec.jpg,https://static.tildacdn.com/stor3639-6636-4430-a233-613234323238/9d53fd54e1be2d6294b63f35944669ec.jpg | https://static.tildacdn.com/stor6235-3831-4237-a635-633437306165/47494b391a8bd4b1999623017e74dc26.jpg | https://static.tildacdn.com/stor3965-3331-4136-a333-363834663733/0af36205417bc78960083f81739b7874.jpg | https://static.tildacdn.com/stor6265-6630-4365-b936-646230376337/8443e6c860f49b98d19050954f748894.jpg | https://static.tildacdn.com/stor3337-6334-4165-b661-313437363437/8d41233e3898bf1168dc498148989c4a.jpg,5,true
923835396062,Christi A-1151,Christi Couture,,595000,688000,RUB,,А-силуэт,,,,,wedding_dress,female,,"Французское кружево, расшитое бисером вручную, создаёт изумительный объём и утончённый блеск на каждом сантиметре платья. Корсетный верх подчёркивает нежность силуэта, сохраняя королевскую осанку и изысканную посадку. В комплекте — расшитая фата, идеально дополняющая образ и превращающая каждое появление невесты в мгновение восхищения. Размер корректируется при подгонке платья. На сайте указана цена продажи.",Силуэт: А-силуэт,https://christiwedding.ru/catalog/tproduct/157878057-923835396062-christi-a-1151,https://static.tildacdn.com/stor3837-3162-4639-a165-653662336330/f2950b5c65c7dcf872374f74209a1392.jpg,https://static.tildacdn.com/stor3837-3162-4639-a165-653662336330/f2950b5c65c7dcf872374f74209a1392.jpg | https://static.tildacdn.com/stor3838-3437-4666-b732-653831623865/d90255fea7a882eeee76b546c62bbba1.jpg | https://static.tildacdn.com/stor3530-3830-4533-b563-333865666535/f76fa615de691db2be4d327a7d69bbb1.jpg | https://static.tildacdn.com/stor6438-6636-4436-b561-323838613637/b6092e73e619d39b61416e7fdcbf8b9c.jpg,4,true
904100596432,Christi S-1231,Christi Couture,,270000,395000,RUB,,Прямой,,,,,wedding_dress,female,,"Платье с особым архитектурным кроем выполнено из мерцающего микадо тёплого оттенка. Акцент-роза становится настоящим арт-элементом образа. Элегантность с характером — для невесты, которой есть что сказать без слов. Размер корректируется при подгонке платья. На сайте указана цена продажи.",Силуэт: Прямой,https://christiwedding.ru/catalog/tproduct/157878057-904100596432-christi-s-1231,https://static.tildacdn.com/stor6566-3261-4332-a138-386436616465/d89b59d460ebe4e4e2df8a174268eb96.jpg,https://static.tildacdn.com/stor6566-3261-4332-a138-386436616465/d89b59d460ebe4e4e2df8a174268eb96.jpg | https://static.tildacdn.com/stor3066-3162-4036-b130-396434323164/02a7b09943027f001b2a27b7626e8697.jpg | https://static.tildacdn.com/stor3332-3735-4639-a633-333639336463/276f0c1df8ccd8120acd25917a99b6b2.jpg,3,true
527697982892,Christi S-1200,Christi Couture,,695000,797000,RUB,,Прямой,,,,,wedding_dress,female,,Силуэтное платье из нежного кружева подчёркивает женственность. Съёмный шлейф из тонкого микадо добавляет торжественность. Кружевная отделка шлейфа создаёт цельный гармоничный образ. Размер корректируется при подгонке платья. На сайте указана цена продажи.,Силуэт: Прямой,https://christiwedding.ru/catalog/tproduct/157878057-527697982892-christi-s-1200,https://static.tildacdn.com/stor3566-3837-4731-b466-663161343932/82e241063aeac63e8ea8ecb80555d846.jpg,https://static.tildacdn.com/stor3566-3837-4731-b466-663161343932/82e241063aeac63e8ea8ecb80555d846.jpg | https://static.tildacdn.com/stor3331-3835-4263-b339-343862623561/3f398491afdbe6ae83e9ec3ab75a4087.jpg | https://static.tildacdn.com/stor3362-6432-4132-b132-636631346433/b81910c6130a088ac57fc855d383b448.jpg | https://static.tildacdn.com/stor6631-6461-4563-b365-393963376662/e8a02141d63d9189c65f0034b39a0047.jpg | https://static.tildacdn.com/stor3231-3834-4630-b035-663662306531/a0c7ac1aeb88e0229f95a3fccd11eae5.jpg | https://static.tildacdn.com/stor3666-3538-4231-a430-646432663733/768b886280108e601b11f088407f4bb2.jpg,6,true
939683701082,Christi S-1242,Christi Couture,,390000,478000,RUB,,Прямой,,,,,wedding_dress,female,,"Силуэт «рыбка» из эксклюзивной ткани подчеркивает утончённую линию фигуры. Съёмные рукава превращают классику в современную трансформацию. Образ, который легко меняется вместе с настроением невесты. Размер корректируется при подгонке платья. На сайте указана цена продажи.",Силуэт: Прямой,https://christiwedding.ru/catalog/tproduct/157878057-939683701082-christi-s-1242,https://static.tildacdn.com/stor3132-6536-4131-a562-373535646435/d63fb1bb0667f1568fc1bf05bdaae3e4.jpg,https://static.tildacdn.com/stor3132-6536-4131-a562-373535646435/d63fb1bb0667f1568fc1bf05bdaae3e4.jpg | https://static.tildacdn.com/stor3637-3662-4166-b332-333233663264/0e78d02dfb1ddea9e865787d02f9f7bc.jpg | https://static.tildacdn.com/stor3036-6433-4664-b332-643966393831/66288f9c7e2b216c4b8b81d28c1cf99f.jpg,3,true
844145776912,Christi A-1196,Christi Couture,,590000,738000,RUB,,А-силуэт,,,,,wedding_dress,female,,Пышный силуэт из английского микадо молочного оттенка создаёт королевскую эстетику. Съёмные рукава позволяют менять характер образа. Нежный шлейф добавляет торжественности каждому шагу. Размер корректируется при подгонке платья. На сайте указана цена продажи.,Силуэт: А-силуэт,https://christiwedding.ru/catalog/tproduct/157878057-844145776912-christi-a-1196,https://static.tildacdn.com/stor3137-3234-4133-a165-613935346434/db323075bec7ef33bc2300f4f344afec.jpg,https://static.tildacdn.com/stor3137-3234-4133-a165-613935346434/db323075bec7ef33bc2300f4f344afec.jpg | https://static.tildacdn.com/stor6232-3863-4439-a138-393761633731/988d1f0b7c0f0948ae4100107bb15f0e.jpg | https://static.tildacdn.com/stor3134-6132-4966-a537-343032313535/3a966b431abf42e9834b8fbc8ce11c00.jpg | https://static.tildacdn.com/stor6164-3336-4231-a132-616239653363/12f3360d67e331de29c010b7c87b8430.jpg | https://static.tildacdn.com/stor3739-3866-4030-a532-363636313166/6d55b0fede93e3a8dc6e447da2e811b9.jpg,5,true
131950890252,Christi S-1223,Christi Couture,,215000,498000,RUB,,Прямой,,,,,wedding_dress,female,,"Силуэтное платье, расшитое камнями и блестящим декором, искрится при каждом шаге. Торжественный шлейф создаёт эффект магического появления. Образ, который раскрывает всю силу сияния невесты. Размер корректируется при подгонке платья. На сайте указана цена продажи.",Силуэт: Прямой,https://christiwedding.ru/catalog/tproduct/157878057-131950890252-christi-s-1223,https://static.tildacdn.com/stor6236-3362-4264-b234-616162366430/8b50964da6e8e5768eed254566e72204.jpg,https://static.tildacdn.com/stor6236-3362-4264-b234-616162366430/8b50964da6e8e5768eed254566e72204.jpg | https://static.tildacdn.com/stor3430-3365-4738-b631-316532666535/5f48403d4d508881cae986ef4d45c823.jpg | https://static.tildacdn.com/stor3532-6532-4263-b336-643664633263/5e5b24c4a6df61b657f05cc5866ef383.jpg,3,true
272892304662,Christi S-1239,Christi Couture,,379000,569000,RUB,,Прямой,,,,,wedding_dress,female,,Расшитое силуэтное платье со съёмным шлейфом создаёт эффект безупречной трансформации. Каждая деталь сияет авторской эксклюзивностью. Создано в доме высокой свадебной моды Christi Couture. Размер корректируется при подгонке платья. На сайте указана цена продажи.,Силуэт: Прямой,https://christiwedding.ru/catalog/tproduct/157878057-272892304662-christi-s-1239,https://static.tildacdn.com/stor6533-3639-4865-a134-306562633763/b78762f0717126c1bc14b7f62b17e1aa.jpg,https://static.tildacdn.com/stor6533-3639-4865-a134-306562633763/b78762f0717126c1bc14b7f62b17e1aa.jpg | https://static.tildacdn.com/stor3031-6637-4135-b731-336431313366/de4989f85bbc5ed8e58610b85d0d2f4b.jpg | https://static.tildacdn.com/stor3536-3439-4366-b134-373833363532/fe58c31bb4154934fad061ee0138d326.jpg | https://static.tildacdn.com/stor6439-6431-4461-a565-663839346466/33daaf228c5db496c025a3aa1acd34d3.jpg,4,true
623698242102,Christi S-1212,Christi Couture,,339000,488000,RUB,,Прямой,,,,,wedding_dress,female,,Платье из особой жаккардовой ткани формирует выразительный объём и роскошную фактуру. Чёткие линии силуэта подчёркивают изысканный стиль. Размер корректируется при подгонке платья. На сайте указана цена продажи.,Силуэт: Прямой,https://christiwedding.ru/catalog/tproduct/157878057-623698242102-christi-s-1212,https://static.tildacdn.com/stor3736-6266-4337-a466-313164386231/c693b8efcf6cf3a9d07df1f9307cfb3d.jpg,https://static.tildacdn.com/stor3736-6266-4337-a466-313164386231/c693b8efcf6cf3a9d07df1f9307cfb3d.jpg | https://static.tildacdn.com/stor6434-3034-4530-b465-323865656463/043383b60f776bf75092ac5f5ec935ff.jpg | https://static.tildacdn.com/stor6232-3730-4234-a263-336337336364/2663dd4176de562f72ec24b7ef3a10f8.jpg | https://static.tildacdn.com/stor3830-3934-4637-a536-376638313564/abced97803a07589d5db1d913e167132.jpg,4,true
135947553442,Christi S-1222,Christi Couture,,185000,490000,RUB,,Прямой,,,,,wedding_dress,female,,"Силуэтное платье, расшитое камнями и блестящим декором, искрится при каждом шаге. Торжественный шлейф создаёт эффект магического появления. Образ, который раскрывает всю силу сияния невесты. Размер корректируется при подгонке платья. На сайте указана цена продажи.",Силуэт: Прямой,https://christiwedding.ru/catalog/tproduct/157878057-135947553442-christi-s-1222,https://static.tildacdn.com/stor3532-6338-4638-a634-376638613932/c7670ae635100309f02769ee4f0b2278.jpg,https://static.tildacdn.com/stor3532-6338-4638-a634-376638613932/c7670ae635100309f02769ee4f0b2278.jpg | https://static.tildacdn.com/stor6661-3266-4935-b663-346332393732/6827bebad888b3dc197d27b68198c468.jpg | https://static.tildacdn.com/stor3262-3430-4666-b136-643731623666/f11cb36a7585d167ede2552b7c15b22a.jpg,3,true
220572175952,Christi A-1156,Christi Couture,,635000,0,RUB,,А-силуэт,,,,,wedding_dress,female,,"Эксклюзивная кружевная ткань, расшитая вручную, создаёт утончённый объём и сияние haute couture. Декоративные цепочки из жемчуга подчёркивают линию декольте, добавляя образу художественной элегантности. Размер корректируется при подгонке платья. На сайте указана цена продажи.",Силуэт: А-силуэт,https://christiwedding.ru/catalog/tproduct/157878057-220572175952-christi-a-1156,https://static.tildacdn.com/stor3133-3364-4037-b936-393536393638/e80752203f12a53fbc36841b80933359.jpg,https://static.tildacdn.com/stor3133-3364-4037-b936-393536393638/e80752203f12a53fbc36841b80933359.jpg | https://static.tildacdn.com/stor6136-3665-4130-a661-646432653232/b61d07f9653b8c991a38064c48d1ac91.jpg | https://static.tildacdn.com/stor3361-6333-4631-b536-313762333238/c69d302d51227261a3b4543d74644dc6.jpg | https://static.tildacdn.com/stor3637-6535-4163-b035-666166633136/3b898299bdf92e0f4b7e6b6c6a9da7bf.jpg,4,true
391302909512,Christi A-1153,Christi Couture,,795000,0,RUB,,А-силуэт,,,,,wedding_dress,female,,"Роскошное кружево, расшитое вручную, создаёт восхитительный объём и сияние высокой моды. Идеальная посадка формирует утончённую линию силуэта и подчёркивает аристократичность образа. Королевский шлейф завершает композицию, превращая каждый шаг невесты в величественный момент. Размер корректируется при подгонке платья. На сайте указана цена продажи.",Силуэт: А-силуэт,https://christiwedding.ru/catalog/tproduct/157878057-391302909512-christi-a-1153,https://static.tildacdn.com/stor3034-3034-4839-b163-303261316439/5574df915a957b98f3575ea67469a0ff.jpg,https://static.tildacdn.com/stor3034-3034-4839-b163-303261316439/5574df915a957b98f3575ea67469a0ff.jpg | https://static.tildacdn.com/stor6532-3038-4265-b061-393434373864/73323b29cb3c715b23e491de62e89b57.jpg | https://static.tildacdn.com/stor3661-3635-4062-a134-323931363461/6693c15de0cefe4dad895f5661306d26.jpg | https://static.tildacdn.com/stor6566-6439-4666-b030-306238346637/f4fccc84cbf32795585880fdf78a1d04.jpg | https://static.tildacdn.com/stor6431-6537-4163-a162-666635646532/c1d6363a440ebe06f9ab79dab612c6ee.jpg,5,true
199028333322,Christi S-1213,Christi Couture,,290000,418000,RUB,,Прямой,,,,,wedding_dress,female,,Силуэт «рыбка» из английского микадо создаёт эффект утончённой скульптуры. Съёмные цветы на плечах добавляют романтичный акцент. Трансформер для переменчивого настроения. Размер корректируется при подгонке платья. На сайте указана цена продажи.,Силуэт: Прямой,https://christiwedding.ru/catalog/tproduct/157878057-199028333322-christi-s-1213,https://static.tildacdn.com/stor3262-3865-4436-a161-646434613039/fd093f33cb43667b3d619a0f5fa0357d.jpg,https://static.tildacdn.com/stor3262-3865-4436-a161-646434613039/fd093f33cb43667b3d619a0f5fa0357d.jpg | https://static.tildacdn.com/stor6237-3365-4536-a634-396663643162/e1dceb321a18f213c73622e454cd7f63.jpg | https://static.tildacdn.com/stor3032-6431-4336-a535-353866646534/6c94dd7ab405e53f40a7cab08a93756a.jpg,3,true
328129475772,Christi A-1155,Christi Couture,,280000,425000,RUB,,А-силуэт,,,,,wedding_dress,female,,"Минималистичный силуэт встречается с искусно выполненными 3D-аппликациями, создавая утончённый объём и художественный акцент. Каждый цветок выполнен вручную, подчёркивая эксклюзивность и внимание к деталям. Размер корректируется при подгонке платья. На сайте указана цена продажи.",Силуэт: А-силуэт,https://christiwedding.ru/catalog/tproduct/157878057-328129475772-christi-a-1155,https://static.tildacdn.com/stor6566-3633-4466-b031-666333373439/6031caaa2df83ed18ecdd55025fabd46.jpg,https://static.tildacdn.com/stor6566-3633-4466-b031-666333373439/6031caaa2df83ed18ecdd55025fabd46.jpg | https://static.tildacdn.com/stor6531-3734-4330-b830-343737333935/7c7f2f0c2b4ea814e1cb3bd9bbe3b931.jpg | https://static.tildacdn.com/stor3561-6530-4936-a363-373231343261/4f0709ea5d5a9ca9cdf5c38fac37bc85.jpg | https://static.tildacdn.com/stor3237-3637-4365-a632-653833613566/fba28f7ce7252ac47aec3629e50afeeb.jpg,4,true
595222951542,Christi S-1209,Christi Couture,,775000,887000,RUB,,Прямой,,,,,wedding_dress,female,,"Силуэтное платье, расшитое эксклюзивными цветами с бисером, подчёркивает утончённую женственность. Пышный съёмный шлейф добавляет торжественный акцент и воздушную роскошь. Размер корректируется при подгонке платья. На сайте указана цена продажи.",Силуэт: Прямой,https://christiwedding.ru/catalog/tproduct/157878057-595222951542-christi-s-1209,https://static.tildacdn.com/stor6331-3735-4632-a536-623934623036/e302bee70720cd14d3c41b181b230572.jpg,https://static.tildacdn.com/stor6331-3735-4632-a536-623934623036/e302bee70720cd14d3c41b181b230572.jpg | https://static.tildacdn.com/stor3239-3661-4237-b464-623464363362/3c9ddb5afb3913d6c2f572c1a8b33895.jpg | https://static.tildacdn.com/stor6262-3263-4334-b366-336563393466/84326feded5d5c0920ce9c56aecc28ee.jpg | https://static.tildacdn.com/stor3866-6464-4630-b237-366636336430/641261313f920befd1a3fce584c3e3e4.jpg | https://static.tildacdn.com/stor3432-3233-4537-a562-333065323530/1de908dba9dcfc323f454b742db83f9d.jpg | https://static.tildacdn.com/stor3165-3439-4161-b864-353136383934/224e6b10d5b3aa0a3235185cd337eabf.jpg | https://static.tildacdn.com/stor3435-3062-4932-b538-383433313530/c94960dd2da089bf96b99dd76cbe0e67.jpg | https://static.tildacdn.com/stor3432-3661-4434-a264-303430633736/282d001048150a7a43f758c9ec4e7003.jpg,8,true
283530468762,Christi A-1220,Christi Couture,,560000,733000,RUB,,А-силуэт,,,,,wedding_dress,female,,"Мерцающее платье, расшитое эксклюзивным декором, сияет нежными отблесками при каждом движении. Утончённая игра света создаёт атмосферу волшебства вокруг невесты. В комплекте — расшитая фата, завершающая этот завораживающий образ. Размер корректируется при подгонке платья. На сайте указана цена продажи.",Силуэт: А-силуэт,https://christiwedding.ru/catalog/tproduct/157878057-283530468762-christi-a-1220,https://static.tildacdn.com/stor6365-3032-4562-b639-366162666263/869e6e3cde5b921379b6c6df33007523.jpg,https://static.tildacdn.com/stor6365-3032-4562-b639-366162666263/869e6e3cde5b921379b6c6df33007523.jpg | https://static.tildacdn.com/stor3037-3135-4731-b731-353964366664/d49c5ccf34cc4a9e9158846de8cb8a4b.jpg | https://static.tildacdn.com/stor6134-3637-4362-b739-366562386634/67f46460021ba8bcb47f0955d208c93b.jpg | https://static.tildacdn.com/stor6136-6431-4332-a338-636633356333/80fce5df9f31a9c56a6b4a4859a0220b.jpg | https://static.tildacdn.com/stor6664-3730-4438-a162-633834306265/b19d201918b6e09a82c405ab1c93d7b1.jpg | https://static.tildacdn.com/stor3665-6431-4363-b035-366334373236/f92c629537f31c10a7dc05cad94943c7.jpg,6,true
175304963162,Christi S-1183,Christi Couture,,215000,388000,RUB,,Прямой,,,,,wedding_dress,female,,Кружево с кордовой нитью создаёт богатую фактуру. Идеальная посадка подчёркивает линии фигуры. Таинственный силуэт «рыбка» добавляет чувственной элегантности. Размер корректируется при подгонке платья. На сайте указана цена продажи.,Силуэт: Прямой,https://christiwedding.ru/catalog/tproduct/157878057-175304963162-christi-s-1183,https://static.tildacdn.com/stor3163-3036-4836-b834-363830633234/9e13f9ebfa31163e0a4f3a321fe0971c.jpg,https://static.tildacdn.com/stor3163-3036-4836-b834-363830633234/9e13f9ebfa31163e0a4f3a321fe0971c.jpg | https://static.tildacdn.com/stor6364-3638-4333-a561-663736396630/bf4c050859ccf8a92b500999d4e2765f.jpg | https://static.tildacdn.com/stor3966-6566-4364-a263-663538336437/affb7c4131e908098eb5f77adc255ee2.jpg,3,true
972570126642,Christi A-1203,Christi Couture,,420000,588000,RUB,,А-силуэт,,,,,wedding_dress,female,,Особо скроенное платье с нежным шлейфом и съёмным боди. Образ легко преобразуется в открытый вариант для более смелого акцента. Две интерпретации элегантности в одном платье. Размер корректируется при подгонке платья. На сайте указана цена продажи.,Силуэт: А-силуэт,https://christiwedding.ru/catalog/tproduct/157878057-972570126642-christi-a-1203,https://static.tildacdn.com/stor6531-6662-4237-a662-333434316466/d2e31c671b5c3f233f9630f8e3bdb81f.jpg,https://static.tildacdn.com/stor6531-6662-4237-a662-333434316466/d2e31c671b5c3f233f9630f8e3bdb81f.jpg | https://static.tildacdn.com/stor6338-3466-4137-a436-333363633131/c4f5a371dc273116f01b35580221db86.jpg | https://static.tildacdn.com/stor6666-6233-4938-b765-373365616134/3ef2762b6c652c2eaf38a55ef3071b05.jpg,3,true
431356253472,Christi A-1150,Christi Couture,,690000,785000,RUB,,А-силуэт,,,,,wedding_dress,female,,"Английское микадо формирует архитектурный силуэт, который остаётся безупречным в каждом ракурсе. Асимметричные драпировки подчёркивают современный характер платья и мастерство ручной работы. Роскошная посадка создаёт ощущение королевского величия — образ для невесты, уверенной в своей уникальности. Размер корректируется при подгонке платья. На сайте указана цена продажи.",Силуэт: А-силуэт,https://christiwedding.ru/catalog/tproduct/157878057-431356253472-christi-a-1150,https://static.tildacdn.com/stor3135-6631-4733-a634-353966636537/0f31d36b41a5bd5fa84b2d6893006903.jpg,https://static.tildacdn.com/stor3135-6631-4733-a634-353966636537/0f31d36b41a5bd5fa84b2d6893006903.jpg | https://static.tildacdn.com/stor6264-3437-4234-b665-636137643062/5f569ce22e6a983752ad75a8eb6decaf.jpg | https://static.tildacdn.com/stor6532-3235-4633-b066-626631386262/9e1e61ba572b014da21d305913e6fd97.jpg | https://static.tildacdn.com/stor3638-3665-4831-b439-656262383761/25f398398f7a7fc05d722bf81751ad7d.jpg,4,true
250575931052,Christi A-1199,Christi Couture,,495000,659000,RUB,,А-силуэт,,,,,wedding_dress,female,,"Платье с особым съёмным корсетом, расшитым эксклюзивной ручной вышивкой. Роскошный шлейф придаёт образу величие и торжественность. Каждая деталь создана для настоящего восхищения. Размер корректируется при подгонке платья. На сайте указана цена продажи.",Силуэт: А-силуэт,https://christiwedding.ru/catalog/tproduct/157878057-250575931052-christi-a-1199,https://static.tildacdn.com/stor3162-6162-4761-b437-646162373030/71eab9eb7cd6ee956fb198f745cf7892.jpg,https://static.tildacdn.com/stor3162-6162-4761-b437-646162373030/71eab9eb7cd6ee956fb198f745cf7892.jpg | https://static.tildacdn.com/stor3632-3231-4136-b165-343638636434/5d174ac477c6391eff3bbffb0e09fd90.jpg,2,true
393417882142,Christi A-1157,Christi Couture,,475000,588000,RUB,,А-силуэт,,,,,wedding_dress,female,,"Эксклюзивная кружевная ткань, расшитая вручную и идеальная посадка корсета формирует безупречный силуэт и соблазнительную женственность в каждом движении. Размер корректируется при подгонке платья. На сайте указана цена продажи.",Силуэт: А-силуэт,https://christiwedding.ru/catalog/tproduct/157878057-393417882142-christi-a-1157,https://static.tildacdn.com/stor3566-6566-4166-b163-303330663932/894ac4673bbb1742aeb5d3b4d234f68f.jpg,https://static.tildacdn.com/stor3566-6566-4166-b163-303330663932/894ac4673bbb1742aeb5d3b4d234f68f.jpg | https://static.tildacdn.com/stor3562-6431-4262-a662-613534613666/384ab8322ee434c597a61b93aed08d9f.jpg,2,true
646624289222,Christi S-1143,Christi Couture,,285000,430000,RUB,,Прямой,,,,,wedding_dress,female,,"Французское кружево окутывает фигуру тончайшим узором, создавая силуэт утончённой грации. Съёмный чокер добавляет образу аристократичную смелость и позволяет невесте менять настроение в один момент. Размер корректируется при подгонке платья. На сайте указана цена продажи.",Силуэт: Прямой,https://christiwedding.ru/catalog/tproduct/157878057-646624289222-christi-s-1143,https://static.tildacdn.com/stor6162-3163-4836-b731-393437303638/06743b6480027a547cfe277f5fb18b0a.jpg,https://static.tildacdn.com/stor6162-3163-4836-b731-393437303638/06743b6480027a547cfe277f5fb18b0a.jpg | https://static.tildacdn.com/stor6231-3533-4539-b938-353034306438/ace4785ac085d133d780300c712a2ad6.jpg | https://static.tildacdn.com/stor3964-3064-4661-a263-356562383736/888427973e9b9527fefff69319550ffd.jpg,3,true
493327970572,Christi A-1115,Christi Couture,,625000,735000,RUB,,А-силуэт,,,,,wedding_dress,female,,"Платье из нежного микадо в цвете offf white с мягкой драпировкой для образа, неподвластного времени. Размер корректируется при подгонке платья. На сайте указана цена продажи.",Силуэт: А-силуэт,https://christiwedding.ru/catalog/tproduct/157878057-493327970572-christi-a-1115,https://static.tildacdn.com/stor3464-3933-4239-b331-343062636339/32987182.jpg,https://static.tildacdn.com/stor3464-3933-4239-b331-343062636339/32987182.jpg | https://static.tildacdn.com/stor3962-6330-4530-b064-636430643632/62238484.jpg | https://static.tildacdn.com/stor3961-6335-4636-b830-306362353832/51895467.jpg | https://static.tildacdn.com/stor3635-3662-4139-a535-373937343165/30124524.jpg | https://static.tildacdn.com/stor6165-6230-4963-b231-656534316332/34843093.jpg | https://static.tildacdn.com/stor3739-3934-4536-b332-373336396561/43462409.jpg,6,true
183414360172,Christi A-1182,Christi Couture,,488000,642000,RUB,,А-силуэт,,,,,wedding_dress,female,,Роскошный силуэт с особым кроем подчёркивает утончённость фигуры. Английское микадо придаёт образу благородный блеск. Лёгкий шлейф создаёт мягкую торжественность в каждом шаге. Размер корректируется при подгонке платья. На сайте указана цена продажи.,Силуэт: А-силуэт,https://christiwedding.ru/catalog/tproduct/157878057-183414360172-christi-a-1182,https://static.tildacdn.com/stor6465-3763-4437-b036-633761663761/69d01fe3f1e1f6cc8d06201253b4294d.jpg,https://static.tildacdn.com/stor6465-3763-4437-b036-633761663761/69d01fe3f1e1f6cc8d06201253b4294d.jpg | https://static.tildacdn.com/stor6131-6236-4263-a363-366130386531/8c896cb90e31dd8ba1517ec62d7f45b0.jpg | https://static.tildacdn.com/stor3639-3837-4931-b730-343232303162/3aa89dae7418eaf9abe87aa862629cc7.jpg | https://static.tildacdn.com/stor3563-3633-4330-a630-383839376161/629744b659fb4d74a1f8c1d690116a74.jpg,4,true
319465296262,Christi A-1159,Christi Couture,,570000,785000,RUB,,А-силуэт,,,,,wedding_dress,female,,"Платье из английского микада сочетает архитектурную чёткость линий и роскошный блеск ткани. Ручная вышивка жемчугом подчёркивает изысканный характер образа и добавляет сияющего утончённого акцента. В комплекте — фата, украшенная жемчугом, создающая идеальную завершённость и аристократичную гармонию. Размер корректируется при подгонке платья. На сайте указана цена продажи.",Силуэт: А-силуэт,https://christiwedding.ru/catalog/tproduct/157878057-319465296262-christi-a-1159,https://static.tildacdn.com/stor3965-3530-4664-b332-366438653465/0e63af7652fabd053fd4ffe324a1458c.jpg,https://static.tildacdn.com/stor3965-3530-4664-b332-366438653465/0e63af7652fabd053fd4ffe324a1458c.jpg | https://static.tildacdn.com/stor3236-3833-4361-b931-363839346432/80113f1650a3661df604c2e419b70769.jpg | https://static.tildacdn.com/stor6630-3930-4630-b636-316363363130/8ab68f93c6ebdddea799f8da2e135389.jpg,3,true
539726013382,Christi A-1165,Christi Couture,,275000,388000,RUB,,А-силуэт,,,,,wedding_dress,female,,"Особо уникальная ткань, украшенная вручную дополнительными лепестками, создаёт впечатление живого цветочного рельефа. Пышная юбка формирует величественный силуэт, наполняя каждый шаг воздушностью и драматизмом. Это тот самый неповторимый образ, который надолго останется в памяти — образ невесты, которую невозможно забыть. Размер корректируется при подгонке платья. На сайте указана цена продажи.",Силуэт: А-силуэт,https://christiwedding.ru/catalog/tproduct/157878057-539726013382-christi-a-1165,https://static.tildacdn.com/stor6365-6130-4466-b038-666135666265/d48c25bd3c16e000acc3bc1669de29e6.jpg,https://static.tildacdn.com/stor6365-6130-4466-b038-666135666265/d48c25bd3c16e000acc3bc1669de29e6.jpg | https://static.tildacdn.com/stor3333-3238-4633-a336-396539356465/50a9dac24284b8904a03917e98df7fd5.jpg | https://static.tildacdn.com/stor6538-6363-4134-b030-626535623933/91af6af9710b5328f46db6c16c705f65.jpg,3,true
544833103852,Christi A-1166,Christi Couture,,595000,0,RUB,,А-силуэт,,,,,wedding_dress,female,,"Английское микадо создаёт архитектурный силуэт с благородным блеском и идеальной формой. Длинные рукава, расшитые вручную, добавляют утончённой драматичности и ощущения высокой моды. Декорированный низ платья завершает образ, где каждая деталь подчёркивает роскошь и исключительность невесты. Размер корректируется при подгонке платья. На сайте указана цена продажи.",Силуэт: А-силуэт,https://christiwedding.ru/catalog/tproduct/157878057-544833103852-christi-a-1166,https://static.tildacdn.com/stor3964-3161-4431-b735-376565393436/902f433ecbe1aa1279e80e04dfe8e65b.jpg,https://static.tildacdn.com/stor3964-3161-4431-b735-376565393436/902f433ecbe1aa1279e80e04dfe8e65b.jpg | https://static.tildacdn.com/stor6133-3432-4364-b438-383537366565/0746792e27a720b24f6de722d8106459.jpg | https://static.tildacdn.com/stor3138-6462-4161-a534-396235373165/df38dab28bddeab8a7558a0df284b7c3.jpg | https://static.tildacdn.com/stor6562-3664-4762-a532-613062343934/5ba3fb6408d66d15572b0cbc32fc65b8.jpg | https://static.tildacdn.com/stor6165-6238-4137-a633-343961643364/b00028d59c99056bf19dd1bff5338bf1.jpg | https://static.tildacdn.com/stor6332-3933-4739-b336-643534303931/d2303dd8ac84527f0b1ac0d1953ffb3f.jpg | https://static.tildacdn.com/stor3334-3339-4438-a663-326565366161/b838ceed76c8a3d4224d4c14af9112cb.jpg,7,true
286888564252,Christi A-1121,Christi Couture,,428000,545000,RUB,,А-силуэт,,,,,wedding_dress,female,,"Идеальный баланс между утончённостью и роскошью: платье с 3D-цветами, выполненными вручную. Размер корректируется при подгонке платья. На сайте указана цена продажи.",Силуэт: А-силуэт,https://christiwedding.ru/catalog/tproduct/157878057-286888564252-christi-a-1121,https://static.tildacdn.com/stor6535-6261-4432-a330-363238396364/88217496.jpg,https://static.tildacdn.com/stor6535-6261-4432-a330-363238396364/88217496.jpg | https://static.tildacdn.com/stor3766-3863-4562-b335-386635623861/91419502.jpg | https://static.tildacdn.com/stor6161-6461-4561-b333-663231373566/81930069.jpg | https://static.tildacdn.com/stor3262-3930-4337-b766-666230613639/55751447.jpg | https://static.tildacdn.com/stor3331-3939-4734-b266-333762303131/81381469.jpg,5,true
373329690792,Christi S-1145,Christi Couture,,290000,480000,RUB,,Прямой,,,,,wedding_dress,female,,"Силуэтное платье из эксклюзивной сияющей ткани подчёркивает каждую линию фигуры с безупречной элегантностью. Съёмные крылья, расшитые вручную перьями, создают эффект воздушного движения и добавляют драматичности образу. Размер корректируется при подгонке платья. На сайте указана цена продажи.",Силуэт: Прямой,https://christiwedding.ru/catalog/tproduct/157878057-373329690792-christi-s-1145,https://static.tildacdn.com/stor3631-3664-4934-a639-393862653031/5af8cd101af4b661f92285d3ddfb006a.jpg,https://static.tildacdn.com/stor3631-3664-4934-a639-393862653031/5af8cd101af4b661f92285d3ddfb006a.jpg | https://static.tildacdn.com/stor3966-6630-4162-b439-383031633062/aa2dc10841bdf90b599add101d46738c.jpg,2,true
845543262402,Christi A-1170,Christi Couture,,255000,475000,RUB,,А-силуэт,,,,,wedding_dress,female,,"Пышное платье из кордового кружева создаёт впечатляющий объём и благородную фактуру в каждом движении. Корсетный верх подчёркивает линию фигуры, сохраняя королевскую осанку и элегантность. Торжественный шлейф завершает образ и делает выход невесты по-настоящему величественным. Размер корректируется при подгонке платья. На сайте указана цена продажи.",Силуэт: А-силуэт,https://christiwedding.ru/catalog/tproduct/157878057-845543262402-christi-a-1170,https://static.tildacdn.com/stor6162-3365-4339-a237-643237353432/768bb3cd2410e6817611cb6d46ac404c.jpg,https://static.tildacdn.com/stor6162-3365-4339-a237-643237353432/768bb3cd2410e6817611cb6d46ac404c.jpg | https://static.tildacdn.com/stor3861-3530-4363-a533-643765653764/48f7ba4679b4e461e5b628637bba1e60.jpg | https://static.tildacdn.com/stor3935-3231-4538-b537-633865326336/76160cf693eaf00dead094464e56fdaa.jpg,3,true
169975145192,Christi A-1141,Christi Couture,,388000,495000,RUB,,А-силуэт,,,,,wedding_dress,female,,Элегантный силуэт с идеальной посадкой подчёркивает естественную красоту невесты. Премиальная ткань и утончённые линии создают образ с безупречным чувством стиля. Размер корректируется при подгонке платья. На сайте указана цена продажи.,Силуэт: А-силуэт,https://christiwedding.ru/catalog/tproduct/157878057-169975145192-christi-a-1141,https://static.tildacdn.com/stor3437-3764-4135-a134-333431323161/c6e8579aef20fdd20c1b0843977cbf28.jpg,https://static.tildacdn.com/stor3437-3764-4135-a134-333431323161/c6e8579aef20fdd20c1b0843977cbf28.jpg | https://static.tildacdn.com/stor6666-3361-4332-b965-383266316563/921e3712cfedaa632773b382509e9003.jpg | https://static.tildacdn.com/stor6137-3461-4566-b931-303961373961/5796da482c3a2229500d5573d7e2fc4d.jpg | https://static.tildacdn.com/stor3533-3235-4666-a338-303834646330/7502d7ad6c6b62a7e7598f75cbdc6a16.jpg,4,true
579418023142,Christi A-1118,Christi Couture,,680000,790000,RUB,,А-силуэт,,,,,wedding_dress,female,,Благородное платье c цветочным декором ручной работы и длинным шлейфом — идеальное воплощение романтичности и роскоши. Размер корректируется при подгонке платья. На сайте указана цена продажи.,Силуэт: А-силуэт,https://christiwedding.ru/catalog/tproduct/157878057-579418023142-christi-a-1118,https://static.tildacdn.com/stor6466-3534-4361-b033-666536326565/41482448.jpg,https://static.tildacdn.com/stor6466-3534-4361-b033-666536326565/41482448.jpg | https://static.tildacdn.com/stor6336-3738-4430-b330-333564313663/13532804.jpg | https://static.tildacdn.com/stor3932-3232-4635-a431-663432633337/54896688.jpg,3,true
635813214952,Christi A-1120,Christi Couture,,575000,630000,RUB,,А-силуэт,,,,,wedding_dress,female,,"Элегантность с особыми линиями и драпировкой, где минимализм становится искусством. Размер корректируется при подгонке платья. На сайте указана цена продажи.",Силуэт: А-силуэт,https://christiwedding.ru/catalog/tproduct/157878057-635813214952-christi-a-1120,https://static.tildacdn.com/stor6333-6234-4264-b131-386234636565/24003949.jpg,https://static.tildacdn.com/stor6333-6234-4264-b131-386234636565/24003949.jpg | https://static.tildacdn.com/stor3936-3465-4337-b263-353733613134/18541766.jpg | https://static.tildacdn.com/stor3033-3065-4337-b166-646637386331/92635682.jpg,3,true
756662855682,Christi A-1125,Christi Couture,,685000,760000,RUB,,А-силуэт,,,,,wedding_dress,female,,"Элегантное платье из французского кружева, с изысканным шлейфом и особой съемной на вставкой на корсете. Размер корректируется при подгонке платья. На сайте указана цена продажи.",Силуэт: А-силуэт,https://christiwedding.ru/catalog/tproduct/157878057-756662855682-christi-a-1125,https://static.tildacdn.com/stor6639-6635-4364-b263-643833353538/45890712.jpg,https://static.tildacdn.com/stor6639-6635-4364-b263-643833353538/45890712.jpg | https://static.tildacdn.com/stor6330-3532-4564-b539-663537613431/28739325.jpg,2,true
779116848312,Christi A-1129,Christi Couture,,630000,780000,RUB,,А-силуэт,,,,,wedding_dress,female,,"Ручная вышивка, благородные ткани и шлейф, создающий по-настоящему королевский образ. В комплекте предлагается расшитая фата. Размер корректируется при подгонке платья. На сайте указана цена продажи.",Силуэт: А-силуэт,https://christiwedding.ru/catalog/tproduct/157878057-779116848312-christi-a-1129,https://static.tildacdn.com/stor3639-3338-4933-a331-323465613932/46116429.jpg,https://static.tildacdn.com/stor3639-3338-4933-a331-323465613932/46116429.jpg | https://static.tildacdn.com/stor3064-3837-4163-b564-636530653761/99516832.jpg | https://static.tildacdn.com/stor6361-3130-4234-a238-666135396161/86307360.jpg | https://static.tildacdn.com/stor3531-3838-4334-a238-626237613432/67295374.jpg,4,true
737691476872,Christi A-1109,Christi Couture,,475000,750000,RUB,,А-силуэт,,,,,wedding_dress,female,,"Лаконичное платье из английского атласа с нежной драпировкой, подчёркивающей изящество силуэта. Размер корректируется при подгонке платья. На сайте указана цена продажи.",Силуэт: А-силуэт,https://christiwedding.ru/catalog/tproduct/157878057-737691476872-christi-a-1109,https://static.tildacdn.com/stor3730-6432-4632-a164-303036376432/39470280.jpg,https://static.tildacdn.com/stor3730-6432-4632-a164-303036376432/39470280.jpg | https://static.tildacdn.com/stor6462-3732-4431-b565-393765633539/21322392.jpg | https://static.tildacdn.com/stor6437-6439-4130-b964-326638633066/49499429.jpg | https://static.tildacdn.com/stor6230-3861-4636-b739-333332373133/45125743.jpg | https://static.tildacdn.com/stor3364-3838-4231-a235-613337376566/47655514.jpg,5,true
959739289042,Christi A-1144,Christi Couture,,875000,0,RUB,,А-силуэт,,,,,wedding_dress,female,,Английская мятая тафта создаёт изысканный объём и игру света в каждом движении. Ручные 3D-цветы добавляют образу художественной глубины и утончённого романтизма. Съёмная вставка на плечи позволяет менять силуэт и настрой — от королевской сдержанности до чувственной элегантности. Размер корректируется при подгонке платья. На сайте указана цена продажи.,Силуэт: А-силуэт,https://christiwedding.ru/catalog/tproduct/157878057-959739289042-christi-a-1144,https://static.tildacdn.com/stor6336-3439-4432-a235-653036343161/c1088362875cfb2ccc60cf8522c2239c.jpg,https://static.tildacdn.com/stor6336-3439-4432-a235-653036343161/c1088362875cfb2ccc60cf8522c2239c.jpg | https://static.tildacdn.com/stor6637-3033-4730-b739-346666323430/145368b514568ab27812da6ecb7cf670.jpg,2,true
393467320892,Christi S-1122,Christi Couture,,380000,475000,RUB,,Прямой,,,,,wedding_dress,female,,"Изысканное платье от авторского бренда, где 3D цветы и особые линии кроя придают лаконичному образу утончённость. Размер корректируется при подгонке платья. На сайте указана цена продажи.",Силуэт: Прямой,https://christiwedding.ru/catalog/tproduct/157878057-393467320892-christi-s-1122,https://static.tildacdn.com/stor3963-3734-4338-b631-653930326264/70182619.jpg,https://static.tildacdn.com/stor3963-3734-4338-b631-653930326264/70182619.jpg | https://static.tildacdn.com/stor3134-3265-4231-b939-356564626231/19707830.jpg | https://static.tildacdn.com/stor6133-3634-4234-a334-366533636138/81840871.jpg | https://static.tildacdn.com/stor3632-6264-4566-a432-623031313737/90668561.jpg,4,true
617918099752,Christi S-1181,Christi Couture,,328000,480000,RUB,,Прямой,,,,,wedding_dress,female,,"Силуэтное платье «рыбка» из изысканного кружева подчёркивает женственность и элегантность каждой линии фигуры. Тонкая работа с рисунком кружева создаёт утончённый рельеф и лёгкое сияние в движении. Нежный шлейф добавляет образу романтику и воздушность, сохраняя изящество от первого шага до последнего танца. Размер корректируется при подгонке платья. На сайте указана цена продажи.",Силуэт: Прямой,https://christiwedding.ru/catalog/tproduct/157878057-617918099752-christi-s-1181,https://static.tildacdn.com/stor3666-6163-4139-a264-306262653366/e303b1726463aad1352f66924c3f1c0a.jpg,https://static.tildacdn.com/stor3666-6163-4139-a264-306262653366/e303b1726463aad1352f66924c3f1c0a.jpg | https://static.tildacdn.com/stor3934-6461-4734-b935-383336343930/305fea851cfb49298eda6371111eda3c.jpg | https://static.tildacdn.com/stor3539-3830-4761-a135-333932306130/392c187012fd36af483ecb501ba5aae9.jpg | https://static.tildacdn.com/stor3531-6332-4165-b839-346262343464/bd2ca022bd068df8361f3403a61ec8f1.jpg,4,true
797416207962,Christi S-1130,Christi Couture,,490000,0,RUB,,Прямой,,,,,wedding_dress,female,,Чистота стиля и особые линии кроя в минималистичном платье из теплого шелка. Размер корректируется при подгонке платья. На сайте указана цена продажи.,Силуэт: Прямой,https://christiwedding.ru/catalog/tproduct/157878057-797416207962-christi-s-1130,https://static.tildacdn.com/stor6536-3539-4766-b932-363534393464/44906416.jpg,https://static.tildacdn.com/stor6536-3539-4766-b932-363534393464/44906416.jpg | https://static.tildacdn.com/stor3139-3034-4837-b865-366230316538/75753317.jpg | https://static.tildacdn.com/stor6439-6661-4066-b763-653761373762/43561342.jpg,3,true
584609712372,Christi S-1124,Christi Couture,,430000,525000,RUB,,Прямой,,,,,wedding_dress,female,,Элегантность английского шелка в силуэтном платье с особыми линиями и жемчугом. Размер корректируется при подгонке платья. На сайте указана цена продажи.,Силуэт: Прямой,https://christiwedding.ru/catalog/tproduct/157878057-584609712372-christi-s-1124,https://static.tildacdn.com/stor3364-3630-4533-b631-633739376634/58682092.jpg,https://static.tildacdn.com/stor3364-3630-4533-b631-633739376634/58682092.jpg | https://static.tildacdn.com/stor3630-3633-4037-b637-306239383131/38691323.jpg | https://static.tildacdn.com/stor3332-6131-4631-a162-363539636536/49345885.jpg,3,true
532045805442,Christi S-1125,Christi Couture,,470000,585000,RUB,,Прямой,,,,,wedding_dress,female,,"Нежность ручной вышивки, эксклюзивные материалы и съемный чокер на шее — для невесты, выбирающей совершенство. Размер корректируется при подгонке платья. На сайте указана цена продажи.",Силуэт: Прямой,https://christiwedding.ru/catalog/tproduct/157878057-532045805442-christi-s-1125,https://static.tildacdn.com/stor6132-6133-4132-b863-326338353931/76632480.jpg,https://static.tildacdn.com/stor6132-6133-4132-b863-326338353931/76632480.jpg | https://static.tildacdn.com/stor6561-6264-4264-b432-613238646339/24644078.jpg | https://static.tildacdn.com/stor3332-3933-4035-b764-636663623838/72093213.jpg | https://static.tildacdn.com/stor6436-6338-4762-b438-623534643065/57406285.jpg,4,true
286916062712,Christi S-1132,Christi Couture,,890000,0,RUB,,Прямой,,,,,wedding_dress,female,,"Изысканный силуэт, эксклюзивные ткани и тонкая ручная работа — образ, достойный самых красивых моментов жизни. В комплекте предлагается съемный шлейф. Размер корректируется при подгонке платья. На сайте указана цена продажи.",Силуэт: Прямой,https://christiwedding.ru/catalog/tproduct/157878057-286916062712-christi-s-1132,https://static.tildacdn.com/stor3731-3366-4134-a634-366363343131/32470407.jpg,https://static.tildacdn.com/stor3731-3366-4134-a634-366363343131/32470407.jpg | https://static.tildacdn.com/stor6664-3662-4633-b136-316562336262/83824636.jpg | https://static.tildacdn.com/stor3939-6635-4230-a465-623431653832/44154122.jpg,3,true
875052423062,Christi S-1126,Christi Couture,,388000,0,RUB,,Прямой,,,,,wedding_dress,female,,"Сдержанная элегантность в платье из английского шелка, дополненная съемным кейпом. Размер корректируется при подгонке платья. На сайте указана цена продажи.",Силуэт: Прямой,https://christiwedding.ru/catalog/tproduct/157878057-875052423062-christi-s-1126,https://static.tildacdn.com/stor6234-3737-4432-b463-356261336639/63610681.jpg,https://static.tildacdn.com/stor6234-3737-4432-b463-356261336639/63610681.jpg | https://static.tildacdn.com/stor3439-6363-4432-a661-356562323263/71002379.jpg | https://static.tildacdn.com/stor6535-6134-4263-b836-613665333861/89538775.jpg,3,true
768736142782,Christi S-1112,Christi Couture,,490000,580000,RUB,,Прямой,,,,,wedding_dress,female,,Минимализм и чистота линий: платье выполнено из благородного микадо в цвете beige. Размер корректируется при подгонке платья. На сайте указана цена продажи.,Силуэт: Прямой,https://christiwedding.ru/catalog/tproduct/157878057-768736142782-christi-s-1112,https://static.tildacdn.com/stor3936-6266-4966-a466-343036646132/58808359.jpg,https://static.tildacdn.com/stor3936-6266-4966-a466-343036646132/58808359.jpg | https://static.tildacdn.com/stor3832-3837-4564-a363-383764373831/78959552.jpg,2,true
900454749861,Berta 22-104,Berta,,1170000,0,RUB,,А-силуэт,,,,,wedding_dress,female,,Роскошное платье с королевским шлейфом и цветочным мотивом из новой коллекции Берта. Размер корректируется при подгонке платья. На сайте указана цена продажи.,Силуэт: А-силуэт,https://christiwedding.ru/catalog/tproduct/157878057-900454749861-berta-22-104,https://static.tildacdn.com/stor6438-3835-4630-a339-313661653437/39777473.jpg,https://static.tildacdn.com/stor6438-3835-4630-a339-313661653437/39777473.jpg | https://static.tildacdn.com/stor3565-6432-4532-b735-346665343830/20501490.jpg | https://static.tildacdn.com/stor3939-3062-4034-b631-643765653163/88592913.jpg | https://static.tildacdn.com/stor3931-6639-4232-a562-663966646232/46094333.jpg,4,true
251484202301,Christi A-1106,Christi Couture,,290000,0,RUB,,А-силуэт,,,,,wedding_dress,female,,Аристократичное платье с изысканной драппировкой и воздушной юбкой из английского фатина. Размер корректируется при подгонке платья. На сайте указана цена продажи.,Силуэт: А-силуэт,https://christiwedding.ru/catalog/tproduct/157878057-251484202301-christi-a-1106,https://static.tildacdn.com/stor6631-3065-4139-b131-643137353134/45722587.jpg,https://static.tildacdn.com/stor6631-3065-4139-b131-643137353134/45722587.jpg | https://static.tildacdn.com/stor6461-3838-4166-a566-613761333437/94106434.jpg | https://static.tildacdn.com/stor6661-6362-4132-b163-636133616334/33388191.jpg,3,true
505873874482,Berta 24-P106,Berta,,670000,0,RUB,,Прямой,,,,,wedding_dress,female,,"Изысканное платье силуэта русалка, подчёркивающее линии фигуры. Особая симметрия кроя создаёт гармонию формы, подчёркивая элегантность и утонченность невесты. Размер корректируется при подгонке платья. На сайте указана цена продажи.",Силуэт: Прямой,https://christiwedding.ru/catalog/tproduct/157878057-505873874482-berta-24-p106,https://static.tildacdn.com/stor3334-3864-4033-a561-643766373266/68835170.jpg,https://static.tildacdn.com/stor3334-3864-4033-a561-643766373266/68835170.jpg | https://static.tildacdn.com/stor6162-6431-4031-b337-663732663839/71169064.jpg | https://static.tildacdn.com/stor3262-3737-4964-b863-366635613662/33826758.jpg | https://static.tildacdn.com/stor6435-6162-4132-a239-306231343131/32164105.jpg,4,true
552994887821,Christi S-149,Christi Couture,,395000,0,RUB,,Прямой,,,,,wedding_dress,female,,"Силуэтное платье из королевского атласа. Особенность этой модели в асимметрии, утонченной драппировке. Размер корректируется при подгонке платья. На сайте указана цена продажи.",Силуэт: Прямой,https://christiwedding.ru/catalog/tproduct/157878057-552994887821-christi-s-149,https://static.tildacdn.com/stor3032-3961-4466-b639-346366313563/22425701.jpg,https://static.tildacdn.com/stor3032-3961-4466-b639-346366313563/22425701.jpg | https://static.tildacdn.com/stor3761-6237-4336-b361-326230653938/61898836.jpg | https://static.tildacdn.com/stor3732-3532-4761-b038-306437323737/87596488.jpg | https://static.tildacdn.com/stor3338-6238-4738-b037-333661646466/59069691.jpg | https://static.tildacdn.com/stor3435-3661-4033-a137-353834333164/58487864.jpg | https://static.tildacdn.com/stor3438-3664-4436-a531-343965323734/12067297.jpg,6,true
922638748351,Dovita March,Dovita,,645000,0,RUB,,Прямой,,,,,wedding_dress,female,,Когда неустаревающая классика и современные линии встречаются в одном соблазнительном платье. Размер корректируется при подгонке платья. На сайте указана цена продажи.,Силуэт: Прямой,https://christiwedding.ru/catalog/tproduct/157878057-922638748351-dovita-march,https://static.tildacdn.com/stor3666-3231-4639-a538-366339643132/56780233.jpg,https://static.tildacdn.com/stor3666-3231-4639-a538-366339643132/56780233.jpg | https://static.tildacdn.com/stor6566-3139-4130-b932-613230363937/99641059.jpg | https://static.tildacdn.com/stor3764-3539-4235-b264-396632333138/77207712.jpg | https://static.tildacdn.com/stor6639-3133-4864-a438-323865306133/49685307.jpg,4,true
775587747631,Dovita Verona,Dovita,,385000,0,RUB,,А-силуэт,,,,,wedding_dress,female,,"Долгожданное платье из новой коллекции миланского бренда Dovita Bridal. Длинные рукава-буфы, невероятно легкая юбка и цветочный декор Размер корректируется при подгонке платья. На сайте указана цена продажи.",Силуэт: А-силуэт,https://christiwedding.ru/catalog/tproduct/157878057-775587747631-dovita-verona,https://static.tildacdn.com/stor3232-6631-4863-a536-373139383534/73262924.jpg,https://static.tildacdn.com/stor3232-6631-4863-a536-373139383534/73262924.jpg | https://static.tildacdn.com/stor3735-3837-4936-a664-663630613430/26570942.jpg | https://static.tildacdn.com/stor6363-6132-4333-b339-353765316137/76653530.jpg,3,true
478020376241,Christi A-092,Christi Couture,,590000,0,RUB,,А-силуэт,,,,,wedding_dress,female,,"Платье ручной работы. Выполнено из французского кружева шантильи и нежных аппликаций. Длинные рукава, закрытое горло и небольшой объем в плечах. Размер корректируется при подгонке платья. На сайте указана цена продажи.",Силуэт: А-силуэт,https://christiwedding.ru/catalog/tproduct/157878057-478020376241-christi-a-092,https://static.tildacdn.com/tild6537-3839-4263-a334-316134326362/DSCF1662.jpg,https://static.tildacdn.com/tild6537-3839-4263-a334-316134326362/DSCF1662.jpg | https://static.tildacdn.com/tild3962-6330-4361-a238-366138613933/DSCF1666.jpg | https://static.tildacdn.com/tild3439-3837-4239-b263-613866636535/DSCF1639.jpg | https://static.tildacdn.com/tild3939-6561-4238-b731-303732333037/DSCF1569.jpg | https://static.tildacdn.com/tild3235-3730-4332-a262-616238613630/A64A9842.jpg,5,true
701331830401,Dovita Moon,Dovita,,475000,679000,RUB,,Прямой,,,,,wedding_dress,female,,Силуэтный трансформер со съемной юбкой. Выполнено из итальянского шелковистого атласа с тонкими вкраплениями кристаллов на лифе и линии талии. Размер корректируется при подгонке платья. На сайте указана цена продажи.,Силуэт: Прямой,https://christiwedding.ru/catalog/tproduct/157878057-701331830401-dovita-moon,https://static.tildacdn.com/stor3065-6138-4161-b664-346239316463/77957632.jpg,https://static.tildacdn.com/stor3065-6138-4161-b664-346239316463/77957632.jpg | https://static.tildacdn.com/stor3432-3937-4835-a266-316434343865/31948397.jpg | https://static.tildacdn.com/stor3037-3535-4634-b035-623530326139/11762424.jpg,3,true
889395995771,Dovita Orchidea,Dovita,,379000,0,RUB,,А-силуэт,,,,,wedding_dress,female,,Цветочный декор и французское кружево шантильи делает это платье из новой коллекции особенным и уникальным. Размер корректируется при подгонке платья. На сайте указана цена продажи.,Силуэт: А-силуэт,https://christiwedding.ru/catalog/tproduct/157878057-889395995771-dovita-orchidea,https://static.tildacdn.com/stor6561-6330-4862-a531-656338613135/81278859.jpg,https://static.tildacdn.com/stor6561-6330-4862-a531-656338613135/81278859.jpg | https://static.tildacdn.com/stor3563-6265-4163-b934-623830623863/95196941.jpg | https://static.tildacdn.com/stor6532-3562-4236-b866-363664633265/47230779.jpg,3,true
734847733431,Dovita Stella,Dovita,,185000,398000,RUB,,А-силуэт,,,,,wedding_dress,female,,В таком платье с разрезом на ножке и роскошный шлейфом каждая невеста почувствует себя особенной. Размер корректируется при подгонке платья. На сайте указана цена продажи.,Силуэт: А-силуэт,https://christiwedding.ru/catalog/tproduct/157878057-734847733431-dovita-stella,https://static.tildacdn.com/stor3438-6166-4366-b163-623465646336/78566145.jpg,https://static.tildacdn.com/stor3438-6166-4366-b163-623465646336/78566145.jpg | https://static.tildacdn.com/stor3463-6238-4733-b963-303466633333/12800502.jpg | https://static.tildacdn.com/stor3339-3461-4633-b661-306135393862/55554549.jpg | https://static.tildacdn.com/stor3366-3531-4264-b033-393330323164/51634571.jpg,4,true
212651916851,Berta 23-115,Berta,,1390000,0,RUB,,А-силуэт,,,,,wedding_dress,female,,"Абсолютный бестселлер. Платье, которое Берта создала и изготовила для своей дочери и в будущем оно покорит соц сети и всех невест по миру. Размер корректируется при подгонке платья. На сайте указана цена продажи.",Силуэт: А-силуэт,https://christiwedding.ru/catalog/tproduct/157878057-212651916851-berta-23-115,https://static.tildacdn.com/stor3337-6263-4062-b036-393730383265/45547313.jpg,https://static.tildacdn.com/stor3337-6263-4062-b036-393730383265/45547313.jpg | https://static.tildacdn.com/stor3433-3963-4265-b063-386235346163/22255077.jpg | https://static.tildacdn.com/stor6463-3031-4035-b039-646139366238/69255575.jpg | https://static.tildacdn.com/stor3832-3464-4636-a335-366664623531/74332576.jpg,4,true
820355271331,Berta 22-111,Berta,,1058000,0,RUB,,А-силуэт,,,,,wedding_dress,female,,"Легкое и элегантное платье с гламурным кроем и невероятным шлейфом, усыпанное цветочным декором Размер корректируется при подгонке платья. На сайте указана цена продажи.",Силуэт: А-силуэт,https://christiwedding.ru/catalog/tproduct/157878057-820355271331-berta-22-111,https://static.tildacdn.com/stor6634-6231-4964-a635-306334663864/33228627.jpg,https://static.tildacdn.com/stor6634-6231-4964-a635-306334663864/33228627.jpg | https://static.tildacdn.com/stor3738-6262-4461-b463-646565313338/15050231.jpg | https://static.tildacdn.com/stor3762-3732-4865-b961-636633356537/78159708.jpg,3,true
240472215702,Berta Muse Kennedy,Berta,,615000,0,RUB,,А-силуэт,,,,,wedding_dress,female,,Сверкающая и долгожданная новинка из последней коллекции BERTA уже доступно для примерки в Москве Размер корректируется при подгонке платья. На сайте указана цена продажи.,Силуэт: А-силуэт,https://christiwedding.ru/catalog/tproduct/157878057-240472215702-berta-muse-kennedy,https://static.tildacdn.com/stor3163-3434-4530-b130-616631336333/46096688.jpg,https://static.tildacdn.com/stor3163-3434-4530-b130-616631336333/46096688.jpg | https://static.tildacdn.com/stor3861-3465-4230-a262-363937396666/32087741.jpg | https://static.tildacdn.com/stor6337-3061-4162-a265-616263626264/79923719.jpg,3,true
639009899331,Berta 22-109,Berta,,1090000,0,RUB,,А-силуэт,,,,,wedding_dress,female,,"Это платье олицетворяет беззаботный мир богемного свадебного стиля модного дома Берта. Длинные рукава, нежный вырез и воздушный шлейф Размер корректируется при подгонке платья. На сайте указана цена продажи.",Силуэт: А-силуэт,https://christiwedding.ru/catalog/tproduct/157878057-639009899331-berta-22-109,https://static.tildacdn.com/stor6239-3063-4637-b232-626265646238/68491535.jpg,https://static.tildacdn.com/stor6239-3063-4637-b232-626265646238/68491535.jpg | https://static.tildacdn.com/stor6163-3630-4562-b964-636334383732/41466621.jpg | https://static.tildacdn.com/stor6463-3964-4565-a631-323433393835/52669068.jpg | https://static.tildacdn.com/stor6237-3161-4466-b935-366166306536/51012559.jpg,4,true
799111634532,Berta Muse Kaia,Berta,,589000,0,RUB,,А-силуэт,,,,,wedding_dress,female,,"Это замысловатое платье воплощает в себе все, чем славится Берта. Изысканные ткани, безупречное мастерство и идеальный крой. Размер корректируется при подгонке платья. На сайте указана цена продажи.",Силуэт: А-силуэт,https://christiwedding.ru/catalog/tproduct/157878057-799111634532-berta-muse-kaia,https://static.tildacdn.com/stor6535-3235-4361-b430-373530663034/59542706.jpg,https://static.tildacdn.com/stor6535-3235-4361-b430-373530663034/59542706.jpg | https://static.tildacdn.com/stor3733-3162-4331-b233-396131333737/94117613.jpg | https://static.tildacdn.com/stor6332-3733-4533-b934-343739633434/68321995.jpg,3,true
609238110991,Berta Muse Ivanka,Berta,,577000,0,RUB,,Прямой,,,,,wedding_dress,female,,"Платье с акцентом на деталях. Цветочные аппликации, нежный блеск и бантики на плечах. В таком платье каждая невеста почувствует себя особенной. Размер корректируется при подгонке платья. На сайте указана цена продажи.",Силуэт: Прямой,https://christiwedding.ru/catalog/tproduct/157878057-609238110991-berta-muse-ivanka,https://static.tildacdn.com/stor3830-3065-4434-b932-373761333466/21650263.jpg,https://static.tildacdn.com/stor3830-3065-4434-b932-373761333466/21650263.jpg | https://static.tildacdn.com/stor6161-3063-4362-b831-393939633032/58570452.jpg | https://static.tildacdn.com/stor3935-3661-4233-b865-343135306230/75667236.jpg | https://static.tildacdn.com/stor6339-3032-4839-a434-316161373833/28846195.jpg,4,true
210413822808,Berta 20-107,Berta,,895000,0,RUB,,А-силуэт,,,,,wedding_dress,female,,"Мечтательное и блестящее. Романтичное и сексуальное. Специальная ткань создает иллюзию мерцающего звездного неба. Словно специально создано для невесты, которая не боится быть смелой и отойти от привычного представления о свадебном наряде и подчеркнуть свою индивидуальность нарядом израильского дизайнера. Размер корректируется при подгонке платья. На сайте указана цена продажи.",Силуэт: А-силуэт,https://christiwedding.ru/catalog/tproduct/157878057-210413822808-berta-20-107,https://static.tildacdn.com/tild3631-3734-4135-a430-636337616532/20-107-2.jpg,https://static.tildacdn.com/tild3631-3734-4135-a430-636337616532/20-107-2.jpg | https://static.tildacdn.com/tild3965-3533-4562-b032-336265663236/20-107-3.jpg,2,true
625087287731,Berta 22-06,Berta,,969000,0,RUB,,А-силуэт,,,,,wedding_dress,female,,"Бестселлер и одна из самых популярных моделей последней коллекции. Объемный А-силуэт, цветочный 3D декор и открытая спинка Размер корректируется при подгонке платья. На сайте указана цена продажи.",Силуэт: А-силуэт,https://christiwedding.ru/catalog/tproduct/157878057-625087287731-berta-22-06,https://static.tildacdn.com/stor6131-6265-4165-b038-623466343861/55479851.jpg,https://static.tildacdn.com/stor6131-6265-4165-b038-623466343861/55479851.jpg | https://static.tildacdn.com/stor6633-3135-4131-b436-623363313430/86291826.jpg | https://static.tildacdn.com/stor6639-6433-4561-b864-383837353765/15032348.jpg | https://static.tildacdn.com/stor3131-3266-4035-b534-333135323539/77105127.jpg | https://static.tildacdn.com/stor3035-3935-4833-b737-396539636636/33247374.jpg | https://static.tildacdn.com/stor3637-6338-4130-b733-353430393130/89203447.jpg | https://static.tildacdn.com/stor3230-6263-4962-b736-363638353333/44539107.jpg,7,true
789283598411,Berta Muse Irma,Berta,,593000,0,RUB,,Прямой,,,,,wedding_dress,female,,"Нежное, воздушное и романтичное. Платье с открытым верхом и многослойной, воздушной юбкой. Размер корректируется при подгонке платья. На сайте указана цена продажи.",Силуэт: Прямой,https://christiwedding.ru/catalog/tproduct/157878057-789283598411-berta-muse-irma,https://static.tildacdn.com/stor3230-3730-4161-a139-653461386363/69081226.jpg,https://static.tildacdn.com/stor3230-3730-4161-a139-653461386363/69081226.jpg | https://static.tildacdn.com/stor6663-6439-4734-a338-353636613364/82109114.jpg | https://static.tildacdn.com/stor3562-6639-4965-a134-366263363139/76309876.jpg,3,true
954607101732,Berta Muse Lena,Berta,,619000,0,RUB,,Прямой,,,,,wedding_dress,female,,"Нежное, воздушное и романтичное. Платье с открытым верхом и многослойной, воздушной юбкой. Размер корректируется при подгонке платья. На сайте указана цена продажи.",Силуэт: Прямой,https://christiwedding.ru/catalog/tproduct/157878057-954607101732-berta-muse-lena,https://static.tildacdn.com/stor6334-3934-4162-a339-643838643536/31865380.jpg,https://static.tildacdn.com/stor6334-3934-4162-a339-643838643536/31865380.jpg | https://static.tildacdn.com/stor3837-3835-4735-a435-613338623734/92763383.jpg | https://static.tildacdn.com/stor6561-3639-4161-a564-623933636234/14451620.jpg,3,true
438430097571,Berta 22-02,Berta,,885000,0,RUB,,А-силуэт,,,,,wedding_dress,female,,"Роскошный А-силуэт, глубокое декольте и торжественный шлейф, то чем славится знаменитый дизайнер Berta Размер корректируется при подгонке платья. На сайте указана цена продажи.",Силуэт: А-силуэт,https://christiwedding.ru/catalog/tproduct/157878057-438430097571-berta-22-02,https://static.tildacdn.com/stor6366-3564-4338-a536-306161666431/83122805.jpg,https://static.tildacdn.com/stor6366-3564-4338-a536-306161666431/83122805.jpg | https://static.tildacdn.com/stor6338-3366-4661-b061-333362633933/20096339.jpg | https://static.tildacdn.com/stor3139-3237-4364-a462-323362643161/42216519.jpg | https://static.tildacdn.com/stor3639-6435-4235-a565-666536643233/32973860.jpg | https://static.tildacdn.com/stor6638-6464-4931-a331-363334613934/89636372.jpg | https://static.tildacdn.com/stor6236-6362-4765-a364-643531336466/13476985.jpg,6,true
317797303632,Berta Muse Bella,Berta,,585000,0,RUB,,А-силуэт,,,,,wedding_dress,female,,"Сексуальный разрез сбоку и замысловатый верх, украшенный цветочными аппликациями, делает это платье по-настоящему особенным. Завершает образ юбка из тюля с низкой спинкой. Надев это платье, вы влюбитесь в него раз и навсегда. Размер корректируется при подгонке платья. На сайте указана цена продажи.",Силуэт: А-силуэт,https://christiwedding.ru/catalog/tproduct/157878057-317797303632-berta-muse-bella,https://static.tildacdn.com/tild6163-3364-4866-a264-363134393735/Muse_Bella.jpg,https://static.tildacdn.com/tild6163-3364-4866-a264-363134393735/Muse_Bella.jpg | https://static.tildacdn.com/tild6361-3035-4062-a666-316436646330/Muse_Bella_2.jpg | https://static.tildacdn.com/tild3263-3838-4335-a238-623235313034/Muse_Bella_3.jpg | https://static.tildacdn.com/tild3936-6638-4965-a662-636332336434/BG6I9678.jpg | https://static.tildacdn.com/tild6463-3830-4561-a461-653066646136/BG6I9717.jpg | https://static.tildacdn.com/tild3538-3865-4966-a137-313030313238/BG6I9764.jpg,6,true
831416122702,Berta Muse Lola,Berta,,588000,0,RUB,,Прямой,,,,,wedding_dress,female,,"Французское кружево оттенка айвори, открытая спинка, карманы и небольшой шлейф. Размер корректируется при подгонке платья. На сайте указана цена продажи.",Силуэт: Прямой,https://christiwedding.ru/catalog/tproduct/157878057-831416122702-berta-muse-lola,https://static.tildacdn.com/stor3835-6139-4562-b435-393630323337/82389982.jpg,https://static.tildacdn.com/stor3835-6139-4562-b435-393630323337/82389982.jpg | https://static.tildacdn.com/stor3862-6138-4030-b139-666235313833/18140912.jpg | https://static.tildacdn.com/stor6631-3639-4332-a335-316631663532/70107150.jpg,3,true
382857899965,Christi-S027,Christi Couture,,238000,0,RUB,,Прямой,,,,,wedding_dress,female,,"Выразительный силуэт и грациозные изгибы. Соблазнительное платье, которое подчеркнет женскую фигуру. Спинка до талии выполнена из ажурной ткани. Добавить шарма к образу можно кейпом-накидкой и поясом из жемчуга. Размер корректируется при подгонке платья. На сайте указана цена продажи.",Силуэт: Прямой,https://christiwedding.ru/catalog/tproduct/157878057-382857899965-christi-s027,https://static.tildacdn.com/tild3834-3839-4761-b139-343430656635/Photo_091.jpg,https://static.tildacdn.com/tild3834-3839-4761-b139-343430656635/Photo_091.jpg | https://static.tildacdn.com/tild3061-6232-4238-b061-396131633936/Photo_061.jpg | https://static.tildacdn.com/tild3734-3332-4939-b638-363239613437/Photo_070.jpg | https://static.tildacdn.com/tild6330-3933-4835-b731-353164373131/Photo_141.jpg | https://static.tildacdn.com/tild3361-3963-4430-a533-396432613165/S-027_2.jpg,5,true
232739352221,Dovita Victory,Dovita,,655000,0,RUB,,Прямой,,,,,wedding_dress,female,,Почувствовать себя настоящей принцессой можно в расшитом платье от миланского бренда Dovita. Эксклюзивно в Christi. Размер корректируется при подгонке платья. На сайте указана цена продажи.,Силуэт: Прямой,https://christiwedding.ru/catalog/tproduct/157878057-232739352221-dovita-victory,https://static.tildacdn.com/stor6332-3962-4435-b133-366638643730/39453572.jpg,https://static.tildacdn.com/stor6332-3962-4435-b133-366638643730/39453572.jpg | https://static.tildacdn.com/stor6462-3564-4966-a566-616539623532/33248104.jpg | https://static.tildacdn.com/stor3636-3835-4137-b038-336635626131/78355019.jpg | https://static.tildacdn.com/stor6236-3366-4734-b738-363663383033/55485081.jpg,4,true
957868251821,Dovita Camellia,Dovita,,495000,758000,RUB,,Прямой,,,,,wedding_dress,female,,Элегантное платье с открытыми плечами и 3D кружевом от миланского бренда Dovita. Эксклюзивно в Christi. Размер корректируется при подгонке платья. На сайте указана цена продажи.,Силуэт: Прямой,https://christiwedding.ru/catalog/tproduct/157878057-957868251821-dovita-camellia,https://static.tildacdn.com/stor6665-3931-4661-b934-636665393733/56777523.jpg,https://static.tildacdn.com/stor6665-3931-4661-b934-636665393733/56777523.jpg | https://static.tildacdn.com/stor3531-6266-4062-a662-666333376132/34297678.jpg | https://static.tildacdn.com/stor3235-3231-4161-b339-313966376563/19417832.jpg,3,true
335772749720,Berta 20-113,Berta,,898000,0,RUB,,А-силуэт,,,,,wedding_dress,female,,Сексуальное платье с глубоким разрезом до бедра. Роскошный топ в стиле корсета без бретелей и многослойная тюлевой юбка. Металлические цветочные элементы добавляют неотразимый блеск. Размер корректируется при подгонке платья. На сайте указана цена продажи.,Силуэт: А-силуэт,https://christiwedding.ru/catalog/tproduct/157878057-335772749720-berta-20-113,https://static.tildacdn.com/tild6464-6538-4162-a563-633631656661/20-113.jpg,https://static.tildacdn.com/tild6464-6538-4162-a563-633631656661/20-113.jpg | https://static.tildacdn.com/tild3836-3936-4431-a332-613837633332/20-113-3.jpg | https://static.tildacdn.com/tild3835-6636-4462-a131-353266366435/20-113-2.jpg,3,true
158276478275,Berta Muse Gali,Berta,,575000,0,RUB,,Прямой,,,,,wedding_dress,female,,"Платье Gali олицетворяет беззаботный мир богемного свадебного стиля и воплощает чувство и страсть к путешествиям. Прямой силуэт, глубокий V-образный вырез спереди и романтичная юбка из слоев шелкового тюля кремовых оттенков Размер корректируется при подгонке платья. На сайте указана цена продажи.",Силуэт: Прямой,https://christiwedding.ru/catalog/tproduct/157878057-158276478275-berta-muse-gali,https://static.tildacdn.com/tild3039-3365-4564-a635-616239336136/21-43-GALI1-scaled.jpg,https://static.tildacdn.com/tild3039-3365-4564-a635-616239336136/21-43-GALI1-scaled.jpg | https://static.tildacdn.com/tild3033-6234-4031-b130-616138366463/21-43-GALI2-scaled.jpg,2,true
109557275535,Berta 20-14,Berta,,1435000,0,RUB,,А-силуэт,,,,,wedding_dress,female,,"Роскошное сверкающее платье с длинными рукавами, V-образным вырезом и невероятным шлейфом. В таком платье каждая невеста почувствует себя особенной. Размер корректируется при подгонке платья. На сайте указана цена продажи.",Силуэт: А-силуэт,https://christiwedding.ru/catalog/tproduct/157878057-109557275535-berta-20-14,https://static.tildacdn.com/tild6334-3762-4961-b130-303265663562/Berta_20-14.jpg,https://static.tildacdn.com/tild6334-3762-4961-b130-303265663562/Berta_20-14.jpg | https://static.tildacdn.com/tild3336-3334-4036-a539-303162346466/Berta_20-14_2.jpg | https://static.tildacdn.com/tild3732-3436-4464-b039-326166383462/Berta_20-14_3.jpg,3,true
643911761061,Berta 19-05,Berta,,778000,0,RUB,,А-силуэт,,,,,wedding_dress,female,,"Блестящий А-силуэт с нежным цветочными декором. Надев это платье, вы влюбитесь в него раз и навсегда. Размер корректируется при подгонке платья. На сайте указана цена продажи.",Силуэт: А-силуэт,https://christiwedding.ru/catalog/tproduct/157878057-643911761061-berta-19-05,https://static.tildacdn.com/tild3637-6238-4364-b238-393866373461/BG6I9672.jpg,https://static.tildacdn.com/tild3637-6238-4364-b238-393866373461/BG6I9672.jpg | https://static.tildacdn.com/tild3966-3730-4235-b666-646435643161/BG6I9690.jpg | https://static.tildacdn.com/tild6364-6266-4163-a563-306134383362/BG6I9684.jpg | https://static.tildacdn.com/tild6239-3264-4431-b962-393562666630/BG6I9649.jpg,4,true
397756271031,Dovita Gemma,Dovita,,685000,0,RUB,,Прямой,,,,,wedding_dress,female,,"Кружевной верх, атласная юбка и невероятный шлейф от миланского бренда Dovita. Идеальный выбор для современный невесты-принцессы. Размер корректируется при подгонке платья. На сайте указана цена продажи.",Силуэт: Прямой,https://christiwedding.ru/catalog/tproduct/157878057-397756271031-dovita-gemma,https://static.tildacdn.com/stor6263-6636-4364-b565-616637383038/25662941.jpg,https://static.tildacdn.com/stor6263-6636-4364-b565-616637383038/25662941.jpg | https://static.tildacdn.com/stor6135-6634-4164-b436-653033633032/90162830.jpg | https://static.tildacdn.com/stor3761-6633-4732-b438-313361363065/86527755.jpg,3,true
804373022581,Christi-S044,Christi Couture,,175000,320000,RUB,,Прямой,,,,,wedding_dress,female,,"Минималистичное платье – трансформер из шелкового атласа. Драпировка на лифе подчеркнет линию плеч, а съемная юбка сделает образ элегантным. Размер корректируется при подгонке платья. На сайте указана цена продажи.",Силуэт: Прямой,https://christiwedding.ru/catalog/tproduct/157878057-804373022581-christi-s044,https://static.tildacdn.com/tild3638-3339-4336-a563-636461663837/2020-10-31_202359.JPG,https://static.tildacdn.com/tild3638-3339-4336-a563-636461663837/2020-10-31_202359.JPG | https://static.tildacdn.com/tild6237-3662-4138-b566-336231343238/A64A9718_.jpg | https://static.tildacdn.com/tild6662-3264-4539-a266-313333623536/2020-10-31_201716.JPG | https://static.tildacdn.com/tild3963-3235-4738-b630-306664653366/2020-10-31_201647.JPG | https://static.tildacdn.com/tild6266-6334-4931-a439-313562616136/2020-10-31_203042.JPG,5,true
312795376371,Dovita Aster,Dovita,,598000,625000,RUB,,Прямой,,,,,wedding_dress,female,,"Эффектное платье, которое запомнится всем. Открытый верх, неповторимая и сложная юбка и лаконичная фата от миланского бренда Dovita Размер корректируется при подгонке платья. На сайте указана цена продажи.",Силуэт: Прямой,https://christiwedding.ru/catalog/tproduct/157878057-312795376371-dovita-aster,https://static.tildacdn.com/stor3666-3539-4733-b432-393938616565/89273788.jpg,https://static.tildacdn.com/stor3666-3539-4733-b432-393938616565/89273788.jpg | https://static.tildacdn.com/stor3031-3632-4665-b639-646633656361/47771695.jpg | https://static.tildacdn.com/stor6162-6361-4139-b034-643037366631/44870558.jpg | https://static.tildacdn.com/stor3966-3165-4935-b861-336362643963/85097799.jpg,4,true
733826428226,Christi-S011,Christi Couture,,388000,0,RUB,,Прямой,,,,,wedding_dress,female,,"Роскошное платье-трансформер. Симбиоз белого и серебристого оттенка. Словно специально создано для невесты, которая не боится быть смелой и отойти от привычного представления о свадебном наряде.",Силуэт: Прямой,https://christiwedding.ru/catalog/tproduct/157878057-733826428226-christi-s011,https://static.tildacdn.com/tild6334-3432-4331-b436-626332393231/8X0A5106_.jpg,https://static.tildacdn.com/tild6334-3432-4331-b436-626332393231/8X0A5106_.jpg | https://static.tildacdn.com/tild6632-3632-4639-b238-326464306534/8X0A5006_.jpg | https://static.tildacdn.com/tild3039-3033-4938-b961-623334366337/IMG_5625_.jpg | https://static.tildacdn.com/tild6130-3434-4030-a435-623165356432/IMG_5453_1_.jpg,4,true
986991362259,Galia Lahav Magnolia,Galia Lahav,,835000,915000,RUB,,А-силуэт,,,,,wedding_dress,female,,"Роскошное платье-трансформер, выполненное из мягкого шелкового тюля, драпированного корсета и объемной юбки",Силуэт: А-силуэт,https://christiwedding.ru/catalog/tproduct/157878057-986991362259-galia-lahav-magnolia,https://static.tildacdn.com/tild3031-6562-4836-b138-636434333230/Magnolia-front2-1440.jpg,https://static.tildacdn.com/tild3031-6562-4836-b138-636434333230/Magnolia-front2-1440.jpg | https://static.tildacdn.com/tild3036-3838-4562-b661-333937643338/Magnolia-cape-back-1.jpg | https://static.tildacdn.com/tild3562-6139-4266-b763-663965636635/DSC7925-1440x2157.jpg | https://static.tildacdn.com/tild3632-3066-4066-b063-633032666634/DSC_9582-1440x2160.jpg | https://static.tildacdn.com/tild3166-3737-4561-b537-363731346563/67951469_12071519256.jpg | https://static.tildacdn.com/tild6435-6237-4862-a363-663763373331/DSC8013-1440x2157.jpg | https://static.tildacdn.com/tild3363-3937-4266-b733-386631646438/DSC8064-1440x2157.jpg,7,true
974328383398,Christi-A022,Christi Couture,,186000,0,RUB,,А-силуэт,,,,,wedding_dress,female,,Платье со шлейфом из элегантной ткани микадо подчеркнет величественный образ невесты. Декорированный корсет плавно переходит на юбку.,Силуэт: А-силуэт,https://christiwedding.ru/catalog/tproduct/157878057-974328383398-christi-a022,https://static.tildacdn.com/tild6531-3764-4130-b137-636165363936/A-022.jpg,https://static.tildacdn.com/tild6531-3764-4130-b137-636165363936/A-022.jpg | https://static.tildacdn.com/tild6161-3336-4263-b338-336630306132/A-022_2.jpg,2,true
232387113652,Berta Muse Blanka,Berta,,588000,0,RUB,,А-силуэт,,,,,wedding_dress,female,,Свадебное платье цвета слоновой кости. Верх содержит специальное кружево и тонкие бретельки с изящной деталью.,Силуэт: А-силуэт,https://christiwedding.ru/catalog/tproduct/157878057-232387113652-berta-muse-blanka,https://static.tildacdn.com/stor3539-6538-4534-a663-323961373663/34660720.jpg,https://static.tildacdn.com/stor3539-6538-4534-a663-323961373663/34660720.jpg | https://static.tildacdn.com/stor6238-3234-4139-a534-643839333735/19231226.jpg | https://static.tildacdn.com/stor6238-3634-4139-a565-346665386339/40832934.jpg,3,true
997395817831,Christi A-088,Christi Couture,,192000,489000,RUB,,А-силуэт,,,,,wedding_dress,female,,Легкое и элегантное платье с гламурным кроем и роскошный шлейфом. Мерцающая и сверкающая в вечерних огнях ткань напоминает морскую гладь под звездным небом — такую же бесконечную и завораживающую.,Силуэт: А-силуэт,https://christiwedding.ru/catalog/tproduct/157878057-997395817831-christi-a-088,https://static.tildacdn.com/tild3438-3664-4466-b534-373539393935/2020-10-31_192532.jpg,https://static.tildacdn.com/tild3438-3664-4466-b534-373539393935/2020-10-31_192532.jpg | https://static.tildacdn.com/tild3330-6465-4238-a564-393562376663/A64A8974_.jpg | https://static.tildacdn.com/tild3439-3539-4434-b336-393132366464/A64A8873_.jpg | https://static.tildacdn.com/tild6563-3339-4539-a134-306562343637/A64A8924_.jpg,4,true
128800799451,Christi-A038,Christi Couture,,428000,0,RUB,,А-силуэт,,,,,wedding_dress,female,,"Платье расшито вручную искрящимися деталями и камнями. Нежный А-силуэт, длинные рукава и небольшой разрез",Силуэт: А-силуэт,https://christiwedding.ru/catalog/tproduct/157878057-128800799451-christi-a038,https://static.tildacdn.com/stor3831-6164-4762-b862-336535393964/96464614.jpg,https://static.tildacdn.com/stor3831-6164-4762-b862-336535393964/96464614.jpg,1,true
808599651581,Berta 18-103,Berta,,774000,0,RUB,,Прямой,,,,,wedding_dress,female,,"Струящиеся ткани, идеальные силуэты и крой, которым так известна Berta! Кружевной узор, вышитый бисер и прозрачная спинка. Это платье создано для самой чувственной и самой женственной.",Силуэт: Прямой,https://christiwedding.ru/catalog/tproduct/157878057-808599651581-berta-18-103,https://static.tildacdn.com/tild3265-3036-4266-a465-326564303031/a00394a41e1f70da916a.jpg,https://static.tildacdn.com/tild3265-3036-4266-a465-326564303031/a00394a41e1f70da916a.jpg | https://static.tildacdn.com/tild3461-3762-4965-b035-323037333332/BG6I5386-1.jpg | https://static.tildacdn.com/tild3839-3834-4031-b865-656434346466/BG6I5431-1.jpg | https://static.tildacdn.com/tild3962-3564-4264-b464-633864663064/BG6I5408-1.jpg | https://static.tildacdn.com/tild6636-6337-4630-a137-343763303362/BG6I5382-1.jpg,5,true
338176929805,Berta 19-02,Berta,,1047000,0,RUB,,А-силуэт,,,,,wedding_dress,female,,"Это платье отличается красивыми формованными чашками в европейском стиле, корсетом и открытыми плечами. Тонкая юбка трапециевидной формы с объемным цветочным принтом и переливающимся шлейфом завершает образ этого платья.",Силуэт: А-силуэт,https://christiwedding.ru/catalog/tproduct/157878057-338176929805-berta-19-02,https://static.tildacdn.com/tild6433-3439-4734-b361-383261323733/Berta_19-02_4.jpg,https://static.tildacdn.com/tild6433-3439-4734-b361-383261323733/Berta_19-02_4.jpg | https://static.tildacdn.com/tild3161-6634-4633-a638-646438653836/Berta_19-02_3.jpg | https://static.tildacdn.com/tild6537-3435-4632-b262-323538316438/Berta_19-02.jpg | https://static.tildacdn.com/tild6535-3365-4034-a637-363065646664/Berta_19-02_2.jpg,4,true
938142268525,Gala 1011,Galia Lahav,,785000,0,RUB,,А-силуэт,,,,,wedding_dress,female,,"Мягкое шифоновое платье А-силуэта с драпированным верхом, деталями с вырезом и прозрачным верхом, расшитыми шелковыми цветами и кристаллами.",Силуэт: А-силуэт,https://christiwedding.ru/catalog/tproduct/157878057-938142268525-gala-1011,https://static.tildacdn.com/tild3035-6333-4361-b938-313231356664/discount-2018-genero.jpg,https://static.tildacdn.com/tild3035-6333-4361-b938-313231356664/discount-2018-genero.jpg | https://static.tildacdn.com/tild3035-3630-4235-b766-633032653734/1011-front-closeup-1.jpg | https://static.tildacdn.com/tild6135-6139-4661-a462-643437366431/1011-front-mediumsho.jpg | https://static.tildacdn.com/tild6134-3538-4663-b030-633336653338/1011-front-1440x1926.jpg,4,true
899850173876,Berta 20-114,Berta,,890000,1093000,RUB,,А-силуэт,,,,,wedding_dress,female,,"Эксклюзивное платье Berta А-силуэта. Главная особенность платья: полупрозрачная ткань ручной работы. Открытая спинка, роскошный шлейф и длинные рукава",Силуэт: А-силуэт,https://christiwedding.ru/catalog/tproduct/157878057-899850173876-berta-20-114,https://static.tildacdn.com/tild6134-3366-4135-b438-323065346539/20-114.jpg,https://static.tildacdn.com/tild6134-3366-4135-b438-323065346539/20-114.jpg | https://static.tildacdn.com/tild3165-3435-4232-b731-373939633838/20-114-2.jpg | https://static.tildacdn.com/tild6537-6362-4236-b037-383334363864/20-114-3.jpg,3,true
157342976452,Christi-A027,Christi Couture,,295000,0,RUB,,А-силуэт,,,,,wedding_dress,female,,Современные тренды сочетают в себе это платье. Корсет в стиле smoking jacket выполнен из микадо. Струящаяся юбка из нежного шифона.,Силуэт: А-силуэт,https://christiwedding.ru/catalog/tproduct/157878057-157342976452-christi-a027,https://static.tildacdn.com/tild6231-3131-4636-b566-666133343461/A-027_2.jpg,https://static.tildacdn.com/tild6231-3131-4636-b566-666133343461/A-027_2.jpg | https://static.tildacdn.com/tild3139-6364-4331-a630-613262663839/A-027.jpg,2,true
802369133534,Berta Muse Cecilia,Berta,,490000,596000,RUB,,А-силуэт,,,,,wedding_dress,female,,Красивый современный вариант классического бального платья. Легкий и воздушный А-силуэт. Уникальный крой подчеркивает все достоинства женской фигуры,Силуэт: А-силуэт,https://christiwedding.ru/catalog/tproduct/157878057-802369133534-berta-muse-cecilia,https://static.tildacdn.com/tild6664-3739-4564-a430-363837373135/Muse_Cecilia.jpg,https://static.tildacdn.com/tild6664-3739-4564-a430-363837373135/Muse_Cecilia.jpg | https://static.tildacdn.com/tild6362-3661-4135-b066-653837663562/Muse_Cecilia_2.jpg | https://static.tildacdn.com/tild3765-6438-4865-a434-643635343265/Muse_Cecilia_3.jpg,3,true
664574068114,Berta Muse Carly,Berta,,477000,566000,RUB,,А-силуэт,,,,,wedding_dress,female,,"Это замысловатое платье воплощает в себе все, чем славится Берта. Изысканные ткани, безупречное мастерство и идеальный крой. Удобный А-силуэт с подкладкой из прозрачного тюля, украшенный сверкающими деталями, цветочными орнаментами и декоративной вышивкой.",Силуэт: А-силуэт,https://christiwedding.ru/catalog/tproduct/157878057-664574068114-berta-muse-carly,https://static.tildacdn.com/tild3835-3165-4563-b030-383235356166/Muse_Carly.jpg,https://static.tildacdn.com/tild3835-3165-4563-b030-383235356166/Muse_Carly.jpg | https://static.tildacdn.com/tild6566-3763-4231-a563-383462353131/Muse_Carly_2.jpg | https://static.tildacdn.com/tild3831-3363-4365-b730-396236393130/Muse_Carly_3.jpg | https://static.tildacdn.com/tild3530-3137-4834-b561-333332323764/Muse_Carly_4.jpg | https://static.tildacdn.com/tild6631-6339-4561-a164-623838356136/200704-234-Marina-Fa.jpg | https://static.tildacdn.com/tild3735-3735-4564-b837-633662633963/200704-223-Marina-Fa.jpg,6,true
873872855391,Berta 20-110,Berta,,1011000,0,RUB,,Прямой,,,,,wedding_dress,female,,"Свадебное платье фирменного стиля – русалка. Выполнено из кордового кружева, с длинными рукавами. Идеально подчеркивает изгибы тела. Глубокая открытая спина геометрическим вырезом добавляет женственности силуэту.",Силуэт: Прямой,https://christiwedding.ru/catalog/tproduct/157878057-873872855391-berta-20-110,https://static.tildacdn.com/tild3563-3935-4563-b863-323364386335/20-110-4.jpg,https://static.tildacdn.com/tild3563-3935-4563-b863-323364386335/20-110-4.jpg | https://static.tildacdn.com/tild3061-3935-4065-a135-646138303035/20-110-3.jpg | https://static.tildacdn.com/tild3631-3730-4730-a364-316434366335/20-110-2.jpg,3,true
600049800481,Berta 18-113,Berta,,895000,1021000,RUB,,А-силуэт,,,,,wedding_dress,female,,Это уникальное платье собрало самое большое количество откликов среди наших невест. Тонкие 3D кружева расшиты на прозрачной сетке с кристаллами. Восхитительная юбка богата орнаментами и текстурой.,Силуэт: А-силуэт,https://christiwedding.ru/catalog/tproduct/157878057-600049800481-berta-18-113,https://static.tildacdn.com/tild6631-3338-4930-b063-313232326334/__2020-10-01__011150.png,https://static.tildacdn.com/tild6631-3338-4930-b063-313232326334/__2020-10-01__011150.png | https://static.tildacdn.com/tild3836-6532-4565-b333-396565376565/BG6I6269-1.jpg,2,true
520547843785,Berta 18-01,Berta,,755000,905700,RUB,,А-силуэт,,,,,wedding_dress,female,,"Свадебное платье ручной работы, украшенное кружевом, с глубоким V-образным вырезом, пышной юбкой и открытой спинкой. Цвет: айвори.",Силуэт: А-силуэт,https://christiwedding.ru/catalog/tproduct/157878057-520547843785-berta-18-01,https://static.tildacdn.com/tild6333-6663-4661-a661-653038386336/Berta_18-01_2.jpg,https://static.tildacdn.com/tild6333-6663-4661-a661-653038386336/Berta_18-01_2.jpg | https://static.tildacdn.com/tild6337-6631-4561-b234-303463653132/IMG_7879.jpg | https://static.tildacdn.com/tild3466-3863-4936-a461-636263306661/Berta_18-01.jpg | https://static.tildacdn.com/tild3632-3163-4232-b439-623739326634/Berta_18-01_3.jpg | https://static.tildacdn.com/tild3538-3031-4562-a464-393434353638/abiti-sposa-berta-20.JPG,5,true
939873106753,Berta 18-12,Berta,,695000,1034000,RUB,,А-силуэт,,,,,wedding_dress,female,,"Такой естественный и спокойный бежевый цвет подарит невесте ощущение гармонии и комфорта, а также подчеркнет природную красоту и выразительность черт лица. А-силуэт с крупными цветочными мотивами по всему платью и расшитые кристаллы создадут легкий и романтичный образ.",Силуэт: А-силуэт,https://christiwedding.ru/catalog/tproduct/157878057-939873106753-berta-18-12,https://static.tildacdn.com/tild3762-6236-4139-b436-666331636431/Berta_18-12.jpg,https://static.tildacdn.com/tild3762-6236-4139-b436-666331636431/Berta_18-12.jpg | https://static.tildacdn.com/tild6466-3231-4731-b638-346461303566/Berta_18-12_2.jpg | https://static.tildacdn.com/tild3638-6564-4863-b962-663232633363/Berta_18-12_3.jpg,3,true
216788074091,Berta Evening Dress,Berta,,722000,0,RUB,,Прямой,,,,,wedding_dress,female,,"Эксклюзивное вечернее платье от Berta, полностью расшитое цветным бисером.",Силуэт: Прямой,https://christiwedding.ru/catalog/tproduct/157878057-216788074091-berta-evening-dress,https://static.tildacdn.com/tild3061-6561-4364-b035-313337626133/18-64-2.jpg,https://static.tildacdn.com/tild3061-6561-4364-b035-313337626133/18-64-2.jpg | https://static.tildacdn.com/tild3339-3462-4237-a434-653733313161/18-64-3.jpg | https://static.tildacdn.com/tild3134-3637-4663-a463-646132613930/18-64-1.jpg,3,true
166338322630,Berta 18-20,Berta,,574000,905700,RUB,,Прямой,,,,,wedding_dress,female,,"Платье силуэта «русалка» cо спущенной линией плеча и акцентом на зоне декольте. Дополнено объемной вышивкой с цветочными мотивами и невесомым шлейфом. Длинные, съемные рукавами и прозрачная открытая спинка.",Силуэт: Прямой,https://christiwedding.ru/catalog/tproduct/157878057-166338322630-berta-18-20,https://static.tildacdn.com/tild3131-3232-4465-b834-353462336330/2020-06-07_184539.JPG,https://static.tildacdn.com/tild3131-3232-4465-b834-353462336330/2020-06-07_184539.JPG | https://static.tildacdn.com/tild3161-6134-4165-a237-636364633537/Berta_18-20.jpg | https://static.tildacdn.com/tild6131-3236-4933-a261-353338636239/Berta_18-20_2.jpg | https://static.tildacdn.com/tild6137-6439-4233-b562-383737363463/IMG_9511-copy-872x10.jpg | https://static.tildacdn.com/tild6234-6235-4464-b163-343635653465/Berta_18-20_3.jpg | https://static.tildacdn.com/tild6335-6334-4034-b734-646633373039/Berta_18-20_4.jpg,6,true
722195128468,Berta 18-17,Berta,,734000,0,RUB,,А-силуэт,,,,,wedding_dress,female,,"Блестящее платье А-силуэта от всемирно известного дизайнера Берты. Ткань украшена драгоценными камнями. Глубокий V-образный вырез, тщательно проработанные кружевные мотивы на груди и детали с кристаллами. К данному платью имеется кейп.",Силуэт: А-силуэт,https://christiwedding.ru/catalog/tproduct/157878057-722195128468-berta-18-17,https://static.tildacdn.com/tild3931-3638-4063-a139-643966343433/Berta_18-17_2.jpg,https://static.tildacdn.com/tild3931-3638-4063-a139-643966343433/Berta_18-17_2.jpg | https://static.tildacdn.com/tild6136-3230-4333-b434-616135316239/web14.JPG | https://static.tildacdn.com/tild3238-3535-4261-a566-383234313939/Berta_18-17.jpg | https://static.tildacdn.com/tild6339-6664-4963-a431-353438343433/Berta_18-17_3.jpg | https://static.tildacdn.com/tild3936-3030-4363-b564-303263383861/2020-06-07_150208.PNG,5,true