name,brand,category,subcategory,gender,price,currency,color,composition,sizes,description,product_url,photo_url,sku,in_stock
Однобортный пиджак Авеню,NOCONCEPT,tops,blazers,male,17000,RUB,бежевый,"52% хлопок, 48% полиэстер; Подклад: 100% полиэстер",таблица размеров,,https://noconcept.ru/shop/men/6328,https://noconcept.ru/uploads/thumbs/noconcept-january0860-ca8ce38f59-29018812988730280e5ef90ec19d62b5.jpeg,G-103-001,true
Брюки Авеню,NOCONCEPT,bottoms,,male,13000,RUB,бежевый,"52% хлопок, 48% полиэстер",таблица размеров,,https://noconcept.ru/shop/men/6296,https://noconcept.ru/uploads/thumbs/noconcept-january0993-5e51b22219-76330143a2b2852372fb15cbf2f3a57f.jpeg,G-103-002,true
Рубашка с защипом,NOCONCEPT,tops,shirts,male,8000,RUB,Чёрный,"80% полиэстер, 20% вискоза",таблица размеров,,https://noconcept.ru/shop/men/6437,https://noconcept.ru/uploads/thumbs/noconcept-catalog-march0029-3-6e7a528852-c400c159f3bc68e687e0528e7ded5491.jpeg,G-103-131,true
Брюки Смоки,NOCONCEPT,bottoms,,male,12000,RUB,Чёрный,"80% полиэстер, 16% хлопок, 4% акрил",таблица размеров,,https://noconcept.ru/shop/men/6244,https://noconcept.ru/uploads/thumbs/noconcept-january0931-b0003672cc-f9cd0782a60430e746d7daf1f580ad46.jpeg,K-001-118,true
Брюки Графит,NOCONCEPT,bottoms,,male,16000,RUB,бежевый,"54% тенсел, 46% хлопок",таблица размеров,,https://noconcept.ru/shop/men/6492,https://noconcept.ru/uploads/thumbs/noconcept-catalog-march0062-c6fec8b94a-2264bb0bd0b66b0ad64dd0de7b25b75e.jpeg,K-001-241,true
Пиджак Графит,NOCONCEPT,tops,blazers,male,26000,RUB,бежевый,"54% тенсел, 46% хлопок ; Подклад: 100% полиэстер",таблица размеров,,https://noconcept.ru/shop/men/6565,https://noconcept.ru/uploads/thumbs/noconcept-catalog-march0055-1-4e188655d5-05198008b3d9d89d2eccd62d7f974a65.jpeg,K-001-240,true
Рубашка удлинённого кроя,NOCONCEPT,tops,shirts,male,12000,RUB,белый,"75% хлопок, 25% нейлон",таблица размеров,,https://noconcept.ru/shop/men/6443,https://noconcept.ru/uploads/thumbs/noconcept-catalog-march0012-5-5ba910a33f-c9dee68a2f13d2e47a519c4307b1a21f.jpeg,G-103-102,true
​Козырёк Cherry kepi,NOCONCEPT,outerwear,,male,3900,RUB,молочный,100% полиэстер,таблица размеров,,https://noconcept.ru/shop/men/5684,https://noconcept.ru/uploads/thumbs/nc-1105-250131-973a3dd522-4977968424abf9197dcf269874539474.jpeg,ГУ-001-001,true
Однобортный пиджак Авеню,NOCONCEPT,tops,blazers,male,17000,RUB,черный,"52% хлопок, 48% полиэстер; Подклад: 100% полиэстер",таблица размеров,,https://noconcept.ru/shop/men/6327,https://noconcept.ru/uploads/thumbs/noconcept-january0941-e2f452d54e-f7acb5b70516ebc0af2ebaed77066722.jpeg,G-103-001,true
Брюки Дюна,NOCONCEPT,bottoms,,male,13000,RUB,Чёрный,"98% полиэстер, 2% шерсть; Подклад: 100% полиэстер",таблица размеров,,https://noconcept.ru/shop/men/6381,https://noconcept.ru/uploads/thumbs/noconcept-catalog-march0079-24b1716d3a-079c905deed488c681626e1b860578c4.jpeg,G-103-107,true
Брюки Графит,NOCONCEPT,bottoms,,male,16000,RUB,серый,"54% тенсел, 46% хлопок",таблица размеров,,https://noconcept.ru/shop/men/6491,https://noconcept.ru/uploads/thumbs/noconcept-catalog-march0051-1-07713f29b9-66814c85927e855ea6b77982ea8c2bec.jpeg,K-001-241,true
Пиджак Графит,NOCONCEPT,tops,blazers,male,26000,RUB,серый,"54% тенсел, 46% хлопок ; Подклад: 100% полиэстер",таблица размеров,,https://noconcept.ru/shop/men/6564,https://noconcept.ru/uploads/thumbs/noconcept-catalog-march0041-3-c965b4e542-071d2a9b681eb8e6a4e8e0daf4f06a8c.jpeg,K-001-240,true
Пиджак Графит,NOCONCEPT,tops,blazers,male,26000,RUB,коричневый,"54% тенсел, 46% хлопок ; Подклад: 100% полиэстер",таблица размеров,,https://noconcept.ru/shop/men/6566,https://noconcept.ru/uploads/thumbs/noconcept-catalog-march0096-085c14c01f-13805b2c188ae79175a47269e623ffdc.jpeg,K-001-240,true
Футболка Юнит,NOCONCEPT,tops,t-shirts,male,4900,RUB,белый,"48% модал, 49% полиэстер, 3% спандекс",таблица размеров,,https://noconcept.ru/shop/men/6591,https://noconcept.ru/uploads/thumbs/noconcept-catalog-march0007-3-a196d7e744-369a7a427a355e4532774ddf0e69d282.jpeg,K-001-262,true
Брюки Графит,NOCONCEPT,bottoms,,male,16000,RUB,коричневый,"54% тенсел, 46% хлопок",таблица размеров,,https://noconcept.ru/shop/men/6493,https://noconcept.ru/uploads/thumbs/noconcept-catalog-march0101-c639d1cd2e-8b290f604272525c2ac73965abc1c321.jpeg,K-001-241,true
​Козырёк Sable kepi,NOCONCEPT,outerwear,,male,3300,RUB,коричневый,100% полиэстер,таблица размеров,,https://noconcept.ru/shop/men/5706,https://noconcept.ru/uploads/thumbs/nc-1105-250065-3300b12f4d-0cfa842522cabe7483a9ab9f83037ed1.jpeg,ГУ-001-007,true
Куртка ​из денима,NOCONCEPT,outerwear,,male,14000,RUB,Светло-голубой,"88% хлопок, 12% полиэстер",таблица размеров,,https://noconcept.ru/shop/men/1969,https://noconcept.ru/uploads/thumbs/noconcept-catalog-march0003-8-56138a6a1f-825a3dbae7887ade0dc881e57466e99f.jpeg,М-034-294,true
Джинсы с потертостями,NOCONCEPT,bottoms,,male,16000,RUB,синий,100% хлопок,таблица размеров,,https://noconcept.ru/shop/men/6515,https://noconcept.ru/uploads/thumbs/noconcept-catalog-march0021-5-e8aad3b623-1b68066ba14d99a44cabe095c04acda6.jpeg,K-001-252,true
​Козырёк Navy Flat kepi,NOCONCEPT,outerwear,,male,3900,RUB,серый,100% полиэстер,таблица размеров,,https://noconcept.ru/shop/men/5687,https://noconcept.ru/uploads/thumbs/nc-1105-250350-9ac0af8c34-2481681c19a4362e96999fa12bf7aaa7.jpeg,ГУ-001-002,true
Футболка облегающего кроя,NOCONCEPT,tops,t-shirts,male,4900,RUB,белый,"98% хлопок, 2% спандекс",таблица размеров,,https://noconcept.ru/shop/men/6584,https://noconcept.ru/uploads/thumbs/noconcept-catalog-march0025-3-0796c331bf-6e69d8d091417dcad8cf9228e3bbaee6.jpeg,K-001-232,true
Пиджак Дюна,NOCONCEPT,tops,blazers,male,19000,RUB,Чёрный,"98% полиэстер, 2% шерсть; Подклад: 100% полиэстер",таблица размеров,,https://noconcept.ru/shop/men/6428,https://noconcept.ru/uploads/thumbs/noconcept-catalog-march0068-7f69a1c74a-5c249bd70b00f01e13518f6182d4c4a6.jpeg,G-103-106,true
Футболка Тон,NOCONCEPT,tops,t-shirts,male,5500,RUB,бордовый,100% хлопок,таблица размеров,,https://noconcept.ru/shop/men/6601,https://noconcept.ru/uploads/thumbs/noconcept-catalog-march0014-cc174a6d8a-c26cacf4615f1ccd2fa3cc4270b7a087.jpeg,K-001-264,true
Брюки Бархат,NOCONCEPT,bottoms,,male,13000,RUB,коричневый,"57% вискоза, 37% полиэстер, 6% спандекс",таблица размеров,,https://noconcept.ru/shop/men/6298,https://noconcept.ru/uploads/thumbs/noconcept-january1005-ce06cb8d88-651db4c12a458999e2dc330b5fea7c98.jpeg,G-103-003,true
Футболка Юнит,NOCONCEPT,tops,t-shirts,male,4900,RUB,коричневый,"48% модал, 49% полиэстер, 3% спандекс",таблица размеров,,https://noconcept.ru/shop/men/6594,https://noconcept.ru/uploads/thumbs/noconcept-catalog-march0001-4-b0937024a5-ce250d0c59d7596ce79773b177a79a56.jpeg,K-001-262,true
Джинсовая куртка с эффектом варки,NOCONCEPT,outerwear,,male,14000,RUB,Черно-серый,100% хлопок,таблица размеров,,https://noconcept.ru/shop/men/1974,https://noconcept.ru/uploads/thumbs/noconcept-catalog-march0020-6-bf6c72096e-99d3b8e9fb91dab3ba8bcec837ad2b2f.jpeg,М-034-339,true
Футболка облегающего кроя,NOCONCEPT,tops,t-shirts,male,4900,RUB,серый,"98% хлопок, 2% спандекс",таблица размеров,,https://noconcept.ru/shop/men/6585,https://noconcept.ru/uploads/thumbs/noconcept-catalog-march0037-2-c9dd2f68ba-476a7ff3f82dfd040d1fb246ac3b5f07.jpeg,K-001-232,true
Брюки Бархат,NOCONCEPT,bottoms,,male,13000,RUB,черный,"57% вискоза, 37% полиэстер, 6% спандекс",таблица размеров,,https://noconcept.ru/shop/men/6297,https://noconcept.ru/uploads/thumbs/noconcept-january1012-45dd4c9d44-70ebe9fc45a971a84da9ac9c5d01798d.jpeg,G-103-003,true
Лонгслив со спущенной линией плеча,NOCONCEPT,tops,t-shirts,male,5900,RUB,белый,"35% вискоза, 60% полиэстер, 5% спандекс",таблица размеров,,https://noconcept.ru/shop/men/6421,https://noconcept.ru/uploads/thumbs/noconcept-catalog-march1037-1-0af76a0eae-083698f84a973ded0c2798e4f5ddc1bc.jpeg,G-103-136,true
​Куртка с воротником стойкой,NOCONCEPT,outerwear,,male,23000,RUB,молочный,"69% хлопок, 23% тенсел, 8% нейлон   / Подклад: 100% полиэстер",таблица размеров,,https://noconcept.ru/shop/men/6062,https://noconcept.ru/uploads/thumbs/noconcept-january0232-21ed0bb3de-8212f1a296c44a070d98f60dd6c90421.jpeg,K-001-019,true
​Куртка с воротником стойкой,NOCONCEPT,outerwear,,male,23000,RUB,бордовый,"69% хлопок, 23% тенсел, 8% нейлон   / Подклад: 100% полиэстер",таблица размеров,,https://noconcept.ru/shop/men/6061,https://noconcept.ru/uploads/thumbs/noconcept-january0288-3b7575fed1-70b8791c38e4d63688b0eab072fe0cd7.jpeg,K-001-019,true
Футболка классического силуэта,NOCONCEPT,tops,t-shirts,male,4000,RUB,бежевый,"47% модал, 48% хлопок, 5% спандекс",таблица размеров,,https://noconcept.ru/shop/men/6597,https://noconcept.ru/uploads/thumbs/noconcept-catalog-march0022-1-3403e4d097-79e77704182ca36fbf49a43d71c21f6b.jpeg,K-001-263,true
​Куртка Cord Rust,NOCONCEPT,outerwear,,male,21000,RUB,бежевый,100% хлопок,таблица размеров,,https://noconcept.ru/shop/men/5265,https://noconcept.ru/uploads/thumbs/katalog-nc-15020283-f4e6ad507a-c945c8ff0d015a804e1a059bdf816ac6.jpeg,М-034-402,true
Брюки Авеню,NOCONCEPT,bottoms,,male,13000,RUB,черный,"52% хлопок, 48% полиэстер",таблица размеров,,https://noconcept.ru/shop/men/6295,https://noconcept.ru/uploads/thumbs/noconcept-january1000-70060b639c-ec4a7f1a4c5d92b64966f2f689c62b5b.jpeg,G-103-002,true
Футболка облегающего кроя,NOCONCEPT,tops,t-shirts,male,4900,RUB,Чёрный,"98% хлопок, 2% спандекс",таблица размеров,,https://noconcept.ru/shop/men/6583,https://noconcept.ru/uploads/thumbs/noconcept-catalog-march0031-2-87225d3a9d-7e013b0e8cc78d3f345b306ee2ac8997.jpeg,K-001-232,true
Футболка Юнит,NOCONCEPT,tops,t-shirts,male,4900,RUB,серый,"48% модал, 49% полиэстер, 3% спандекс",таблица размеров,,https://noconcept.ru/shop/men/6593,https://noconcept.ru/uploads/thumbs/noconcept-catalog-march0019-3-6efca9ff16-d2ea3120cd0e4c9dba5083408dd05a01.jpeg,K-001-262,true
Футболка Юнит,NOCONCEPT,tops,t-shirts,male,4900,RUB,Чёрный,"48% модал, 49% полиэстер, 3% спандекс",таблица размеров,,https://noconcept.ru/shop/men/6592,https://noconcept.ru/uploads/thumbs/noconcept-catalog-march0010-1-23b170e852-e051418e95d83ea79045b049a4d35228.jpeg,K-001-262,true
Футболка классического силуэта,NOCONCEPT,tops,t-shirts,male,4000,RUB,белый,"47% модал, 48% хлопок, 5% спандекс",таблица размеров,,https://noconcept.ru/shop/men/6595,https://noconcept.ru/uploads/thumbs/noconcept-catalog-march0005-5-21fad215bd-bfa5f64752b06e4f632b10fb9f76d756.jpeg,K-001-263,true
Футболка классического силуэта,NOCONCEPT,tops,t-shirts,male,4000,RUB,Чёрный,"47% модал, 48% хлопок, 5% спандекс",таблица размеров,,https://noconcept.ru/shop/men/6596,https://noconcept.ru/uploads/thumbs/noconcept-catalog-march0013-3-02de5dfea4-e2a10a6f596fc8b23c9660bbf08d5a5c.jpeg,K-001-263,true
Брюки с необработанным рваным краем,NOCONCEPT,bottoms,,male,11000,RUB,серый,100% хлопок,таблица размеров,,https://noconcept.ru/shop/men/6149,https://noconcept.ru/uploads/thumbs/noconcept-catalog-march0053-5f18c5051f-213536799451c48b703ac230079febca.jpeg,G-101-036,true
Рубашка каркас,NOCONCEPT,tops,shirts,male,8000,RUB,голубой,"65% полиэстер, 35% хлопок",таблица размеров,,https://noconcept.ru/shop/men/6434,https://noconcept.ru/uploads/thumbs/noconcept-catalog-march0032-1-1-75c2235670-198b88e9dd6e9b9c3e0007e54c279857.jpeg,G-103-130,true
Брюки с декоративным поясом,NOCONCEPT,bottoms,,male,16000,RUB,Чёрный,"61% полиэстер, 25% вискоза, 10% шерсть, 4% спандекс",таблица размеров,,https://noconcept.ru/shop/men/6469,https://noconcept.ru/uploads/thumbs/noconcept-catalog-march1041-308c6177fa-4f6815105815c27b766a8567ea160592.jpeg,K-001-221,true
Рубашка Каркас,NOCONCEPT,tops,shirts,male,8000,RUB,белый,"65% полиэстер, 35% хлопок",таблица размеров,,https://noconcept.ru/shop/men/6433,https://noconcept.ru/uploads/thumbs/noconcept-catalog-march0038-1-1-19ec2ed919-30ac9014b693c7d488652b83b3d2552d.jpeg,G-103-130,true
Брюки с необработанным рваным краем,NOCONCEPT,bottoms,,male,11000,RUB,черный,100% хлопок,таблица размеров,,https://noconcept.ru/shop/men/6148,https://noconcept.ru/uploads/thumbs/noconcept-catalog-march0010-4-cc88c0f8e1-18d5bce3c0b511603776a87edda334fd.jpeg,G-101-036,true
​Панама ragged,NOCONCEPT,accessories,,male,4000,RUB,бежевый,100% хлопок,таблица размеров,,https://noconcept.ru/shop/men/5702,https://noconcept.ru/uploads/thumbs/nc-1105-250148-a61104ca8d-4da3b3092701f4790d682b9bd91557e2.jpeg,ГУ-001-005,true
Футболка Тон,NOCONCEPT,tops,t-shirts,male,5500,RUB,молочный,100% хлопок,таблица размеров,,https://noconcept.ru/shop/men/6599,https://noconcept.ru/uploads/thumbs/noconcept-catalog-march1046-3f308f0a32-f1dcaa62ac75261ae132d83565d8db3a.jpeg,K-001-264,true
Футболка Тон,NOCONCEPT,tops,t-shirts,male,5500,RUB,коричневый,100% хлопок,таблица размеров,,https://noconcept.ru/shop/men/6600,https://noconcept.ru/uploads/thumbs/noconcept-catalog-march0023-813f9c7e46-bb47b718d3eaf90686878847409f2420.jpeg,K-001-264,true
Футболка Тон,NOCONCEPT,tops,t-shirts,male,5500,RUB,белый,100% хлопок,таблица размеров,,https://noconcept.ru/shop/men/6598,https://noconcept.ru/uploads/thumbs/noconcept-catalog-march0008-50f450efeb-589b489e4fbf739b6a5f83bbc7588028.jpeg,K-001-264,true
Футболка Тон,NOCONCEPT,tops,t-shirts,male,5500,RUB,Чёрный,100% хлопок,таблица размеров,,https://noconcept.ru/shop/men/6602,https://noconcept.ru/uploads/thumbs/noconcept-catalog-march0002-1-1f075ed64e-284b32322bdb40f63498424fb2bccaa0.jpeg,K-001-264,true
Брюки Пепел,NOCONCEPT,bottoms,,male,11000,RUB,серый,100% хлопок,таблица размеров,,https://noconcept.ru/shop/men/6147,https://noconcept.ru/uploads/thumbs/noconcept-catalog-march0033-0b9a96a600-1bcedc19cd6b5e8d34cb0534c9c4fbe0.jpeg,G-101-035,true
Рубашка из плотного хлопка,NOCONCEPT,tops,shirts,male,8500,RUB,белый,"66% хлопок, 34% нейлон",таблица размеров,,https://noconcept.ru/shop/men/6440,https://noconcept.ru/uploads/thumbs/noconcept-catalog-march0048-2-9183980356-258c73543145e5546ddcca501a372a7a.jpeg,G-103-133,true
​Панама ragged,NOCONCEPT,accessories,,male,4000,RUB,серый,100% хлопок,таблица размеров,,https://noconcept.ru/shop/men/5701,https://noconcept.ru/uploads/thumbs/nc-1105-250290-732b04f8ab-6960353b55a5efb0342b7097509215b8.jpeg,ГУ-001-005,true
Брюки Пепел,NOCONCEPT,bottoms,,male,11000,RUB,черный,100% хлопок,таблица размеров,,https://noconcept.ru/shop/men/6146,https://noconcept.ru/uploads/thumbs/noconcept-catalog-march0038-b5aa897bda-646a380c856e8c739df56c4784b784e4.jpeg,G-101-035,true
Футболка Урман,NOCONCEPT,tops,t-shirts,male,4500,RUB,зелёный,"47% модал, 46% хлопок, 7% спандекс",таблица размеров,,https://noconcept.ru/shop/men/6586,https://noconcept.ru/uploads/thumbs/noconcept-catalog-march0024-2-5c500907e4-81a9e5a4dfe7216130730648880ec17b.jpeg,K-001-246,true
Футболка Урман,NOCONCEPT,tops,t-shirts,male,4500,RUB,серый,"47% модал, 46% хлопок, 7% спандекс",таблица размеров,,https://noconcept.ru/shop/men/6590,https://noconcept.ru/uploads/thumbs/noconcept-catalog-march0026-1-07d9bcd96f-6ba90923514155cdacf66e634ee01287.jpeg,K-001-246,true
Футболка Урман,NOCONCEPT,tops,t-shirts,male,4500,RUB,коричневый,"47% модал, 46% хлопок, 7% спандекс",таблица размеров,,https://noconcept.ru/shop/men/6587,https://noconcept.ru/uploads/thumbs/noconcept-catalog-march0010-2-6b37c317e2-30c8fca0ff95e16a12f5319047afe53e.jpeg,K-001-246,true
​Куртка Deep Navy,NOCONCEPT,outerwear,,male,17000,RUB,синий,"85% хлопок, 15% полиэстер    / Подклад: 100% полиэстер",таблица размеров,,https://noconcept.ru/shop/men/5573,https://noconcept.ru/uploads/thumbs/katalog-nc-15028391-002f3393cf-4fc9c1d980405e056c8b22438d4e6419.jpeg,М-036-062,false
Футболка Урман,NOCONCEPT,tops,t-shirts,male,4500,RUB,белый,"47% модал, 46% хлопок, 7% спандекс",таблица размеров,,https://noconcept.ru/shop/men/6589,https://noconcept.ru/uploads/thumbs/noconcept-catalog-march0016-1-c6ce0237c3-fbc1a78d640b6aaa0ea4c887766f4b7e.jpeg,K-001-246,true
Футболка Урман,NOCONCEPT,tops,t-shirts,male,4500,RUB,Чёрный,"47% модал, 46% хлопок, 7% спандекс",таблица размеров,,https://noconcept.ru/shop/men/6588,https://noconcept.ru/uploads/thumbs/noconcept-catalog-march0018-2-9f16a987b6-27b6d76700c50b02b8bc9c86113e73b7.jpeg,K-001-246,true
Подарочный сертификат,NOCONCEPT,outerwear,,male,5000,RUB,,,таблица размеров,,https://noconcept.ru/shop/men/5462,https://noconcept.ru/uploads/thumbs/sert-onlajn-c434b3fdda-8e532140e76c60381361591f9b3ec7ba.jpeg,М-200027,true
Пиджак с воротником стойкой,NOCONCEPT,tops,blazers,male,21000,RUB,Чёрный,100% нейлон ; Подклад: 100% полиэстер;,таблица размеров,,https://noconcept.ru/shop/men/6430,https://noconcept.ru/uploads/thumbs/nc-katalog-0206253427-f15d0abce3-1c5f2502d4e7ab5fac5d8f45ce3d3ebe.jpeg,G-103-115,true
Пиджак Баланс,NOCONCEPT,tops,blazers,male,21000,RUB,серый,"80% полиэстер, 17% вискоза, 3% спандекс",таблица размеров,,https://noconcept.ru/shop/men/6202,https://noconcept.ru/uploads/thumbs/noconcept-january0590-e42d65f269-dc33223b1455cbb1aa57a258beb15862.jpeg,G-102-018,true
​Лонгслив с необработанным краем,NOCONCEPT,tops,t-shirts,male,7700,RUB,белый,"39% полиэстер, 30% акрил, 25% нейлон, 6% спандекс",таблица размеров,,https://noconcept.ru/shop/men/6211,https://noconcept.ru/uploads/thumbs/noconcept-january0317-c4ee352b0f-348cbb339d4a64f89e8301e4f2e2e81d.jpeg,G-102-022,true
Брюки Баланс,NOCONCEPT,bottoms,,male,13000,RUB,серый,"80% полиэстер, 17% вискоза, 3% спандекс",таблица размеров,,https://noconcept.ru/shop/men/6204,https://noconcept.ru/uploads/thumbs/noconcept-january0585-99cf386feb-3f0839583f43174242b9953d90c0ce7f.jpeg,G-102-019,true
​Пиджак из эко-кожи,NOCONCEPT,tops,blazers,male,24000,RUB,коричневый,100% экокожа  / Подклад: 100% полиэстер,таблица размеров,,https://noconcept.ru/shop/men/5959,https://noconcept.ru/uploads/thumbs/noconcept-january0097-5216fe5e2a-2df148fa91d113d74145b656c94c792a.jpeg,G-001-010,true
Кардиган в рубчик,NOCONCEPT,tops,knitwear,male,13000,RUB,серый,"33% акрил, 30% полиэстер, 18% тенсел, 19% шерсть",таблица размеров,,https://noconcept.ru/shop/men/5960,https://noconcept.ru/uploads/thumbs/noconcept-january0476-e07f56d208-12804224896d59edda154f77705d98c1.jpeg,G-001-011,true
​Лонгслив с необработанным краем,NOCONCEPT,tops,t-shirts,male,7700,RUB,бежевый,"39% полиэстер, 30% акрил, 25% нейлон, 6% спандекс",таблица размеров,,https://noconcept.ru/shop/men/6213,https://noconcept.ru/uploads/thumbs/noconcept-january0106-dc720ddeb7-5bdc78e8ad37613515e15fdaad0061e3.jpeg,G-102-022,true
​Лонгслив с необработанным краем,NOCONCEPT,tops,t-shirts,male,7700,RUB,коричневый,"39% полиэстер, 30% акрил, 25% нейлон, 6% спандекс",таблица размеров,,https://noconcept.ru/shop/men/6212,https://noconcept.ru/uploads/thumbs/noconcept-january0244-399ce353b3-16cae8905f065d64ad5cc2feaa91fac2.jpeg,G-102-022,true
Брюки Свободный поток,NOCONCEPT,bottoms,,male,13000,RUB,серый,"56% тенсел, 44% хлопок",таблица размеров,,https://noconcept.ru/shop/men/6199,https://noconcept.ru/uploads/thumbs/noconcept-january0115-01b8773708-ea9d74523c6ca7f12ab41a695cb357e8.jpeg,G-102-016,true
​Пиджак из эко-кожи,NOCONCEPT,tops,blazers,male,24000,RUB,Чёрный,100% экокожа  / Подклад: 100% полиэстер,таблица размеров,,https://noconcept.ru/shop/men/5958,https://noconcept.ru/uploads/thumbs/noconcept-january0346-8e04516dde-e2d8b8060b7b1140a5d31610ec830239.jpeg,G-001-010,true
Пиджак Баланс,NOCONCEPT,tops,blazers,male,21000,RUB,бежевый,"80% полиэстер, 17% вискоза, 3% спандекс",таблица размеров,,https://noconcept.ru/shop/men/6203,https://noconcept.ru/uploads/thumbs/noconcept-january0555-1871875566-3b73cb238a5f2007420469c40741d314.jpeg,G-102-018,true
Рубашка фортуна,NOCONCEPT,tops,shirts,male,14000,RUB,белый,100% хлопок,таблица размеров,,https://noconcept.ru/shop/men/5948,https://noconcept.ru/uploads/thumbs/noconcept-january0548-c48a283f80-8d6aa245fe88b7ea798659c9f2338d8d.jpeg,G-001-004,true
Брюки Баланс,NOCONCEPT,bottoms,,male,13000,RUB,бежевый,"80% полиэстер, 17% вискоза, 3% спандекс",таблица размеров,,https://noconcept.ru/shop/men/6205,https://noconcept.ru/uploads/thumbs/noconcept-january0568-4880451ee7-6690de16515b1648e304e57b153cd5c1.jpeg,G-102-019,true
​Брюки с регулируемой кулиской,NOCONCEPT,bottoms,,male,18000,RUB,серый,"49% хлопок, 49% полиэстер, 2% спандекс",таблица размеров,,https://noconcept.ru/shop/men/5952,https://noconcept.ru/uploads/thumbs/noconcept-january0271-ee9a2490bf-659d500e6b1010c3b67fdbc384584983.jpeg,G-001-006,true
​Утепленная куртка рабочего,NOCONCEPT,outerwear,,male,24000,RUB,серый,100% хлопок  / Подклад: 100% полиэстер / Утеплитель: 100% синтепон,таблица размеров,,https://noconcept.ru/shop/men/6058,https://noconcept.ru/uploads/thumbs/noconcept-january0169-680f4ffabc-50fe092d94f44e7af964374fba79f870.jpeg,K-001-014,true
​Футболка с выцветшим эффектом,NOCONCEPT,tops,t-shirts,male,4900,RUB,серый,100% хлопок,таблица размеров,,https://noconcept.ru/shop/men/6153,https://noconcept.ru/uploads/thumbs/noconcept-january0606-dbbea2343d-44849b676686b4fa5b0e4912125d8e6c.jpeg,G-101-037,true
Рубашка Айсберг,NOCONCEPT,tops,shirts,male,9900,RUB,черный,100% полиэстер; Подклад: 100% полиэстер,таблица размеров,,https://noconcept.ru/shop/men/6161,https://noconcept.ru/uploads/thumbs/noconcept-january0371-237a8e88bd-ed3e6838b989e5a4f7d041d45a85b9b2.jpeg,G-101-041,true
​Брюки вельвет,NOCONCEPT,bottoms,,male,13000,RUB,бежевый,100% полиэстер,таблица размеров,,https://noconcept.ru/shop/men/6197,https://noconcept.ru/uploads/thumbs/noconcept-january0063-501b8ac3b7-d73decd110b830d5d46f421b54acb935.jpeg,G-102-014,true
Свитшот с кулиской,NOCONCEPT,tops,knitwear,male,8500,RUB,темно-серый,"52% хлопок, 48% полиэстер",таблица размеров,,https://noconcept.ru/shop/men/6123,https://noconcept.ru/uploads/thumbs/noconcept-january0360-3fdcdccdc9-35c7629ce47e8c8bbef3a0397528f1a8.jpeg,G-101-023,true
Двубортный пиджак прямого кроя,NOCONCEPT,tops,blazers,male,21000,RUB,серый,"84% полиэстер, 15% вискоза, 1% спандекс; Подклад: 100% полиэстер",таблица размеров,,https://noconcept.ru/shop/men/6215,https://noconcept.ru/uploads/thumbs/noconcept-january0376-e9e711c461-09f214b622233a0af4f56c769725f27b.jpeg,G-102-023,true
Брюки прямого кроя,NOCONCEPT,bottoms,,male,13000,RUB,серый,"84% полиэстер, 15% вискоза, 1% спандекс",таблица размеров,,https://noconcept.ru/shop/men/6218,https://noconcept.ru/uploads/thumbs/noconcept-january0393-8ffb528b44-8f9eb361bcd23f89aaff3eff0428e008.jpeg,G-102-024,true
​Объемный бомбер,NOCONCEPT,outerwear,,male,21000,RUB,бежевый,"55% лен, 45% хлопок  / Подклад: 100% полиэстер",таблица размеров,,https://noconcept.ru/shop/men/5954,https://noconcept.ru/uploads/thumbs/noconcept-january0162-ae2f904905-647effad3f6ba6333ff68c5f05943e37.jpeg,G-001-008,true
Свитшот с кулиской,NOCONCEPT,tops,knitwear,male,8500,RUB,светло-серый,"52% хлопок, 48% полиэстер",таблица размеров,,https://noconcept.ru/shop/men/6122,https://noconcept.ru/uploads/thumbs/noconcept-january0499-ad19e544eb-18f0736ed0fb3bb7a055e33e26557467.jpeg,G-101-023,true
Брюки Свободный поток,NOCONCEPT,bottoms,,male,13000,RUB,черный,"56% тенсел, 44% хлопок",таблица размеров,,https://noconcept.ru/shop/men/6198,https://noconcept.ru/uploads/thumbs/noconcept-january0189-d949bfb516-50713d11dbea6f762df6f653ed65ea3d.jpeg,G-102-016,true
​Укороченная рубашка в клетку,NOCONCEPT,tops,shirts,male,9900,RUB,бордовый,"20% хлопок, 80% полиэстер",таблица размеров,,https://noconcept.ru/shop/men/6129,https://noconcept.ru/uploads/thumbs/noconcept-january0201-9ecc55bb83-fe911796323c650c39e3e0176ba6e648.jpeg,G-101-026,true
Брюки тихий силуэт,NOCONCEPT,bottoms,,male,13000,RUB,бежевый,"10% шерсть, 15% вискоза, 72% полиэстер, 3% спандекс.",таблица размеров,,https://noconcept.ru/shop/men/6302,https://noconcept.ru/uploads/thumbs/noconcept-january0224-ed1b3ded8c-58d31b18d8d3851d61f5ebb7346e07aa.jpeg,G-103-005,true
​Футболка с выцветшим эффектом,NOCONCEPT,tops,t-shirts,male,4900,RUB,бордовый,100% хлопок,таблица размеров,,https://noconcept.ru/shop/men/6150,https://noconcept.ru/uploads/thumbs/noconcept-january0781-c26312e50a-4015c81148be39d01b978e9380022103.jpeg,G-101-037,true
​Футболка с выцветшим эффектом,NOCONCEPT,tops,t-shirts,male,4900,RUB,бежевый,100% хлопок,таблица размеров,,https://noconcept.ru/shop/men/6152,https://noconcept.ru/uploads/thumbs/noconcept-january0416-0bde4ca894-e34c76ef86dfbd4bb4aba0bd6534b01f.jpeg,G-101-037,true
​Футболка с выцветшим эффектом,NOCONCEPT,tops,t-shirts,male,4900,RUB,зеленый,100% хлопок,таблица размеров,,https://noconcept.ru/shop/men/6151,https://noconcept.ru/uploads/thumbs/noconcept-january0536-c353e53d51-13765abd970997488e86544c2e9a53aa.jpeg,G-101-037,true
​Куртка с подкладом,NOCONCEPT,outerwear,,male,23000,RUB,коричневый,100% полиэстер; Подклад: 100% полиэстер,таблица размеров,,https://noconcept.ru/shop/men/6120,https://noconcept.ru/uploads/thumbs/noconcept-january0130-4a87304dad-fd2d71156441bec8f827a780a7418092.jpeg,G-101-021,true
​Свитер с V-образным вырезом,NOCONCEPT,tops,knitwear,male,9900,RUB,Чёрный,100% хлопок,таблица размеров,,https://noconcept.ru/shop/men/5965,https://noconcept.ru/uploads/thumbs/noconcept-january0123-5afdb49466-0b171944f25327ed17044fd5fcc77afa.jpeg,G-001-013,true
Брюки карго Рельеф,NOCONCEPT,bottoms,,male,12000,RUB,коричневый,100% хлопок,таблица размеров,,https://noconcept.ru/shop/men/6145,https://noconcept.ru/uploads/thumbs/noconcept-january0601-2e13fc76e3-aa9fea7bc355e1d2cae70d29c45fba7a.jpeg,G-101-034,true
Куртка карго,NOCONCEPT,outerwear,,male,16000,RUB,коричневый,100% хлопок,таблица размеров,,https://noconcept.ru/shop/men/6142,https://noconcept.ru/uploads/thumbs/noconcept-january0595-6e10de6f42-5de83b5f67f81c1c2949dae8bb301d79.jpeg,G-101-033,true
Кардиган в рубчик,NOCONCEPT,tops,knitwear,male,13000,RUB,коричневый,"33% акрил, 30% полиэстер, 18% тенсел, 19% шерсть",таблица размеров,,https://noconcept.ru/shop/men/5961,https://noconcept.ru/uploads/thumbs/noconcept-january0456-0cc5354ac9-e1b7531f5d93414148a6d0aff3828899.jpeg,G-001-011,true
Брюки с поясом на завязках,NOCONCEPT,bottoms,,male,15000,RUB,серый,"86% полиэстер, 5% лен, 7% вискоза, 2% спандекс",таблица размеров,,https://noconcept.ru/shop/men/6165,https://noconcept.ru/uploads/thumbs/noconcept-january0494-482a17ab3f-7cd273947c333424dc69d2b4a02cb6fb.jpeg,G-101-044,true
Кардиган Этника,NOCONCEPT,tops,knitwear,male,18000,RUB,коричневый,"90% полиэстер, 10% шерсть; Подклад: 80% полиэстер, 20% хлопок; Наполнитель: 100% синтепон",таблица размеров,,https://noconcept.ru/shop/men/6101,https://noconcept.ru/uploads/thumbs/noconcept-january0511-035f20e829-a5f623065bb49a0e0f5a5b18ea0f992e.jpeg,G-101-004,true
Бомбер с эластичным поясом,NOCONCEPT,outerwear,,male,21000,RUB,черный,"81% полиэстер, 19% вискоза; Подклад: 100% полиэстер",таблица размеров,,https://noconcept.ru/shop/men/6168,https://noconcept.ru/uploads/thumbs/noconcept-january0525-99c35e5867-77a558b695e068e1c3360d25bafade0d.jpeg,G-101-046,true
Брюки Тихий силуэт,NOCONCEPT,bottoms,,male,13000,RUB,черный,"10% шерсть, 15% вискоза, 72% полиэстер, 3% спандекс.",таблица размеров,,https://noconcept.ru/shop/men/6301,https://noconcept.ru/uploads/thumbs/noconcept-january0294-33ffd676de-8ed5a98b2f58d5d4eb01bacdf3e5405d.jpeg,G-103-005,true
​Вязаное зип-худи,NOCONCEPT,tops,knitwear,male,11000,RUB,серый,"55% акрил, 45% хлопок",таблица размеров,,https://noconcept.ru/shop/men/5963,https://noconcept.ru/uploads/thumbs/noconcept-january0488-9f6438d7bf-5ae808ce1e51a9d24cfb9c280982aa67.jpeg,G-001-012,true
​Рубашка Флораль,NOCONCEPT,tops,shirts,male,19000,RUB,хаки,"50% шерсть, 50% полиэстер.",таблица размеров,,https://noconcept.ru/shop/men/6116,https://noconcept.ru/uploads/thumbs/noconcept-january0252-0c0ee5ae08-6c8b3fa4ffd0e5a5b50de3a783c2032f.jpeg,G-101-018,true
Двубортный пиджак прямого кроя,NOCONCEPT,tops,blazers,male,21000,RUB,коричневый,"84% полиэстер, 15% вискоза, 1% спандекс; Подклад: 100% полиэстер",таблица размеров,,https://noconcept.ru/shop/men/6216,https://noconcept.ru/uploads/thumbs/noconcept-january0405-f6074bc1e1-f02be578e57ea30ec0965b4c6ceb4db5.jpeg,G-102-023,true
Рубашка Фортуна,NOCONCEPT,tops,shirts,male,14000,RUB,Чёрный,100% хлопок,таблица размеров,,https://noconcept.ru/shop/men/5947,https://noconcept.ru/uploads/thumbs/noconcept-january0399-61fab28406-34091609d14546a80a65d9c7e3b02103.jpeg,G-001-004,true
​Футболка с выцветшим эффектом,NOCONCEPT,tops,t-shirts,male,4900,RUB,черный,100% хлопок,таблица размеров,,https://noconcept.ru/shop/men/6154,https://noconcept.ru/uploads/thumbs/noconcept-january0154-fd40dce283-f84333fe409a95918ea0e05d70a15201.jpeg,G-101-037,true
Брюки прямого кроя,NOCONCEPT,bottoms,,male,13000,RUB,коричневый,"84% полиэстер, 15% вискоза, 1% спандекс",таблица размеров,,https://noconcept.ru/shop/men/6219,https://noconcept.ru/uploads/thumbs/noconcept-catalog-march0112-90db77c5cb-4f50216d0668a5debb3438f9582a58cc.jpeg,G-102-024,true
Рубашка Фортуна,NOCONCEPT,tops,shirts,male,14000,RUB,коричневый,100% хлопок,таблица размеров,,https://noconcept.ru/shop/men/5949,https://noconcept.ru/uploads/thumbs/noconcept-january0388-352581946a-4c967addda34b8185ef5b905e6dcdbfa.jpeg,G-001-004,true
​Брюки вельвет,NOCONCEPT,bottoms,,male,13000,RUB,черный,100% полиэстер,таблица размеров,,https://noconcept.ru/shop/men/6196,https://noconcept.ru/uploads/thumbs/noconcept-january0092-e39f2bf9e4-a1622c25a0320217c16c7c6560970b59.jpeg,G-102-014,true
​Брюки карго,NOCONCEPT,bottoms,,male,12000,RUB,зеленый,100% хлопок,таблица размеров,,https://noconcept.ru/shop/men/6144,https://noconcept.ru/uploads/thumbs/noconcept-january0579-2b9e052ec2-8796d6e537627baed0298ace74b68fda.jpeg,G-101-034,true
​Лонгслив с необработанным краем,NOCONCEPT,tops,t-shirts,male,7700,RUB,черный,"39% полиэстер, 30% акрил, 25% нейлон, 6% спандекс",таблица размеров,,https://noconcept.ru/shop/men/6210,https://noconcept.ru/uploads/thumbs/noconcept-january0441-b21c0b528c-6e704f858845520e69f280d2236ee009.jpeg,G-102-022,true
Брюки с расслабленной посадкой,NOCONCEPT,bottoms,,male,13000,RUB,черный,"49% полиэстер, 49% хлопок , 2% спандекс",таблица размеров,,https://noconcept.ru/shop/men/6299,https://noconcept.ru/uploads/thumbs/noconcept-january0503-f2531a1150-e5fbdca3ddac1563343cf0d6d9999b73.jpeg,G-103-004,true
Куртка карго,NOCONCEPT,outerwear,,male,16000,RUB,черный,100% хлопок,таблица размеров,,https://noconcept.ru/shop/men/6140,https://noconcept.ru/uploads/thumbs/noconcept-january0615-c7d8a5ad34-845ff610f95c2f2c75d1eb2fdf230876.jpeg,G-101-033,true
Куртка медь,NOCONCEPT,outerwear,,male,24000,RUB,рыжий,100% полиамид   / Подклад: 100% полиэстер,таблица размеров,,https://noconcept.ru/shop/men/6063,https://noconcept.ru/uploads/thumbs/noconcept-january0436-7a775182a8-cf71c4e3a05bd4f2cdbad0358aa79d66.jpeg,K-001-020,true
​Вязаное зип-худи,NOCONCEPT,tops,knitwear,male,11000,RUB,Чёрный,"55% акрил, 45% хлопок",таблица размеров,,https://noconcept.ru/shop/men/5962,https://noconcept.ru/uploads/thumbs/noconcept-january0530-11732c4272-a9bb1d03c32e1a2b5f04f75d5108dc86.jpeg,G-001-012,true
​Брюки с регулируемой кулиской,NOCONCEPT,bottoms,,male,18000,RUB,Чёрный,"49% хлопок, 49% полиэстер, 2% спандекс",таблица размеров,,https://noconcept.ru/shop/men/5951,https://noconcept.ru/uploads/thumbs/noconcept-january0451-59029723f5-429f216601f69207d93cba37c61887ad.jpeg,G-001-006,true
​Рубашка с узорами,NOCONCEPT,tops,shirts,male,19000,RUB,синий,"85% полиэстер, 15% шерсть",таблица размеров,,https://noconcept.ru/shop/men/6110,https://noconcept.ru/uploads/thumbs/noconcept-january0182-f139711c19-107945b8984b335afd002ba52b82c8e5.jpeg,G-101-013,true
​Рубашка деним,NOCONCEPT,tops,shirts,male,18000,RUB,хаки,100% хлопок,таблица размеров,,https://noconcept.ru/shop/men/6099,https://noconcept.ru/uploads/thumbs/noconcept-january0303-7100eaf4f4-4765bd001c9c1b4a593cfdddb28eebe2.jpeg,G-101-002,true
​Джинсы деним,NOCONCEPT,bottoms,,male,18000,RUB,хаки,100% хлопок,таблица размеров,,https://noconcept.ru/shop/men/6100,https://noconcept.ru/uploads/thumbs/noconcept-january0308-e8b1875338-b50b5f6580bcd90e483456aebb12808e.jpeg,G-101-003,true
​Утепленная куртка рабочего,NOCONCEPT,outerwear,,male,24000,RUB,бежевый,100% хлопок  / Подклад: 100% полиэстер / Утеплитель: 100% синтепон,таблица размеров,,https://noconcept.ru/shop/men/6059,https://noconcept.ru/uploads/thumbs/noconcept-january0261-34258eaca0-da3ab7ba7bc257dc9bb4dfd3ba959a0e.jpeg,K-001-014,true
Брюки Ритм,NOCONCEPT,bottoms,,male,10000,RUB,серый,"55% хлопок, 45% полиэстер",таблица размеров,,https://noconcept.ru/shop/men/6138,https://noconcept.ru/uploads/thumbs/noconcept-january0355-6820c929d0-9fd8711691438d082251c9e20423bcfb.jpeg,G-101-031,true
Куртка Сафари,NOCONCEPT,outerwear,,male,24000,RUB,бежевый,100% хлопок  / Подклад: 100% полиэстер,таблица размеров,,https://noconcept.ru/shop/men/6064,https://noconcept.ru/uploads/thumbs/noconcept-january0328-52e0922e49-26120b44c19e000d902679905fda0e36.jpeg,K-001-027,true
​Рубашка с узорами,NOCONCEPT,tops,shirts,male,19000,RUB,красный,"85% полиэстер, 15% шерсть",таблица размеров,,https://noconcept.ru/shop/men/6109,https://noconcept.ru/uploads/thumbs/noconcept-january0542-9c08614f30-5e83a6758a9d3fe961a0dce7e67b0eb7.jpeg,G-101-013,true
Джинсы Cargo Wide,NOCONCEPT,bottoms,,male,14000,RUB,синий,100% хлопок,таблица размеров,,https://noconcept.ru/shop/men/5331,https://noconcept.ru/uploads/thumbs/y5a2042-a5649d6c22-cd9721207146022338fd45d96ac92afe.jpeg,М-035-039,true
Куртка карго,NOCONCEPT,outerwear,,male,16000,RUB,зеленый,100% хлопок,таблица размеров,,https://noconcept.ru/shop/men/6141,https://noconcept.ru/uploads/thumbs/noconcept-january0572-4376aa0170-54eb46c56da812cf38ccf90d7ef5692a.jpeg,G-101-033,true
​Рубашка Флораль,NOCONCEPT,tops,shirts,male,19000,RUB,серый,"50% шерсть, 50% полиэстер.",таблица размеров,,https://noconcept.ru/shop/men/6115,https://noconcept.ru/uploads/thumbs/noconcept-january0409-4d810f2090-34e43c5bb58c70752d0068e59f9e911f.jpeg,G-101-018,true
Бомбер с фактурной отделкой,NOCONCEPT,outerwear,,male,29000,RUB,коричневый,"68% шерсть, 20% нейлон, 12% хлопок; Подклад: 100% полиэстер",таблица размеров,,https://noconcept.ru/shop/men/6121,https://noconcept.ru/uploads/thumbs/noconcept-january0424-a2efb09d0d-4fe48544eb00b347f355a1adf6631ae9.jpeg,G-101-022,true
Куртка Retro Fade,NOCONCEPT,outerwear,,male,20000,RUB,синий,100% хлопок,таблица размеров,,https://noconcept.ru/shop/men/5159,https://noconcept.ru/uploads/thumbs/katalog-nc-15020065-2-ee74e5406b-c1d423b762be79772a9ee00433604167.jpeg,М-034-364,true
​Куртка в цветок,NOCONCEPT,outerwear,,male,19500,RUB,зелёный,100% хлопок,таблица размеров,,https://noconcept.ru/shop/men/5812,https://noconcept.ru/uploads/thumbs/nc-katalog-0206251019-519e1f7b6d-71e521e626477cbff6d3fd8799425710.jpeg,М-037-051,true
Футболка-хенли Меланж,NOCONCEPT,tops,t-shirts,male,5500,RUB,черный,100% хлопок,таблица размеров,,https://noconcept.ru/shop/men/5868,https://noconcept.ru/uploads/thumbs/nc-katalog-0206253800-f256856f6d-240a0de4dcb9e2fe3ef93cc2e3397992.jpeg,М-037-063,true
​Лонгслив Терра роса,NOCONCEPT,tops,t-shirts,male,6500,RUB,молочный,100% полиэстер,таблица размеров,,https://noconcept.ru/shop/men/5822,https://noconcept.ru/uploads/thumbs/noconcept-catalog-march0009-8-4ebe1f9224-339e30f23efdaca5420cedc6778e285d.jpeg,М-037-061,true
Брюки Ритм,NOCONCEPT,bottoms,,male,10000,RUB,черный,"55% хлопок, 45% полиэстер",таблица размеров,,https://noconcept.ru/shop/men/6137,https://noconcept.ru/uploads/thumbs/noconcept-january0519-c799eaf041-271b9e7f2314eee2e0ddee2f50221fb5.jpeg,G-101-031,true
Брюки карго,NOCONCEPT,bottoms,,male,12000,RUB,черный,100% хлопок,таблица размеров,,https://noconcept.ru/shop/men/6143,https://noconcept.ru/uploads/thumbs/noconcept-january0610-433204a3d4-fc48834dd6ddcb3d76b8a37a269ca8f5.jpeg,G-101-034,true
​Вельветовая куртка,NOCONCEPT,outerwear,,male,34000,RUB,цветной,100% хлопок; Подклад: 100% полиэстер,таблица размеров,,https://noconcept.ru/shop/men/6111,https://noconcept.ru/uploads/thumbs/noconcept-january0886-d78b6caeb3-d10fdb6d79c8495e9dbfa0e10e2132a7.jpeg,G-101-014,true
​Шапка-шлем,NOCONCEPT,accessories,,male,3100,RUB,Чёрный,45% хлопок 45% полиэстер 10% шерсть,таблица размеров,,https://noconcept.ru/shop/men/5977,https://noconcept.ru/uploads/thumbs/noconcept-january0911-0d110bec68-5512eccf7c5b8dcfa6c2a1a269d2ca6d.jpeg,G-001-017,true
​​БРЮКИ SERENITY,NOCONCEPT,bottoms,,male,10000,RUB,черный,100% полиэстер,таблица размеров,,https://noconcept.ru/shop/men/635,https://noconcept.ru/uploads/thumbs/katalog-nc-15020152-2-fdb42f0453-7b1601bd48153bace00424af9b117c78.jpeg,М-034-227,true
​Куртка текстурированная,NOCONCEPT,outerwear,,male,25000,RUB,красный,"90% полиэстер, 10% экокожа; Подклад: 100% полиэстер",таблица размеров,,https://noconcept.ru/shop/men/6335,https://noconcept.ru/uploads/thumbs/noconcept-january0646-7e78a672c3-54ee1955236a972ebb8f8a4e96b9ebe4.jpeg,GD-101-002,true
​Рубашка с вышивкой на спине,NOCONCEPT,tops,shirts,male,17000,RUB,голубой,"53% хлопок, 23% тенсел, 14% шерсть, 10% кашемир",таблица размеров,,https://noconcept.ru/shop/men/6103,https://noconcept.ru/uploads/thumbs/noconcept-january0762-2705eda998-a525840cd9689b254312dbe370019b76.jpeg,G-101-007,true
​Двубортное пальто,NOCONCEPT,outerwear,,male,27000,RUB,серый,"68% полиэстер, 28% хлопок, 4% спандекс   / Подклад: 100% полиэстер",таблица размеров,,https://noconcept.ru/shop/men/6070,https://noconcept.ru/uploads/thumbs/noconcept-january0696-6e2ccdda1f-7ff50efb88f1748c35bcfb70887f78c1.jpeg,K-001-022,true
​Свитер с V-образным вырезом,NOCONCEPT,tops,knitwear,male,9900,RUB,Розовый,100% хлопок,таблица размеров,,https://noconcept.ru/shop/men/5966,https://noconcept.ru/uploads/thumbs/noconcept-january0709-0a7a2194bc-c4ae4a4879f5329215bb507cfe33e799.jpeg,G-001-013,true
​Вязаное зип-худи,NOCONCEPT,tops,knitwear,male,11000,RUB,красный,"55% акрил, 45% хлопок",таблица размеров,,https://noconcept.ru/shop/men/5964,https://noconcept.ru/uploads/thumbs/noconcept-january0672-2d6f3caeab-7e0d1b1b37ff8494ff538161e812b254.jpeg,G-001-012,true
​Утепленный бомбер,NOCONCEPT,outerwear,,male,26000,RUB,красный,"50% шерсть, 50% полиэстер; Подклад: 100% полиэстер",таблица размеров,,https://noconcept.ru/shop/men/6325,https://noconcept.ru/uploads/thumbs/noconcept-january0727-114dcc3407-7434212a3073b71ae8db26bf9484803b.jpeg,G-103-007,true
Брюки свободного силуэта,NOCONCEPT,bottoms,,male,14000,RUB,бежевый,"77% полиэстер, 17% вискоза, 6% спандекс",таблица размеров,,https://noconcept.ru/shop/men/6193,https://noconcept.ru/uploads/thumbs/noconcept-january0668-7986fa2fb6-56f05abeb828903b08cd8e2976262416.jpeg,G-102-012,true
​Рубашка smell,NOCONCEPT,tops,shirts,male,17000,RUB,синий,100% хлопок,таблица размеров,,https://noconcept.ru/shop/men/6112,https://noconcept.ru/uploads/thumbs/noconcept-january0623-2dc61c9aef-f0a01bfc2c38683ac80c27573c89ce88.jpeg,G-101-015,true
​Рубашка gentle,NOCONCEPT,tops,shirts,male,17000,RUB,бежевый,"97% полиэстер, 3% спандекс",таблица размеров,,https://noconcept.ru/shop/men/6105,https://noconcept.ru/uploads/thumbs/noconcept-january0874-7297d75946-c77b9ea89e1092fef8f1f2e92407cda5.jpeg,G-101-009,true
​Жилет с воротником,NOCONCEPT,outerwear,vests,male,11000,RUB,зеленый,"32% акрил, 29% шерсть, 26% нейлон, 13% шерсть альпака",таблица размеров,,https://noconcept.ru/shop/men/6102,https://noconcept.ru/uploads/thumbs/noconcept-january0915-576a72cd2c-5ecf9187fed39d38b30f6d2d986b4bde.jpeg,G-101-006,true
​Брюки gentle,NOCONCEPT,bottoms,,male,17000,RUB,бежевый,"97% полиэстер, 3% спандекс",таблица размеров,,https://noconcept.ru/shop/men/6106,https://noconcept.ru/uploads/thumbs/noconcept-january0879-7db1d4863e-19e3395fb6e7eb3e319b4dfdd6579712.jpeg,G-101-010,true
​Свитер с декоративным узором,NOCONCEPT,tops,knitwear,male,11000,RUB,белый,"14% шерсть, 26% акрил, 60% полиэстер",таблица размеров,,https://noconcept.ru/shop/men/6125,https://noconcept.ru/uploads/thumbs/noconcept-january0850-a24955330d-319a8a815de2851a98f99a9cb22b0df8.jpeg,G-101-024,true
​Рубашка с потайной вышивкой,NOCONCEPT,tops,shirts,male,15000,RUB,белый,100% хлопок,таблица размеров,,https://noconcept.ru/shop/men/6114,https://noconcept.ru/uploads/thumbs/noconcept-january0771-976534a9f7-a9a030cac92b306f92d311506931a4bf.jpeg,G-101-017,true
Брюки свободного силуэта,NOCONCEPT,bottoms,,male,14000,RUB,серый,"77% полиэстер, 17% вискоза, 6% спандекс",таблица размеров,,https://noconcept.ru/shop/men/6192,https://noconcept.ru/uploads/thumbs/noconcept-january0738-81276c265e-7b5f39d6c1a742177dfc7e3d0fda7ba7.jpeg,G-102-012,true
​Двубортное пальто,NOCONCEPT,outerwear,,male,27000,RUB,Чёрный,"68% полиэстер, 28% хлопок, 4% спандекс   / Подклад: 100% полиэстер",таблица размеров,,https://noconcept.ru/shop/men/6069,https://noconcept.ru/uploads/thumbs/noconcept-january0703-79c8333931-0c6b7453dbdc284703f110c50f83c4bb.jpeg,K-001-022,true
​Свитер с декоративным узором,NOCONCEPT,tops,knitwear,male,11000,RUB,серый,"14% шерсть, 26% акрил, 60% полиэстер",таблица размеров,,https://noconcept.ru/shop/men/6124,https://noconcept.ru/uploads/thumbs/noconcept-january0763-4486c925cc-86f5f9b63258e6acd8024a3645cafb91.jpeg,G-101-024,true
​Двубортный пиджак,NOCONCEPT,tops,blazers,male,18000,RUB,черный,100% полиэстер; Подклад: 100% полиэстер,таблица размеров,,https://noconcept.ru/shop/men/6139,https://noconcept.ru/uploads/thumbs/noconcept-january0689-70ede43d14-b30e7802675c742a894667089efd23a6.jpeg,G-101-032,true
​Рубашка с нагрудным карманом,NOCONCEPT,tops,shirts,male,10000,RUB,белый,100% хлопок.,таблица размеров,,https://noconcept.ru/shop/men/6201,https://noconcept.ru/uploads/thumbs/noconcept-january0682-40b2a44efe-76c0e38f87253e605aab9448ace354a3.jpeg,G-102-017,true
​Свитер с V-образным вырезом,NOCONCEPT,tops,knitwear,male,9900,RUB,фисташковый,100% хлопок,таблица размеров,,https://noconcept.ru/shop/men/5967,https://noconcept.ru/uploads/thumbs/noconcept-january0715-256b5cad24-a5bc117e9b3da9911b427cb191c4a151.jpeg,G-001-013,true
Пуховик N'C FEATHER,NOCONCEPT,outerwear,,male,45000,RUB,бежевый,100% полиэстер/утеплитель: 100% утиный пух-перо 90/10,таблица размеров,,https://noconcept.ru/shop/men/6334,https://noconcept.ru/uploads/thumbs/noconcept-catalog-dec0052-34a47e0a10-43aedaa1d26a601eb75df0d56f62afa6.jpeg,GD-001-001,true
​Шапка-ушанка с завязками,NOCONCEPT,accessories,,male,3900,RUB,коричневый,45% хлопок 45% полиэстер 10% шерсть,таблица размеров,,https://noconcept.ru/shop/men/5982,https://noconcept.ru/uploads/thumbs/noconcept-catalog-dec0318-8ffc7eeb9d-3b10f861b4acd1821ef7e17d96207ab3.jpeg,G-001-018,true
​Брюки с кнопками snap,NOCONCEPT,bottoms,,male,18000,RUB,серый,100% полиэстер,таблица размеров,,https://noconcept.ru/shop/men/5953,https://noconcept.ru/uploads/thumbs/noconcept-catalog-dec0062-7c0a7e201f-cc8bd6fbbb709362b229aba87d8517cc.jpeg,G-001-007,true
​Утепленное кимоно Shibui,NOCONCEPT,outerwear,,male,48000,RUB,Чёрный,100% тенсел / Подклад: 100% полиэстер / Утеплитель: 100% пух,таблица размеров,,https://noconcept.ru/shop/men/6057,https://noconcept.ru/uploads/thumbs/noconcept-catalog-28-november005-b1166284d4-a764d8244246df62c3f9872d9ba55db4.jpeg,K-001-034,true
​Утепленные брюки Shibui,NOCONCEPT,bottoms,,male,19000,RUB,Чёрный,100% тенсел / Подклад: 100% полиэстер / Утеплитель: 100% синтепон,таблица размеров,,https://noconcept.ru/shop/men/6049,https://noconcept.ru/uploads/thumbs/noconcept-catalog-28-november006-38e8134499-5ee2160edea98d84f758344019a0df4f.jpeg,K-001-030,true
​Шапка-шлем,NOCONCEPT,accessories,,male,3100,RUB,молочный,45% хлопок 45% полиэстер 10% шерсть,таблица размеров,,https://noconcept.ru/shop/men/5978,https://noconcept.ru/uploads/thumbs/noconcept-january0050-d819ac0ce9-15677af7e0a3a461055b0e81cbdff7a0.jpeg,G-001-017,true
​Пальто shaggy,NOCONCEPT,outerwear,,male,39000,RUB,серый,"90% шерсть, 10% полиэстер   / Подклад: 100% полиэстер",таблица размеров,,https://noconcept.ru/shop/men/6271,https://noconcept.ru/uploads/thumbs/noconcept-catalog-28-november009-d4037a29f5-4f5a26bccdaba13871334d271be13e02.jpeg,K-001-120,true
​Вязаные перчатки device,NOCONCEPT,accessories,,male,2500,RUB,оливковый,45% хлопок 45% полиэстер 10% шерсть,таблица размеров,,https://noconcept.ru/shop/men/5987,https://noconcept.ru/uploads/thumbs/noconcept-catalog-dec0169-1-870350421f-cc21e0106459634c356c15bcbae1adad.jpeg,G-001-019,true
​Брюки homely,NOCONCEPT,bottoms,,male,14000,RUB,тёмно-серый,100% хлопок,таблица размеров,,https://noconcept.ru/shop/men/6026,https://noconcept.ru/uploads/thumbs/noconcept-catalog-28-november005-6b69f80032-5be815a9d1b94365a3fd1ea5bce24ee8.jpeg,K-001-002,true
​Зип-худи homely,NOCONCEPT,tops,knitwear,male,17000,RUB,тёмно-серый,100% хлопок,таблица размеров,,https://noconcept.ru/shop/men/6091,https://noconcept.ru/uploads/thumbs/noconcept-catalog-28-november004-863d8be4f3-28bdbdec7e5f0e4029d5fb544039e8ee.jpeg,K-001-001,true
​Куртка Matte,NOCONCEPT,outerwear,,male,23000,RUB,Чёрный,100% полиэстер / Подклад: 100% полиэстер / Утеплитель: 100% синтепон,таблица размеров,,https://noconcept.ru/shop/men/6281,https://noconcept.ru/uploads/thumbs/noconcept-catalog-28-november028-e70bc5cfd3-b8ffefbc0d1d2e3f2d0cb4e7da21a0d4.jpeg,K-001-106,true
Тренч Горизонт,NOCONCEPT,outerwear,,male,30000,RUB,серый,100% хлопок,таблица размеров,,https://noconcept.ru/shop/men/5165,https://noconcept.ru/uploads/thumbs/nc-katalog-0708254976-9df537d390-c01bb96278702e21f2a34e1d0866cf3b.jpeg,М-034-384,true
​Шапка с отворотом,NOCONCEPT,accessories,,male,3900,RUB,черный,30% шерсть 70% акрил,таблица размеров,,https://noconcept.ru/shop/men/6344,https://noconcept.ru/uploads/thumbs/noconcept-catalog-28-november002-ab2e9027f6-563e93d654f78a3bbd1b80eb81df32da.jpeg,Ш-02,true
​Стёганый жилет,NOCONCEPT,outerwear,vests,male,25000,RUB,черный,100% нейлон; Подклад: 100% полиэстер; Наполнитель: 100% утиный пух,таблица размеров,,https://noconcept.ru/shop/men/6118,https://noconcept.ru/uploads/thumbs/noconcept-catalog-dec0382-434f187fe1-4e0c9b94afe07d81d93c00dcb76932e8.jpeg,G-101-020,true
​Кардиган в полоску,NOCONCEPT,tops,knitwear,male,12000,RUB,голубой,"9% шерсть, 21% нейлон, 70% полиэстер",таблица размеров,,https://noconcept.ru/shop/men/6126,https://noconcept.ru/uploads/thumbs/noconcept-catalog-dec0622-4a6468f23b-cfef0da8fb87eb8cd408c85fe4457ade.jpeg,G-101-025,true
Пуховик N'C FEATHER,NOCONCEPT,outerwear,,male,45000,RUB,Чёрный,100% полиэстер/утеплитель: 100% утиный пух-перо 90/10,таблица размеров,,https://noconcept.ru/shop/men/6333,https://noconcept.ru/uploads/thumbs/noconcept-catalog-dec0038-e901afa9fd-b2a63211cc7780dc0f6d6dafde445941.jpeg,GD-001-001,true
​Брюки со складками,NOCONCEPT,bottoms,,male,14500,RUB,черный,"70% хлопок, 30% полиэстер",таблица размеров,,https://noconcept.ru/shop/men/6172,https://noconcept.ru/uploads/thumbs/noconcept-catalog-dec0045-a0bfbcab95-6210d0561f2d6ac1306af0febf043ea4.jpeg,G-102-002,true
​Свитер с воротником стойкой,NOCONCEPT,tops,knitwear,male,12000,RUB,зелёный,"6% шерсть, 18% нейлон, 76% полиэстер",таблица размеров,,https://noconcept.ru/shop/men/6249,https://noconcept.ru/uploads/thumbs/noconcept-catalog-28-november011-8c195190c7-aad2af9896fa2dc9320a124c80a93059.jpeg,K-001-117,true
​Полосатые носки в рубчик,NOCONCEPT,tops,t-shirts,male,500,RUB,оливковый,100% хлопок,таблица размеров,,https://noconcept.ru/shop/men/5996,https://noconcept.ru/uploads/thumbs/noconcept-catalog-dec0065-1-2978c22995-dfad9953d4cb1026439aeab93e8eec4a.jpeg,G-001-020,true
​Пиджак bowl,NOCONCEPT,tops,blazers,male,23000,RUB,хаки,"83% полиэстер, 17% шерсть / Подклад: 100% полиэстер",таблица размеров,,https://noconcept.ru/shop/men/6077,https://noconcept.ru/uploads/thumbs/noconcept-catalog-28-november012-7c82797d9a-b6141783d4d4f1c6a75fda640089d12b.jpeg,K-001-010,true
​Полосатые носки,NOCONCEPT,tops,t-shirts,male,500,RUB,белый,"80% хлопок, 15% шерсть, 5% лайкра",таблица размеров,,https://noconcept.ru/shop/men/6008,https://noconcept.ru/uploads/thumbs/noconcept-catalog-dec0182-1-3a65502162-472dff1568265b92bfe57d33090af44f.jpeg,G-001-024,true
​Брюки bowl,NOCONCEPT,bottoms,,male,15000,RUB,хаки,"83% полиэстер, 17% шерсть",таблица размеров,,https://noconcept.ru/shop/men/6039,https://noconcept.ru/uploads/thumbs/noconcept-catalog-28-november014-a72b523ffc-7244451f05db9c3d762d40eec7e908b2.jpeg,K-001-011,true
​Свитер с воротником стойкой,NOCONCEPT,tops,knitwear,male,12000,RUB,бежевый,"6% шерсть, 18% нейлон, 76% полиэстер",таблица размеров,,https://noconcept.ru/shop/men/6248,https://noconcept.ru/uploads/thumbs/noconcept-catalog-28-november013-a806bb5752-a5e3d2a6e288298149e8170e7746f0df.jpeg,K-001-117,true
​Утепленный жилет с завязками Shibui,NOCONCEPT,outerwear,vests,male,19000,RUB,Чёрный,100% тенсел / Подклад: 100% полиэстер / Утеплитель: 100% синтепон,таблица размеров,,https://noconcept.ru/shop/men/6051,https://noconcept.ru/uploads/thumbs/noconcept-catalog-28-november003-a5bd7190a4-88333e685963797df8eb3da61d6579ee.jpeg,K-001-031,true
​Меховая шапка-таблетка,NOCONCEPT,accessories,,male,4500,RUB,Чёрный,100% полиэстер  / Подклад: 100% хлопок,таблица размеров,,https://noconcept.ru/shop/men/5968,https://noconcept.ru/uploads/thumbs/noconcept-catalog-dec0074-06986cbbfb-8bc8fb24e53949124438420c536348c3.jpeg,G-001-014,true
​Полосатые носки,NOCONCEPT,tops,t-shirts,male,500,RUB,коричневый,"80% хлопок, 15% шерсть, 5% лайкра",таблица размеров,,https://noconcept.ru/shop/men/6010,https://noconcept.ru/uploads/thumbs/noconcept-catalog-dec0181-1-998e7883de-c4331fc6e4de8e3280a83dcf3a5a3168.jpeg,G-001-024,true
​Утепленное кимоно Shibui,NOCONCEPT,outerwear,,male,27000,RUB,Чёрный,100% тенсел / Подклад: 100% полиэстер / Утеплитель: 100% синтепон,таблица размеров,,https://noconcept.ru/shop/men/6072,https://noconcept.ru/uploads/thumbs/noconcept-catalog-28-november004-ed8549c9eb-4d31697bf4310fa77f1cc4fb15303bb3.jpeg,K-001-029,true
​Стёганый жилет,NOCONCEPT,outerwear,vests,male,25000,RUB,хаки,100% нейлон; Подклад: 100% полиэстер; Наполнитель: 100% утиный пух,таблица размеров,,https://noconcept.ru/shop/men/6119,https://noconcept.ru/uploads/thumbs/noconcept-catalog-dec0205-f587e8d8ff-4f220fe5a81e7485ebe408847f085dff.jpeg,G-101-020,true
​Шапка-ушанка curly,NOCONCEPT,accessories,,male,4200,RUB,темно-серый,"18% шерсть, 62% акрил, 20% полиэстер",таблица размеров,,https://noconcept.ru/shop/men/6132,https://noconcept.ru/uploads/thumbs/noconcept-catalog-dec0212-18edc4e9fc-7650aca3c58461a63de0c8ff57014294.jpeg,G-101-027,true
​Вязаный свитер,NOCONCEPT,tops,knitwear,male,11000,RUB,синий,"13% нейлон, 3% спандекс , 8% шерсть, 76% полиэстер",таблица размеров,,https://noconcept.ru/shop/men/6228,https://noconcept.ru/uploads/thumbs/noconcept-catalog-dec0103-351ec4d73d-210a7c11a89a32e8ec8d14ad851e0e80.jpeg,G-102-029,true
​Объемный бомбер amount,NOCONCEPT,outerwear,,male,25000,RUB,коричневый,100% полиэстер / Подклад: 100% полиэстер / Утеплитель: 100% синтепон,таблица размеров,,https://noconcept.ru/shop/men/6240,https://noconcept.ru/uploads/thumbs/noconcept-catalog-28-november000-57d7e2508a-23fdfe4775684af697dfdb1348aa6e39.jpeg,K-001-107,true
Футболка-хенли Меланж,NOCONCEPT,tops,t-shirts,male,5500,RUB,светло-серый,100% хлопок,таблица размеров,,https://noconcept.ru/shop/men/5869,https://noconcept.ru/uploads/thumbs/noconcept-catalog-march0008-7-f2d2df5229-36a14abf72d995a62c022aaf5a6fbe95.jpeg,М-037-063,true
​Полосатые носки в рубчик,NOCONCEPT,tops,t-shirts,male,500,RUB,коричневый,100% хлопок,таблица размеров,,https://noconcept.ru/shop/men/5995,https://noconcept.ru/uploads/thumbs/noconcept-catalog-dec0049-1-7c65e7cbcc-69b9a80289d72d86ef31d93399f9136f.jpeg,G-001-020,true
​Шапка-ушанка с завязками,NOCONCEPT,accessories,,male,3900,RUB,голубой,45% хлопок 45% полиэстер 10% шерсть,таблица размеров,,https://noconcept.ru/shop/men/6011,https://noconcept.ru/uploads/thumbs/noconcept-catalog-dec0098-a6f4db4e8c-5096fee96bb533723ef69a7e9cdabeea.jpeg,G-001-018,true
​Двубортный пиджак Slope,NOCONCEPT,tops,blazers,male,23000,RUB,серый,100% полиэстер / Подклад: 100% полиэстер,таблица размеров,,https://noconcept.ru/shop/men/6275,https://noconcept.ru/uploads/thumbs/noconcept-catalog-28-november010-8afe2c7db7-e38393bb2ca6d6a87cde8f97222dd9ec.jpeg,K-001-109,true
​Брюки slope,NOCONCEPT,bottoms,,male,15000,RUB,серый,100% полиэстер,таблица размеров,,https://noconcept.ru/shop/men/6242,https://noconcept.ru/uploads/thumbs/noconcept-catalog-28-november012-c9fbe2cbbc-ab824c65b901a7a9cf50f17479866dd5.jpeg,K-001-110,true
​Полосатые носки,NOCONCEPT,tops,t-shirts,male,500,RUB,серый,"80% хлопок, 15% шерсть, 5% лайкра",таблица размеров,,https://noconcept.ru/shop/men/6009,https://noconcept.ru/uploads/thumbs/noconcept-catalog-dec0062-1-411610e9fe-3526e833cced4d0861b3310fafd843c0.jpeg,G-001-024,true
​Шерстяной жакет wool,NOCONCEPT,tops,blazers,male,21000,RUB,коричневый,"70% шерсть, 30% полиэстер / Подклад: 100% полиэстер",таблица размеров,,https://noconcept.ru/shop/men/6266,https://noconcept.ru/uploads/thumbs/noconcept-catalog-28-november042-e5bbb40275-dcadc8592cbe54d647dcf2477b1aa85c.jpeg,K-001-112,true
​Объемный бомбер amount,NOCONCEPT,outerwear,,male,25000,RUB,Чёрный,100% полиэстер / Подклад: 100% полиэстер / Утеплитель: 100% синтепон,таблица размеров,,https://noconcept.ru/shop/men/6239,https://noconcept.ru/uploads/thumbs/noconcept-catalog-28-november002-d4b615ef2e-8af6a4e2c36b4031c6e1756e75bbca65.jpeg,K-001-107,true
​Вязаный свитер,NOCONCEPT,tops,knitwear,male,11000,RUB,зеленый,"13% нейлон, 3% спандекс , 8% шерсть, 76% полиэстер",таблица размеров,,https://noconcept.ru/shop/men/6232,https://noconcept.ru/uploads/thumbs/noconcept-catalog-dec0188-dea916a84f-2b628195525445b2a9b264986d400ef3.jpeg,G-102-029,true
​Тренч Контур,NOCONCEPT,outerwear,,male,25000,RUB,серый,"58% хлопок, 42% полиэстер",таблица размеров,,https://noconcept.ru/shop/men/5170,https://noconcept.ru/uploads/thumbs/katalog-nc-15020226-d5d3ef4424-7ab482a4a6dd53136663dd7503fea8c8.jpeg,М-034-386,true
Бомбер Оникс,NOCONCEPT,outerwear,,male,19000,RUB,черный,100% хлопок,таблица размеров,,https://noconcept.ru/shop/men/5158,https://noconcept.ru/uploads/thumbs/noconcept-catalog-march0013-6-9be9e1c825-4e9abbfa8995612854dcf6f663bbdf81.jpeg,М-034-363,true
​Спортивные брюки,NOCONCEPT,bottoms,,male,15000,RUB,Чёрный,"63% хлопок, 37% полиэстер",таблица размеров,,https://noconcept.ru/shop/men/6029,https://noconcept.ru/uploads/thumbs/noconcept-catalog-28-november007-b4f422e2cc-5e0ff14d295e75c5e757ba991a7f5b24.jpeg,K-001-004,true
​Вязаная шапка,NOCONCEPT,accessories,,male,3300,RUB,Чёрный,45% хлопок 45% полиэстер 10% шерсть,таблица размеров,,https://noconcept.ru/shop/men/5974,https://noconcept.ru/uploads/thumbs/noconcept-catalog-dec0193-47f0c52ff5-6225a80eb05cdaa038589e56c194d2e1.jpeg,G-001-016,true
​Лонгслив Waffle Henley,NOCONCEPT,tops,t-shirts,male,8900,RUB,серый,"85% акрил, 15% полиэстер",таблица размеров,,https://noconcept.ru/shop/men/5736,https://noconcept.ru/uploads/thumbs/nc-katalog-0206252479-4b2d602664-63afc306ab539aa6f9d1a91abc8c7455.jpeg,М-037-032,true
​Зип-худи homely,NOCONCEPT,tops,knitwear,male,17000,RUB,коричневый,100% хлопок,таблица размеров,,https://noconcept.ru/shop/men/6088,https://noconcept.ru/uploads/thumbs/noconcept-catalog-28-november004-ce2f5cf648-3ade0d4db7fdadc343e8e03b307624d4.jpeg,K-001-001,true
​Полосатые носки в рубчик,NOCONCEPT,tops,t-shirts,male,500,RUB,голубой,100% хлопок,таблица размеров,,https://noconcept.ru/shop/men/5992,https://noconcept.ru/uploads/thumbs/noconcept-catalog-dec0179-1-8f2f467109-c85a4ed9b39ef585ee9a717f4a863ffa.jpeg,G-001-020,true
​Брюки homely,NOCONCEPT,bottoms,,male,14000,RUB,коричневый,100% хлопок,таблица размеров,,https://noconcept.ru/shop/men/6023,https://noconcept.ru/uploads/thumbs/noconcept-catalog-28-november004-e1d71e1064-1eb4f7ddd10bdf751c402812c5368e18.jpeg,K-001-002,true
Шапка short,NOCONCEPT,accessories,,male,2900,RUB,голубой,65% акрил 40% хлопок,таблица размеров,,https://noconcept.ru/shop/men/5284,https://noconcept.ru/uploads/thumbs/katalog-0612242960-327d7e4a95-4571286d0bb64b2405394d38634370c0.jpeg,A-001-001,true
​Пальто shaggy,NOCONCEPT,outerwear,,male,39000,RUB,бежевый,"90% шерсть, 10% полиэстер   / Подклад: 100% полиэстер",таблица размеров,,https://noconcept.ru/shop/men/6272,https://noconcept.ru/uploads/thumbs/noconcept-catalog-28-november018-05886b95f4-69a0e73c2b7e410c1e92f6a556164677.jpeg,K-001-120,true
​Шапка с отворотом,NOCONCEPT,accessories,,male,3900,RUB,темно-бежевый,30% шерсть 70% акрил,таблица размеров,,https://noconcept.ru/shop/men/6340,https://noconcept.ru/uploads/thumbs/noconcept-catalog-28-november045-76d366e48c-f4c2675cd087882b76f965cbb1bd219a.jpeg,Ш-02,true
​Утепленные брюки floater,NOCONCEPT,bottoms,,male,19000,RUB,молочный,"50% шерсть, 50% полиэстер.",таблица размеров,,https://noconcept.ru/shop/men/6040,https://noconcept.ru/uploads/thumbs/noconcept-catalog-28-november021-42b5255ccc-b7f944d0f55a96531e98f99677f55f1b.jpeg,K-001-012,true
​Пальто shaggy,NOCONCEPT,outerwear,,male,39000,RUB,Чёрный,"90% шерсть, 10% полиэстер   / Подклад: 100% полиэстер",таблица размеров,,https://noconcept.ru/shop/men/6270,https://noconcept.ru/uploads/thumbs/noconcept-catalog-28-november005-0291e81697-c76a4827a55a1acddcc5cff8bf3af8c2.jpeg,K-001-120,true
​Куртка Rider,NOCONCEPT,outerwear,,male,28000,RUB,черный,"70% хлопок, 30% полиэстер",таблица размеров,,https://noconcept.ru/shop/men/5162,https://noconcept.ru/uploads/thumbs/katalog-nc-15022273-4d82b8be42-2d6ec974b91f9b90bbf5988694a3a9e7.jpeg,М-034-367,true
Поло в полоску,NOCONCEPT,tops,t-shirts,male,14000,RUB,чёрно-молочный,"50% акрил, 20% хлопок, 30% полиэстер",таблица размеров,,https://noconcept.ru/shop/men/5950,https://noconcept.ru/uploads/thumbs/noconcept-catalog-dec0154-fa21b1793a-0a2cc793d835256bced41fa333ce090b.jpeg,G-001-005,true
​Зип-худи homely,NOCONCEPT,tops,knitwear,male,17000,RUB,молочный,100% хлопок,таблица размеров,,https://noconcept.ru/shop/men/6089,https://noconcept.ru/uploads/thumbs/noconcept-catalog-28-november013-28245c66c5-a68cda60ddd33868bb5478882f669e45.jpeg,K-001-001,true
​Брюки homely,NOCONCEPT,bottoms,,male,14000,RUB,молочный,100% хлопок,таблица размеров,,https://noconcept.ru/shop/men/6024,https://noconcept.ru/uploads/thumbs/noconcept-catalog-28-november013-51217e3e78-80983273e04a463508ccda150b86f00a.jpeg,K-001-002,true
​Вязаная шапка из мягкой пряжи,NOCONCEPT,accessories,,male,3500,RUB,бежевый,50% хлопок 50% полиэстер,таблица размеров,,https://noconcept.ru/shop/men/6013,https://noconcept.ru/uploads/thumbs/noconcept-catalog-dec0014-1-9a272ede46-2144f0cb5a8f1768b02c0deda275865e.jpeg,G-001-025,true
​Куртка forest,NOCONCEPT,outerwear,,male,23500,RUB,серый,100% полиэстер / Подклад: 100% полиэстер / Утеплитель: 100% синтепон,таблица размеров,,https://noconcept.ru/shop/men/6294,https://noconcept.ru/uploads/thumbs/noconcept-catalog-28-november012-424a6603f1-04bba4eb725aa260c39a9b79be3b810d.jpeg,K-001-1061,true
​Двубортный пиджак Slope,NOCONCEPT,tops,blazers,male,23000,RUB,бежевый,100% полиэстер / Подклад: 100% полиэстер,таблица размеров,,https://noconcept.ru/shop/men/6276,https://noconcept.ru/uploads/thumbs/noconcept-catalog-28-november002-a5ce6e1fc7-360aad5089b27f0b6e4c179b1fe4d550.jpeg,K-001-109,true
​Вязаный жилет,NOCONCEPT,outerwear,vests,male,8000,RUB,коричневый,"6% шерсть, 13% нейлон, 13% акрил, 68% полиэстер",таблица размеров,,https://noconcept.ru/shop/men/6260,https://noconcept.ru/uploads/thumbs/noconcept-catalog-28-november003-14a8710a3b-73b5bc30a59c854771616457f577cc44.jpeg,K-001-115,true
​Брюки slope,NOCONCEPT,bottoms,,male,15000,RUB,бежевый,100% полиэстер,таблица размеров,,https://noconcept.ru/shop/men/6243,https://noconcept.ru/uploads/thumbs/noconcept-january0041-e86855e0cf-993584dff179177f1bd85b106dcb2110.jpeg,K-001-110,true
​Свитер с воротником стойкой,NOCONCEPT,tops,knitwear,male,12000,RUB,коричневый,"6% шерсть, 18% нейлон, 76% полиэстер",таблица размеров,,https://noconcept.ru/shop/men/6250,https://noconcept.ru/uploads/thumbs/noconcept-catalog-28-november021-1834112bf3-16bbf664b2e39fdb2ac8659ed7d1b517.jpeg,K-001-117,true
Шапка short,NOCONCEPT,accessories,,male,2900,RUB,бордовый,"40% шерсть, 60% акрил",таблица размеров,,https://noconcept.ru/shop/men/6603,https://noconcept.ru/uploads/thumbs/noconcept-catalog-dec0477-973a0a402d-5ee0cc368d9ae3ccf13f6d5deba382b5.jpeg,A-001-001,true
​Брюки со складками,NOCONCEPT,bottoms,,male,14500,RUB,серый,"70% хлопок, 30% полиэстер",таблица размеров,,https://noconcept.ru/shop/men/6171,https://noconcept.ru/uploads/thumbs/noconcept-catalog-dec0350-f7db00df2b-f166abde48e9cff86d53548c74d124ba.jpeg,G-102-002,true
​Рубашка в клетку,NOCONCEPT,tops,shirts,male,12500,RUB,красный,100% хлопок,таблица размеров,,https://noconcept.ru/shop/men/5944,https://noconcept.ru/uploads/thumbs/noconcept-catalog-dec0336-562710621a-32d0795cb5641706cc30239148b5e756.jpeg,G-001-001,true
​Двубортный пиджак Slope,NOCONCEPT,tops,blazers,male,23000,RUB,Чёрный,100% полиэстер / Подклад: 100% полиэстер,таблица размеров,,https://noconcept.ru/shop/men/6274,https://noconcept.ru/uploads/thumbs/noconcept-catalog-28-november008-6d2d9506a2-e1602a5023c32ec21873ff3a15bfa130.jpeg,K-001-109,true
​Полосатый пуловер,NOCONCEPT,tops,t-shirts,male,11000,RUB,синий,100% хлопок,таблица размеров,,https://noconcept.ru/shop/men/6086,https://noconcept.ru/uploads/thumbs/noconcept-catalog-28-november009-149d9b043b-c77ffbbe73fb9687c92afa334fc922cd.jpeg,K-001-026,true
​Вязаные перчатки device,NOCONCEPT,accessories,,male,2500,RUB,синий,45% хлопок 45% полиэстер 10% шерсть,таблица размеров,,https://noconcept.ru/shop/men/5989,https://noconcept.ru/uploads/thumbs/noconcept-catalog-dec0167-1-e1d51fc0b8-eeb3c5f4c2f0dc2153cd1db4ea097e4d.jpeg,G-001-019,true
​Свитер wafer,NOCONCEPT,tops,knitwear,male,13000,RUB,зелёный,"7% шерсть, 10% акрил, 83% полиэстер",таблица размеров,,https://noconcept.ru/shop/men/6287,https://noconcept.ru/uploads/thumbs/noconcept-catalog-28-november010-bc91890549-95dd21e675e8e1dce1103f0a876b9522.jpeg,K-001-116,true
Жилет на пуговицах,NOCONCEPT,outerwear,vests,male,9500,RUB,серый,"25% шерсть, 75% полиэстер; Подклад: 100% полиэстер",таблица размеров,,https://noconcept.ru/shop/men/6175,https://noconcept.ru/uploads/thumbs/noconcept-catalog-dec0612-84ddafb816-64d3992552663a669eeac1990d9c5b8a.jpeg,G-102-004,true
​Джемпер supple,NOCONCEPT,tops,knitwear,male,15000,RUB,коричневый,100% шерсть,таблица размеров,,https://noconcept.ru/shop/men/6083,https://noconcept.ru/uploads/thumbs/noconcept-catalog-28-november017-29523ead4e-64eb5f458a626422b543ca6d65ca52b8.jpeg,K-001-016,true
​Спортивные брюки,NOCONCEPT,bottoms,,male,15000,RUB,серый,"63% хлопок, 37% полиэстер",таблица размеров,,https://noconcept.ru/shop/men/6030,https://noconcept.ru/uploads/thumbs/noconcept-catalog-28-november036-aeed3e3b3b-d0ab168ae6fc82cfcb9ce3a923ddcb4f.jpeg,K-001-004,true
​Укороченное пальто cropped,NOCONCEPT,outerwear,,male,21000,RUB,коричневый,"85% акрил, 15% хлопок  / Подклад: 100% полиэстер",таблица размеров,,https://noconcept.ru/shop/men/6291,https://noconcept.ru/uploads/thumbs/noconcept-catalog-28-november029-aea449119b-5ca69ca29936507bc74e25f825ae2858.jpeg,K-001-105,true
​Носки средней длины,NOCONCEPT,outerwear,,male,500,RUB,голубой,"94% хлопок, 6% лайкра",таблица размеров,,https://noconcept.ru/shop/men/6005,https://noconcept.ru/uploads/thumbs/noconcept-catalog-dec0067-1-db6f6ea918-e6437f286f181385215fd1ac9908d9fe.jpeg,G-001-022,true
​Шапка с отворотом,NOCONCEPT,accessories,,male,3900,RUB,серый,30% шерсть 70% акрил,таблица размеров,,https://noconcept.ru/shop/men/6341,https://noconcept.ru/uploads/thumbs/noconcept-catalog-28-november044-50381fc59a-5ed59461af372015f954bc9948593a22.jpeg,Ш-02,true
​Свитер с воротником стойкой,NOCONCEPT,tops,knitwear,male,12000,RUB,серый,"6% шерсть, 18% нейлон, 76% полиэстер",таблица размеров,,https://noconcept.ru/shop/men/6251,https://noconcept.ru/uploads/thumbs/noconcept-catalog-28-november020-b7d7267079-6f70cd8e9aa61a90868f19ce167f7015.jpeg,K-001-117,true
Брюки с поясом,NOCONCEPT,bottoms,,male,14000,RUB,серый,"68% полиэстер, 29% район, 3% спандекс",таблица размеров,,https://noconcept.ru/shop/men/6033,https://noconcept.ru/uploads/thumbs/noconcept-catalog-28-november030-c23565db4b-39aea12859eaa08400d3e1ef37b8edfe.jpeg,K-001-006,true
​Вязаная шапка,NOCONCEPT,accessories,,male,3300,RUB,молочный,45% хлопок 45% полиэстер 10% шерсть,таблица размеров,,https://noconcept.ru/shop/men/5975,https://noconcept.ru/uploads/thumbs/noconcept-catalog-dec0305-8d5b7b60cb-998add517194870a4c6dc6abee26fe0f.jpeg,G-001-016,true
​Брюки Silent,NOCONCEPT,bottoms,,male,14000,RUB,серый,100% хлопок,таблица размеров,,https://noconcept.ru/shop/men/6046,https://noconcept.ru/uploads/thumbs/noconcept-catalog-28-november011-436d2b80dd-cce1f7f75683a70a0d77b8d9fda5891a.jpeg,K-001-017,true
​Шапка-ушанка с завязками,NOCONCEPT,accessories,,male,3900,RUB,серый,45% хлопок 45% полиэстер 10% шерсть,таблица размеров,,https://noconcept.ru/shop/men/5983,https://noconcept.ru/uploads/thumbs/noconcept-catalog-dec0629-9e9b8449ed-1b10b55a79b4d4c067a614e7d30532fa.jpeg,G-001-018,true
​Утепленные брюки floater,NOCONCEPT,bottoms,,male,19000,RUB,Чёрный,"50% шерсть, 50% полиэстер.",таблица размеров,,https://noconcept.ru/shop/men/6042,https://noconcept.ru/uploads/thumbs/noconcept-catalog-28-november027-4bf545742a-864d1757f4cb3861d8a749185ff48c6a.jpeg,K-001-012,true
Жилет на пуговицах,NOCONCEPT,outerwear,vests,male,9500,RUB,коричневый,"25% шерсть, 75% полиэстер; Подклад: 100% полиэстер",таблица размеров,,https://noconcept.ru/shop/men/6176,https://noconcept.ru/uploads/thumbs/noconcept-catalog-dec0433-da76f2bc70-9b664d2757cb6b1ba542a2aae9785d70.jpeg,G-102-004,true
​Тренч Контур,NOCONCEPT,outerwear,,male,25000,RUB,черный,"58% хлопок, 42% полиэстер",таблица размеров,,https://noconcept.ru/shop/men/5169,https://noconcept.ru/uploads/thumbs/katalog-nc-15020633-0a2d93617d-901132e14fd9d72a4f4c4837473c9a1c.jpeg,М-034-386,true
​Свитер wafer,NOCONCEPT,tops,knitwear,male,13000,RUB,Розовый,"7% шерсть, 10% акрил, 83% полиэстер",таблица размеров,,https://noconcept.ru/shop/men/6286,https://noconcept.ru/uploads/thumbs/noconcept-catalog-28-november007-4078f6d4b2-027b585c70fc74d6b5c6fd9db0d53992.jpeg,K-001-116,true
​Шапка-бини,NOCONCEPT,accessories,,male,2500,RUB,бежевый,100% хлопок,таблица размеров,,https://noconcept.ru/shop/men/6020,https://noconcept.ru/uploads/thumbs/noconcept-catalog-dec0020-1-fc2c13d0c3-3c9dc2d1e4ba872e6afe0847d592f934.jpeg,Ш-01,true
​Шапка-ушанка curly,NOCONCEPT,accessories,,male,4200,RUB,белый,"18% шерсть, 62% акрил, 20% полиэстер",таблица размеров,,https://noconcept.ru/shop/men/6131,https://noconcept.ru/uploads/thumbs/noconcept-catalog-dec0645-46c3fc95a3-aa51ab4a6a043dcb76e1cd8e9f972b89.jpeg,G-101-027,true
​Куртка Matte,NOCONCEPT,outerwear,,male,23000,RUB,серый,100% полиэстер / Подклад: 100% полиэстер / Утеплитель: 100% синтепон,таблица размеров,,https://noconcept.ru/shop/men/6282,https://noconcept.ru/uploads/thumbs/noconcept-catalog-28-november023-bf1f774f98-d8921521e78ed69e7d735323f0e17d04.jpeg,K-001-106,true
Куртка PUFFER DUNE,NOCONCEPT,outerwear,,male,45000,RUB,серый,"90% полиэстер, 10% акрил / подклад: 100% полиэстер / наполнитель: 100% пух",таблица размеров,,https://noconcept.ru/shop/men/5492,https://noconcept.ru/uploads/thumbs/bezymannyj-kadr0335-9e252039d2-29580401d4fef09c979695e134ba4150.jpeg,М-036-013,true
​Утепленные брюки floater,NOCONCEPT,bottoms,,male,19000,RUB,серый,"50% шерсть, 50% полиэстер.",таблица размеров,,https://noconcept.ru/shop/men/6041,https://noconcept.ru/uploads/thumbs/noconcept-catalog-28-november009-bca4ad2018-366d2693288fa16eeb2d7b7ec5561294.jpeg,K-001-012,true
Рубашка Gravel,NOCONCEPT,tops,shirts,male,22000,RUB,хаки,100% нейлон  / Подклад: 100% полиэстер,таблица размеров,,https://noconcept.ru/shop/men/5496,https://noconcept.ru/uploads/thumbs/nc-katalog-2807250136-450392ccf3-e7d74c3039781a33a9996c958d9f2312.jpeg,М-036-016,true
​Куртка forest,NOCONCEPT,outerwear,,male,23500,RUB,Чёрный,100% полиэстер / Подклад: 100% полиэстер / Утеплитель: 100% синтепон,таблица размеров,,https://noconcept.ru/shop/men/6293,https://noconcept.ru/uploads/thumbs/noconcept-catalog-28-november003-fe6c315b7f-6ef85276f609a9ca5253a2735632110a.jpeg,K-001-1061,true
​Лонгслив Терра роса,NOCONCEPT,tops,t-shirts,male,6500,RUB,коричневый,100% полиэстер,таблица размеров,,https://noconcept.ru/shop/men/5821,https://noconcept.ru/uploads/thumbs/noconcept-catalog-march0003-11-c475333428-e2e361c983fd0ae2a5478ca5b3777dbb.jpeg,М-037-061,true
​Панама ragged,NOCONCEPT,accessories,,male,4000,RUB,молочный,100% хлопок,таблица размеров,,https://noconcept.ru/shop/men/5700,https://noconcept.ru/uploads/thumbs/nc-1105-250463-075551bd6b-e07af4c45e1a6e6fe51214c3d4d61586.jpeg,ГУ-001-005,true
​Вязаный жилет на пуговицах,NOCONCEPT,outerwear,vests,male,9900,RUB,зелёный,"30% шерсть, 70% полиэстер",таблица размеров,,https://noconcept.ru/shop/men/6254,https://noconcept.ru/uploads/thumbs/noconcept-catalog-28-november003-903500d597-fbe0aaa4553ec41e8b7ffa9008099ca2.jpeg,K-001-102,true
Брюки Gravel,NOCONCEPT,bottoms,,male,19000,RUB,хаки,100% нейлон  / Подклад: 100% полиэстер,таблица размеров,,https://noconcept.ru/shop/men/5497,https://noconcept.ru/uploads/thumbs/nc-katalog-2807250107-2de0ced4c8-37b16c825dd3bf1a03d5b4ce4a71e514.jpeg,М-036-017,true
​Брюки Balloon,NOCONCEPT,bottoms,,male,14000,RUB,Чёрный,100% хлопок,таблица размеров,,https://noconcept.ru/shop/men/6027,https://noconcept.ru/uploads/thumbs/noconcept-catalog-28-november004-e2bd67d5e8-f7880e6f64b8abf284e74b33f26110f1.jpeg,K-001-003,true
пальто woolen,NOCONCEPT,outerwear,,male,30000,RUB,бежевый,"50% акрил, 50% полиэстер   / Подклад: 100% полиэстер",таблица размеров,,https://noconcept.ru/shop/men/5565,https://noconcept.ru/uploads/thumbs/nc-katalog-2807250102-b7abe0c0ed-a83d41e424a0d22122b774095bfa631e.jpeg,М-036-057,true
​Панама ragged,NOCONCEPT,accessories,,male,4000,RUB,Чёрный,100% хлопок,таблица размеров,,https://noconcept.ru/shop/men/5699,https://noconcept.ru/uploads/thumbs/nc-1105-250436-06a2a864a1-d720cafac335fc3d6b8afd4cedd85a96.jpeg,ГУ-001-005,true
​Вязаные перчатки device,NOCONCEPT,accessories,,male,2500,RUB,жёлтый,45% хлопок 45% полиэстер 10% шерсть,таблица размеров,,https://noconcept.ru/shop/men/5988,https://noconcept.ru/uploads/thumbs/noconcept-catalog-dec0162-1-9dae2865f2-cb156474cec19bce051c0fe81f046ac8.jpeg,G-001-019,true
Куртка KOJI,NOCONCEPT,outerwear,,male,37000,RUB,бежевый,"75% хлопок, 25% полиэстер / подклад: 100% полиэстер",таблица размеров,,https://noconcept.ru/shop/men/5494,https://noconcept.ru/uploads/thumbs/nc-katalog-2807250267-0ca5863a8c-2ebaabb597a2dd86922d2f2a9d72aea9.jpeg,М-036-015,true
​Куртка Cord Rust,NOCONCEPT,outerwear,,male,21000,RUB,черный,100% хлопок,таблица размеров,,https://noconcept.ru/shop/men/5264,https://noconcept.ru/uploads/thumbs/katalog-nc-15020232-2-382fa249c7-45d69b8ab5e0460ba3fb65b0f9e2d739.jpeg,М-034-402,true
Пушистый свитер на молнии,NOCONCEPT,tops,knitwear,male,13000,RUB,бордовый,"7% шерсть, 52% акрил, 25% нейлон, 16% полиэстер",таблица размеров,,https://noconcept.ru/shop/men/6236,https://noconcept.ru/uploads/thumbs/noconcept-catalog-dec0263-34c040fa10-6fadadf2f989b722e633a4dd7361f714.jpeg,G-102-031,true
​Зип-худи homely,NOCONCEPT,tops,knitwear,male,17000,RUB,серый,100% хлопок,таблица размеров,,https://noconcept.ru/shop/men/6090,https://noconcept.ru/uploads/thumbs/noconcept-catalog-28-november005-7060cb8695-a0961ab34eb84d281f979f77ab5be340.jpeg,K-001-001,true
​Вязаный свитер,NOCONCEPT,tops,knitwear,male,11000,RUB,бордовый,"13% нейлон, 3% спандекс , 8% шерсть, 76% полиэстер",таблица размеров,,https://noconcept.ru/shop/men/6230,https://noconcept.ru/uploads/thumbs/noconcept-catalog-dec0172-5b4f1ef6e3-1030005e2d52ecd4c8e8d62e1802c0ef.jpeg,G-102-029,true
​Джинсы Grain,NOCONCEPT,bottoms,,male,11000,RUB,синий,100% хлопок,таблица размеров,,https://noconcept.ru/shop/men/5723,https://noconcept.ru/uploads/thumbs/nc-katalog-0206252667-31c1d2863e-c69e4057c354e8e0e847de415a25ea7c.jpeg,М-037-002,true
​Брюки homely,NOCONCEPT,bottoms,,male,14000,RUB,серый,100% хлопок,таблица размеров,,https://noconcept.ru/shop/men/6025,https://noconcept.ru/uploads/thumbs/noconcept-catalog-28-november006-bae73633b5-b1f7777d4f367e6f30269a001c360318.jpeg,K-001-002,true
Подарочная коробка SMALL,NOCONCEPT,outerwear,,male,2000,RUB,бежевый,,таблица размеров,,https://noconcept.ru/shop/men/6369,https://noconcept.ru/uploads/thumbs/predmet0020-90c09f6718-1434dd1c0d30873709eef21829b8ad2e.jpeg,ПК-001-001,true
Куртка Kuro,NOCONCEPT,outerwear,,male,29000,RUB,черный,"85% тенсел, 15% полиэстер / подклад: 100% полиэстер",таблица размеров,,https://noconcept.ru/shop/men/5493,https://noconcept.ru/uploads/thumbs/bezymannyj-kadr0223-4df38f65de-66a01abe7f51ff4716cfd8a191ac0dd7.jpeg,М-036-014,true
​Вязаная шапка из мягкой пряжи,NOCONCEPT,accessories,,male,3500,RUB,Чёрный,50% хлопок 50% полиэстер,таблица размеров,,https://noconcept.ru/shop/men/6012,https://noconcept.ru/uploads/thumbs/noconcept-catalog-dec0179-67630e0aeb-c4916110ff5b48ec5fb46f995bf2d94d.jpeg,G-001-025,true
​Шерстяной пиджак wool,NOCONCEPT,tops,blazers,male,25000,RUB,коричневый,"70% шерсть, 30% полиэстер",таблица размеров,,https://noconcept.ru/shop/men/6280,https://noconcept.ru/uploads/thumbs/noconcept-catalog-28-november018-de6530453d-2698a4d74b27df124f27b898e9ad6250.jpeg,K-001-111,true
Подарочная коробка BIG,NOCONCEPT,outerwear,,male,2500,RUB,бежевый,,таблица размеров,,https://noconcept.ru/shop/men/6370,https://noconcept.ru/uploads/thumbs/predmet0031-3d66a41f89-c4addbce0a8b3be4e8c955666b5fb649.jpeg,ПК-001-002,true
Шапка ishu,NOCONCEPT,accessories,,male,5000,RUB,молочный,100% акрил,таблица размеров,,https://noconcept.ru/shop/men/332,https://noconcept.ru/uploads/thumbs/katalog-0612242928-d39e352ad4-536b819a182838cae837994668d1ca35.jpeg,М-029-032,true
​Брюки Silent,NOCONCEPT,bottoms,,male,14000,RUB,коричневый,100% хлопок,таблица размеров,,https://noconcept.ru/shop/men/6044,https://noconcept.ru/uploads/thumbs/noconcept-catalog-28-november019-4ca614128b-4ae75820370b0ebdd68dd111c7ba9f3d.jpeg,K-001-017,true
​куртка Raw Denim,NOCONCEPT,outerwear,,male,14000,RUB,Светло-оливковый,"75% хлопок, 25% полиэстер",таблица размеров,,https://noconcept.ru/shop/men/1970,https://noconcept.ru/uploads/thumbs/bezymannyj-kadr0016-9294bd38ea-bf0a476e03d814c26933826189a66eaf.jpeg,М-034-297,true
​Рубашка Dusty Denim,NOCONCEPT,tops,shirts,male,11000,RUB,синий,"88% хлопок, 12% полиэстер",таблица размеров,,https://noconcept.ru/shop/men/3382,https://noconcept.ru/uploads/thumbs/katalog-nc-15020070-2-19627202df-25707b98c284f4ac4af7c48192741220.jpeg,М-034-302,true
Куртка Clownish,NOCONCEPT,outerwear,,male,39000,RUB,сине-бежевый,100% хлопок / подклад: 100% полиэстер,таблица размеров,,https://noconcept.ru/shop/men/5487,https://noconcept.ru/uploads/thumbs/bezymannyj-kadr0163-6d7b35748a-2dd7210871838bed09d341ec2337c690.jpeg,М-036-010,true
Мягкий свитер,NOCONCEPT,tops,knitwear,male,9000,RUB,коричневый,100% полиэстер,таблица размеров,,https://noconcept.ru/shop/men/6134,https://noconcept.ru/uploads/thumbs/noconcept-catalog-dec0366-3dc8317fca-7a2f4dcbb4870feaac5d8adeafde8b18.jpeg,G-101-029,true
​Шапка-ушанка с завязками,NOCONCEPT,accessories,,male,3900,RUB,Чёрный,45% хлопок 45% полиэстер 10% шерсть,таблица размеров,,https://noconcept.ru/shop/men/5981,https://noconcept.ru/uploads/thumbs/noconcept-catalog-dec0395-b8888c98c6-5183f80ab8284c0f5e7e603310bbd28a.jpeg,G-001-018,true
Бомбер Tarmac,NOCONCEPT,outerwear,,male,23000,RUB,серый,100% полиэстер / подклад: 100% полиэстер / наполнитель: 100% синтепон,таблица размеров,,https://noconcept.ru/shop/men/1838,https://noconcept.ru/uploads/thumbs/nc-katalog-0708255304-9b097174c1-dabed565eecfff21f47425de7d09dae3.jpeg,М-033-074,true
​Вязаный свитер,NOCONCEPT,tops,knitwear,male,11000,RUB,голубой,"13% нейлон, 3% спандекс , 8% шерсть, 76% полиэстер",таблица размеров,,https://noconcept.ru/shop/men/6231,https://noconcept.ru/uploads/thumbs/noconcept-catalog-dec0084-0c79ea6866-21e5ab68435b8d2a12107056f08bf18b.jpeg,G-102-029,true
Шапка snow,NOCONCEPT,accessories,,male,4500,RUB,коричневый,100% акрил,таблица размеров,,https://noconcept.ru/shop/men/324,https://noconcept.ru/uploads/thumbs/katalog-0612242775-c5c528c6cf-248c9044a57cc5c56f64988b7b33865a.jpeg,М-029-031,true
​Носки с зацепками,NOCONCEPT,outerwear,,male,500,RUB,белый,100% хлопок,таблица размеров,,https://noconcept.ru/shop/men/6007,https://noconcept.ru/uploads/thumbs/noconcept-catalog-dec0050-1-644c08ccc4-dff80940829c52ccc9dc49df9562c1f3.jpeg,G-001-023,true
​Шапка-бини,NOCONCEPT,accessories,,male,2500,RUB,светло-коричневый,100% хлопок,таблица размеров,,https://noconcept.ru/shop/men/6018,https://noconcept.ru/uploads/thumbs/noconcept-catalog-28-november004-e0605ebdcc-d1e83886b107be77a51fb244940c9cc9.jpeg,Ш-01,true
Футболка в рубчик,NOCONCEPT,tops,t-shirts,male,5500,RUB,молочный,"85% акрил, 15% нейлон",таблица размеров,,https://noconcept.ru/shop/men/5866,https://noconcept.ru/uploads/thumbs/nc-katalog-0206250882-1ac461340a-a90c8dd72386469de30f7a44a4abd323.jpeg,М-037-062,true
Бомбер Tarmac,NOCONCEPT,outerwear,,male,23000,RUB,Чёрный,100% полиэстер / подклад: 100% полиэстер / наполнитель: 100% синтепон,таблица размеров,,https://noconcept.ru/shop/men/1837,https://noconcept.ru/uploads/thumbs/nc-katalog-0708255387-aeb4171aa3-efffa2b512788d85f9dd5e6d309f852d.jpeg,М-033-074,true
​Шапка с отворотом,NOCONCEPT,accessories,,male,3900,RUB,светло-серый,30% шерсть 70% акрил,таблица размеров,,https://noconcept.ru/shop/men/6342,https://noconcept.ru/uploads/thumbs/noconcept-catalog-28-november044-d9afc28c5a-515f6dca3d784c71150f8097175e6ba7.jpeg,Ш-02,true
​Джинсы Wrap Denim,NOCONCEPT,bottoms,,male,15000,RUB,синий,"98% хлопок, 2% полиэстер",таблица размеров,,https://noconcept.ru/shop/men/5808,https://noconcept.ru/uploads/thumbs/nc-katalog-0206250753-3901427d2a-5fc75507b7b7d981fd69558627feb7b6.jpeg,М-037-071,true
​Куртка Matte,NOCONCEPT,outerwear,,male,23000,RUB,бежевый,100% полиэстер / Подклад: 100% полиэстер / Утеплитель: 100% синтепон,таблица размеров,,https://noconcept.ru/shop/men/6283,https://noconcept.ru/uploads/thumbs/noconcept-catalog-28-november022-0bf1abb3e0-f50ec407e78eb4b50241877e507a148f.jpeg,K-001-106,true
Футболка в рубчик,NOCONCEPT,tops,t-shirts,male,5500,RUB,хаки,"85% акрил, 15% нейлон",таблица размеров,,https://noconcept.ru/shop/men/5867,https://noconcept.ru/uploads/thumbs/noconcept-catalog-march0010-6-b94ddea5fd-55f4e09806e65777f4318cd5113bd5c2.jpeg,М-037-062,true
Брюки Soft Bulk,NOCONCEPT,bottoms,,male,14000,RUB,серый,"44% полиэстер, 56% хлопок",таблица размеров,,https://noconcept.ru/shop/men/5312,https://noconcept.ru/uploads/thumbs/non-20133-2-0e24ef14b9-700f0a180a1305226c5a34c157cf6709.jpeg,М-035-026,true
​Широкие брюки,NOCONCEPT,bottoms,,male,15000,RUB,черный,"30% шерсть, 70% полиэстер",таблица размеров,,https://noconcept.ru/shop/men/6166,https://noconcept.ru/uploads/thumbs/noconcept-catalog-dec0198-514f6e0c63-679ee2e76c1906b4b1f8d846b43acfc1.jpeg,G-101-045,true
Шапка snow,NOCONCEPT,accessories,,male,4500,RUB,черный,100% акрил,таблица размеров,,https://noconcept.ru/shop/men/319,https://noconcept.ru/uploads/thumbs/katalog-0612242902-a8bb1a33c6-96a804b5b1616fe726d9d32d4e66ca81.jpeg,М-029-031,true
​Брюки со складками,NOCONCEPT,bottoms,,male,14500,RUB,бежевый,"70% хлопок, 30% полиэстер",таблица размеров,,https://noconcept.ru/shop/men/6173,https://noconcept.ru/uploads/thumbs/noconcept-catalog-dec0359-5ce3f34a71-e187be933a8bf9fd086d8d66fe1b00cc.jpeg,G-102-002,true
​Пушистый свитер,NOCONCEPT,tops,knitwear,male,12000,RUB,бежевый,"19% акрил, 81% полиэстер",таблица размеров,,https://noconcept.ru/shop/men/6289,https://noconcept.ru/uploads/thumbs/noconcept-catalog-28-november006-1bd3f6ebbb-722af73420c059ecb04417e0d8b6289e.jpeg,K-001-119,true
Шапка ishu,NOCONCEPT,accessories,,male,5000,RUB,темно-бежевый,100% акрил,таблица размеров,,https://noconcept.ru/shop/men/327,https://noconcept.ru/uploads/thumbs/katalog-0612242839-3a2acc2a00-26593a900a5567915358f472f79428fe.jpeg,М-029-032,true
​Кардиган на пуговицах,NOCONCEPT,tops,knitwear,male,12000,RUB,голубой,"50% акрил, 50% полиэстер",таблица размеров,,https://noconcept.ru/shop/men/6262,https://noconcept.ru/uploads/thumbs/noconcept-catalog-28-november008-bee8e62b21-24967f881e17f9985e7e842e71bd91d7.jpeg,K-001-103,true
​Шерстяной жилет wool,NOCONCEPT,outerwear,vests,male,13500,RUB,серый,"70% шерсть, 30% полиэстер",таблица размеров,,https://noconcept.ru/shop/men/6256,https://noconcept.ru/uploads/thumbs/noconcept-catalog-28-november020-36e61ab489-37d726cb093f11482a9120fc943e8e4a.jpeg,K-001-114,true
Брюки Soft Frame,NOCONCEPT,bottoms,,male,10400,RUB,темно-серый,"75% полиэстер, 25% хлопок",таблица размеров,,https://noconcept.ru/shop/men/435,https://noconcept.ru/uploads/thumbs/noconc-oct1174-aa43d84aac-bd609437b1bda97016165ce859d29262.jpeg,М-033-017,true
Пуховик Glacier,NOCONCEPT,outerwear,,male,39000,RUB,серый,100% полиэстер / наполнитель: 100% синтепон,таблица размеров,,https://noconcept.ru/shop/men/5411,https://noconcept.ru/uploads/thumbs/nc-katalog-0708255451-b74eb7aa9f-ca6103fd160be1bb3df2ddeb4d791d94.jpeg,М-035-080,true
Шапка ishu,NOCONCEPT,accessories,,male,5000,RUB,синий,100% акрил,таблица размеров,,https://noconcept.ru/shop/men/335,https://noconcept.ru/uploads/thumbs/katalog-0612242985-52bf728b08-1474164d8d06ae8f7edbdc28e0b007f4.jpeg,М-029-032,true
​Лонгслив Терра роса,NOCONCEPT,tops,t-shirts,male,6500,RUB,Чёрный,100% полиэстер,таблица размеров,,https://noconcept.ru/shop/men/5820,https://noconcept.ru/uploads/thumbs/noconcept-catalog-march0003-10-28affac321-282eb6e6a4808cd08b99d9ef62c71418.jpeg,М-037-061,true
​Брюки Vector,NOCONCEPT,bottoms,,male,16000,RUB,Чёрный,"70% полиэстер, 20% район, 10% шерсть",таблица размеров,,https://noconcept.ru/shop/men/6034,https://noconcept.ru/uploads/thumbs/noconcept-catalog-28-november018-924cb2f08f-dc5c2fd1729ad4113f52d451e7644383.jpeg,K-001-008,true
Шапка snow,NOCONCEPT,accessories,,male,4500,RUB,хаки,100% акрил,таблица размеров,,https://noconcept.ru/shop/men/325,https://noconcept.ru/uploads/thumbs/katalog-0612242736-9cc9ab20c6-afc4c5a791e85f8519e60792cabdc868.jpeg,М-029-031,true
​Утепленный пиджак-кимоно Shibui,NOCONCEPT,tops,blazers,male,25000,RUB,Чёрный,100% тенсел / Подклад: 100% полиэстер / Утеплитель: 100% синтепон,таблица размеров,,https://noconcept.ru/shop/men/6073,https://noconcept.ru/uploads/thumbs/noconcept-catalog-28-november002-93efcef5fd-d516b2c21041f3e91529b79c6de9387a.jpeg,K-001-032,true
Шапка ishu,NOCONCEPT,accessories,,male,5000,RUB,бежевый,100% акрил,таблица размеров,,https://noconcept.ru/shop/men/334,https://noconcept.ru/uploads/thumbs/katalog-0612242813-8534cc8ea8-f66d51e071031c7c01da6c378b0d6bb4.jpeg,М-029-032,true
​Шапка-ушанка curly,NOCONCEPT,accessories,,male,4200,RUB,серый,"18% шерсть, 62% акрил, 20% полиэстер",таблица размеров,,https://noconcept.ru/shop/men/6130,https://noconcept.ru/uploads/thumbs/noconcept-catalog-dec0649-9e62a49bef-1a9c1bdcbdb00dc5c08463072d710428.jpeg,G-101-027,true
Пальто Warmgrid,NOCONCEPT,outerwear,,male,25000,RUB,коричневый,"60% полиэстер, 10% шерсть, 30% акрил",таблица размеров,,https://noconcept.ru/shop/men/5423,https://noconcept.ru/uploads/thumbs/bezymannyj-kadr0032-4de25ba60b-f3db66168c1cf3a104cccb41bd58cbc6.jpeg,М-035-084,true
​Шерстяной жилет wool,NOCONCEPT,outerwear,vests,male,13500,RUB,Чёрный,"70% шерсть, 30% полиэстер",таблица размеров,,https://noconcept.ru/shop/men/6255,https://noconcept.ru/uploads/thumbs/noconcept-catalog-28-november041-3e9f3d38d2-927dc7bf5f41ba62d6f6d994e68d670d.jpeg,K-001-114,true
Панама Field,NOCONCEPT,accessories,,male,4900,RUB,молочный,100% хлопок,таблица размеров,,https://noconcept.ru/shop/men/5698,https://noconcept.ru/uploads/thumbs/nc-1105-250186-46ae0c7ffd-656ab9717f1d3a1e728adc04b8652743.jpeg,ГУ-001-004,true
​Свитер wafer,NOCONCEPT,tops,knitwear,male,13000,RUB,бежевый,"7% шерсть, 10% акрил, 83% полиэстер",таблица размеров,,https://noconcept.ru/shop/men/6288,https://noconcept.ru/uploads/thumbs/noconcept-catalog-28-november014-4c326adb45-8fec4e5c17fe6e339ec13c969fdc8eeb.jpeg,K-001-116,true
Шапка snow,NOCONCEPT,accessories,,male,4500,RUB,бежевый,100% акрил,таблица размеров,,https://noconcept.ru/shop/men/322,https://noconcept.ru/uploads/thumbs/katalog-0612242881-696c4b186b-a0b39b34f53230fcd9166620544be1c7.jpeg,М-029-031,true
​Джемпер supple,NOCONCEPT,tops,knitwear,male,15000,RUB,бежевый,100% шерсть,таблица размеров,,https://noconcept.ru/shop/men/6082,https://noconcept.ru/uploads/thumbs/noconcept-catalog-28-november016-5a80812311-16ab7ae50d6d5b06c5e5f010eb422660.jpeg,K-001-016,true
Пуховик Beige,NOCONCEPT,outerwear,,male,28000,RUB,серый,"55% полиэстер, 45% экокожа / подклад: 100% полиэстер / наполнитель: 98% пух 2% синтепон",таблица размеров,,https://noconcept.ru/shop/men/2424,https://noconcept.ru/uploads/thumbs/nc-katalog-0708255463-58fa34d052-a857145815e5bc35bcb975bb0785ba52.jpeg,М-030-013,true
​Панама Field,NOCONCEPT,accessories,,male,4900,RUB,бежевый,100% хлопок,таблица размеров,,https://noconcept.ru/shop/men/5697,https://noconcept.ru/uploads/thumbs/nc-1105-250210-f92187ad9d-5e4f14a51ffb5624ee8969da474b8479.jpeg,ГУ-001-004,true
​Шапка с отворотом,NOCONCEPT,accessories,,male,3900,RUB,коричневый,30% шерсть 70% акрил,таблица размеров,,https://noconcept.ru/shop/men/6343,https://noconcept.ru/uploads/thumbs/noconcept-catalog-28-november045-b340980390-beebd9bbd2465e904203d756d0c13eae.jpeg,Ш-02,true
​Шерстяной жилет wool,NOCONCEPT,outerwear,vests,male,13500,RUB,коричневый,"70% шерсть, 30% полиэстер",таблица размеров,,https://noconcept.ru/shop/men/6258,https://noconcept.ru/uploads/thumbs/noconcept-catalog-28-november016-2b45516a15-26feb06b40de3173565a55390877b3c8.jpeg,K-001-114,true
​Полосатый пуловер,NOCONCEPT,tops,t-shirts,male,11000,RUB,белый,100% хлопок,таблица размеров,,https://noconcept.ru/shop/men/6085,https://noconcept.ru/uploads/thumbs/noconcept-catalog-28-november011-8b26f59e84-f90dc6e87b2d52b7ca13f0e473427989.jpeg,K-001-026,true
Шапка snow,NOCONCEPT,accessories,,male,4500,RUB,графит,100% акрил,таблица размеров,,https://noconcept.ru/shop/men/318,https://noconcept.ru/uploads/thumbs/katalog-0612242724-060f6b28e5-d07418d0314029d1a1408a7e30f282c0.jpeg,М-029-031,true
Панама Field,NOCONCEPT,accessories,,male,4900,RUB,хаки,100% хлопок,таблица размеров,,https://noconcept.ru/shop/men/5694,https://noconcept.ru/uploads/thumbs/nc-1105-250166-194212c6f4-92bb09b3cf4e37d109680b6488bc2554.jpeg,ГУ-001-004,true
​Пиджак bowl,NOCONCEPT,tops,blazers,male,23000,RUB,синий,"83% полиэстер, 17% шерсть / Подклад: 100% полиэстер",таблица размеров,,https://noconcept.ru/shop/men/6074,https://noconcept.ru/uploads/thumbs/noconcept-catalog-28-november023-14fcd7ce36-5b312fff513eb51c61c4875753b29d35.jpeg,K-001-010,true
​Носки средней длины,NOCONCEPT,outerwear,,male,500,RUB,Чёрный,"94% хлопок, 6% лайкра",таблица размеров,,https://noconcept.ru/shop/men/6001,https://noconcept.ru/uploads/thumbs/noconcept-catalog-dec0194-1-2549821b14-d4c4ecabcc318f9fd1235e64b3beca01.jpeg,G-001-022,true
Брюки Stitch,NOCONCEPT,bottoms,,male,14900,RUB,молочный,100% хлопок,таблица размеров,,https://noconcept.ru/shop/men/5319,https://noconcept.ru/uploads/thumbs/iy5a1944-6b0ab29227-76b461c524bc0ba006f7224708ac1d83.jpeg,М-035-032,true
Пальто woolen,NOCONCEPT,outerwear,,male,30000,RUB,серый,"50% акрил, 50% полиэстер   / Подклад: 100% полиэстер",таблица размеров,,https://noconcept.ru/shop/men/5564,https://noconcept.ru/uploads/thumbs/nc-katalog-2807250500-db42e9f013-3eca074bddbb8cac12f8776d6b583da2.jpeg,М-036-057,true
​Шерстяной пиджак wool,NOCONCEPT,tops,blazers,male,25000,RUB,бежевый,"70% шерсть, 30% полиэстер",таблица размеров,,https://noconcept.ru/shop/men/6279,https://noconcept.ru/uploads/thumbs/noconcept-catalog-28-november012-e31a2b0e6e-ab84aaeecd2c02b0d132e558802b2f85.jpeg,K-001-111,true
​Вязаный жилет,NOCONCEPT,outerwear,vests,male,8000,RUB,серый,"6% шерсть, 13% нейлон, 13% акрил, 68% полиэстер",таблица размеров,,https://noconcept.ru/shop/men/6259,https://noconcept.ru/uploads/thumbs/noconcept-catalog-28-november006-c19ec358a1-40e27355b9c037074fc971b56186da05.jpeg,K-001-115,true
​Носки с зацепками,NOCONCEPT,outerwear,,male,500,RUB,молочный,100% хлопок,таблица размеров,,https://noconcept.ru/shop/men/6006,https://noconcept.ru/uploads/thumbs/noconcept-catalog-dec0183-1-1cb2c0c5ea-f067ef1c1a62f66b9da08a42e0b1387c.jpeg,G-001-023,true
​Пиджак bowl,NOCONCEPT,tops,blazers,male,23000,RUB,бежевый,"83% полиэстер, 17% шерсть / Подклад: 100% полиэстер",таблица размеров,,https://noconcept.ru/shop/men/6075,https://noconcept.ru/uploads/thumbs/noconcept-catalog-28-november014-04b0ffa828-5d3cafdd39df90d23287c7053251518c.jpeg,K-001-010,true
​Полосатые носки в рубчик,NOCONCEPT,tops,t-shirts,male,500,RUB,серый,100% хлопок,таблица размеров,,https://noconcept.ru/shop/men/5993,https://noconcept.ru/uploads/thumbs/noconcept-catalog-dec0060-1-404bd2f284-9c547657c3dcb10d2984c781634f6d8d.jpeg,G-001-020,true
​Вязаный кардиган,NOCONCEPT,tops,knitwear,male,17000,RUB,бежевый,"80% полиэстер, 20% шерсть",таблица размеров,,https://noconcept.ru/shop/men/6053,https://noconcept.ru/uploads/thumbs/noconcept-catalog-28-november011-006e37e625-3913440c4999292bac4903e8a0abd85c.jpeg,K-001-015,true
​Шерстяной жакет wool,NOCONCEPT,tops,blazers,male,21000,RUB,бежевый,"70% шерсть, 30% полиэстер / Подклад: 100% полиэстер",таблица размеров,,https://noconcept.ru/shop/men/6265,https://noconcept.ru/uploads/thumbs/noconcept-catalog-28-november000-451920b972-2a224e5c45edeb2dbad65719381ce532.jpeg,K-001-112,true
Куртка Haori,NOCONCEPT,outerwear,,male,42000,RUB,черный,100% хлопок / подклад: 100% полиэстер,таблица размеров,,https://noconcept.ru/shop/men/5488,https://noconcept.ru/uploads/thumbs/nc-katalog-2807250197-d7e38469ff-a49f936c85774d76989309fcd9781d01.jpeg,М-036-011,true
​Брюки bowl,NOCONCEPT,bottoms,,male,15000,RUB,бежевый,"83% полиэстер, 17% шерсть",таблица размеров,,https://noconcept.ru/shop/men/6038,https://noconcept.ru/uploads/thumbs/noconcept-catalog-28-november001-6518c15d06-20994b732f98cb4998c8621ebecc6fa4.jpeg,K-001-011,true
​Двойная рубашка,NOCONCEPT,tops,shirts,male,11000,RUB,коричневый,"70% хлопок, 30% полиэстер",таблица размеров,,https://noconcept.ru/shop/men/6285,https://noconcept.ru/uploads/thumbs/noconcept-catalog-28-november001-7affd07295-4062d7c052adcc8a04f186ebe7c6fa63.jpeg,K-001-101,true
​Шерстяной жилет wool,NOCONCEPT,outerwear,vests,male,13500,RUB,бежевый,"70% шерсть, 30% полиэстер",таблица размеров,,https://noconcept.ru/shop/men/6257,https://noconcept.ru/uploads/thumbs/noconcept-catalog-28-november013-cfa099440d-d965a9af73f06d9777659efdcb5d7153.jpeg,K-001-114,true
Пуховик Glacier,NOCONCEPT,outerwear,,male,39000,RUB,черный,100% полиэстер / наполнитель: 100% синтепон,таблица размеров,,https://noconcept.ru/shop/men/5410,https://noconcept.ru/uploads/thumbs/nc-katalog-0708255420-70fa75c887-c1117e1c4d5be081c5ead73a89758b8a.jpeg,М-035-080,true
​Бомбер Teddy,NOCONCEPT,outerwear,,male,18000,RUB,бежевый,100% полиэстер / Подклад: 100% полиэстер / Утеплитель: 100% синтепон,таблица размеров,,https://noconcept.ru/shop/men/6238,https://noconcept.ru/uploads/thumbs/noconcept-catalog-28-november016-9d52f09961-79a3292f9fdde91a8b96c2ab74dd7baf.jpeg,K-001-104,true
​Вязаный жилет,NOCONCEPT,outerwear,vests,male,8000,RUB,бежевый,"6% шерсть, 13% нейлон, 13% акрил, 68% полиэстер",таблица размеров,,https://noconcept.ru/shop/men/6261,https://noconcept.ru/uploads/thumbs/noconcept-catalog-28-november014-ecb84cbdf3-eaa0377cc5bd8bdabcb693609b4a79fb.jpeg,K-001-115,true
​Полосатые носки в рубчик,NOCONCEPT,tops,t-shirts,male,500,RUB,бежевый,100% хлопок,таблица размеров,,https://noconcept.ru/shop/men/5994,https://noconcept.ru/uploads/thumbs/noconcept-catalog-dec0178-1-6382031434-954ea2d8ca37e217c2c9d3c7ed8214f1.jpeg,G-001-020,true
​Рубашка с ассиметричной стежкой,NOCONCEPT,tops,shirts,male,7900,RUB,белый,100% хлопок,таблица размеров,,https://noconcept.ru/shop/men/5955,https://noconcept.ru/uploads/thumbs/noconcept-catalog-dec0234-0529e52afd-0e6e00798af4ceacf59c3a00ce3c29c6.jpeg,G-001-009,true
Брюки Cargo Core,NOCONCEPT,bottoms,,male,13900,RUB,Чёрный,100% хлопок,таблица размеров,,https://noconcept.ru/shop/men/452,https://noconcept.ru/uploads/thumbs/noconc-oct1024-f0852171c2-d435611034327183f55d3ca3b5662df1.jpeg,М-033-039,true
Шапка с отворотом,NOCONCEPT,accessories,,male,3900,RUB,Светло-бежевый,30% шерсть 70% акрил,таблица размеров,,https://noconcept.ru/shop/men/6339,https://noconcept.ru/uploads/thumbs/noconcept-catalog-dec0006-1-45d46f124c-5e09ebca57fde5750d5a75a1ac08f6a7.jpeg,Ш-02,true
​Брюки GRAYSPACE,NOCONCEPT,bottoms,,male,21000,RUB,серый,"50% шерсть, 50% полиэстер",таблица размеров,,https://noconcept.ru/shop/men/5309,https://noconcept.ru/uploads/thumbs/non-20090-3b4ab29f62-4b545408c52dd5c80be204d4bfaf0cf0.jpeg,М-035-024,true
​Панама Field,NOCONCEPT,accessories,,male,4900,RUB,серый,100% хлопок,таблица размеров,,https://noconcept.ru/shop/men/5696,https://noconcept.ru/uploads/thumbs/nc-1105-250320-33e2d5d264-3d4def658bdf2786eb2ff52d16d274f6.jpeg,ГУ-001-004,true
Худи Raw Edge,NOCONCEPT,tops,knitwear,male,24900,RUB,черный,100% хлопок,таблица размеров,,https://noconcept.ru/shop/men/5443,https://noconcept.ru/uploads/thumbs/iy5a1007-48325da8b9-3cd20418104032a206b7e70bd951df7b.jpeg,М-035-057,true
Шапка snow,NOCONCEPT,accessories,,male,4500,RUB,серый,100% акрил,таблица размеров,,https://noconcept.ru/shop/men/320,https://noconcept.ru/uploads/thumbs/katalog-0612242763-e66b541181-cc759a8d7af49557767ca1fd5b38564c.jpeg,М-029-031,true
Шуба Tundra,NOCONCEPT,outerwear,,male,28000,RUB,черный,100% полиэстер / подклад: 100% полиэстер,таблица размеров,,https://noconcept.ru/shop/men/5648,https://noconcept.ru/uploads/thumbs/nc-katalog-2807250432-2aed6c62f6-081a60af3086a9ab85915e8b3b154266.jpeg,М-035-074,true
Шапка ishu,NOCONCEPT,accessories,,male,5000,RUB,коричневый,100% акрил,таблица размеров,,https://noconcept.ru/shop/men/333,https://noconcept.ru/uploads/thumbs/katalog-0612242789-86b4f8f02d-191046526fe0f878eb0c31a56d0e0fcc.jpeg,М-029-032,true
​Полосатые носки в рубчик,NOCONCEPT,tops,t-shirts,male,500,RUB,белый,100% хлопок,таблица размеров,,https://noconcept.ru/shop/men/5990,https://noconcept.ru/uploads/thumbs/noconcept-catalog-dec0057-1-1bcb6743b8-a65750d2daeba903fc69a4f142053bf4.jpeg,G-001-020,true
Шапка ishu,NOCONCEPT,accessories,,male,5000,RUB,серый,100% акрил,таблица размеров,,https://noconcept.ru/shop/men/331,https://noconcept.ru/uploads/thumbs/katalog-0612242824-d338b38adb-0374e819b224a9099cb6bc28edc4d16b.jpeg,М-029-032,true
​Брюки Balloon,NOCONCEPT,bottoms,,male,14000,RUB,коричневый,100% хлопок,таблица размеров,,https://noconcept.ru/shop/men/6028,https://noconcept.ru/uploads/thumbs/noconcept-catalog-28-november001-bbd2003a68-3e4ba3e641b1b02dc83dc0640e8231f0.jpeg,K-001-003,true
​Утеплённые джинсы,NOCONCEPT,bottoms,,male,15000,RUB,Чёрный,100% хлопок,таблица размеров,,https://noconcept.ru/shop/men/6050,https://noconcept.ru/uploads/thumbs/noconcept-catalog-28-november001-a027ed69ed-8ec85de67ee070f93eb071c783c3ee0f.jpeg,K-001-005,true
Куртка Aspen,NOCONCEPT,outerwear,,male,25000,RUB,коричневый,100% полиэстер / подклад: 100% синтепон,таблица размеров,,https://noconcept.ru/shop/men/5409,https://noconcept.ru/uploads/thumbs/y5a1692-37a2227291-3c03628ce1f4634a583d10a698a458a6.jpeg,М-035-078,true
Куртка PUFFER DUNE,NOCONCEPT,outerwear,,male,45000,RUB,черный,"90% полиэстер, 10% акрил / подклад: 100% полиэстер / наполнитель: 100% пух",таблица размеров,,https://noconcept.ru/shop/men/5491,https://noconcept.ru/uploads/thumbs/nc-katalog-2807250240-bc6c98f820-0d2033aafb6bfff6e0e67e3a32ad8249.jpeg,М-036-013,true
​Меховая шапка-таблетка,NOCONCEPT,accessories,,male,4500,RUB,коричневый,100% полиэстер  / Подклад: 100% хлопок,таблица размеров,,https://noconcept.ru/shop/men/5969,https://noconcept.ru/uploads/thumbs/noconcept-catalog-dec0284-76f2a2c3a6-0e45a93c14ddbecdacb45fc54108cfd6.jpeg,G-001-014,true
Куртка ORBIT,NOCONCEPT,outerwear,,male,19000,RUB,черный,100% полиэстер/ 100% полиэстер/ 100% синтепон,таблица размеров,,https://noconcept.ru/shop/men/1923,https://noconcept.ru/uploads/thumbs/noconc-oct1082-6f8e53b9c9-44567201c5205ae40d6921041bc78eba.jpeg,М-032-009,true
​Шапка-шлем,NOCONCEPT,accessories,,male,3100,RUB,коричневый,45% хлопок 45% полиэстер 10% шерсть,таблица размеров,,https://noconcept.ru/shop/men/5980,https://noconcept.ru/uploads/thumbs/noconcept-catalog-dec0641-7c4c111037-cc333ed5db266f6c8a4fab19e643e5d8.jpeg,G-001-017,true
Шапка snow,NOCONCEPT,accessories,,male,4500,RUB,молочный,100% акрил,таблица размеров,,https://noconcept.ru/shop/men/323,https://noconcept.ru/uploads/thumbs/katalog-0612242754-3a203f41c7-d1fe01862ba814a418a4ac3327cdc8a7.jpeg,М-029-031,true
​Лонгслив clean canvas,NOCONCEPT,tops,t-shirts,male,6800,RUB,Чёрный,100% хлопок,таблица размеров,,https://noconcept.ru/shop/men/5733,https://noconcept.ru/uploads/thumbs/nc-katalog-0206253908-a376e24be9-2beeb8b51525f99cd5321b512a6baace.jpeg,М-037-030,true
Брюки HAZE,NOCONCEPT,bottoms,,male,23000,RUB,черный,"50% шерсть, 50% полиэстер",таблица размеров,,https://noconcept.ru/shop/men/5310,https://noconcept.ru/uploads/thumbs/non-20253-ca23c68489-511f6aef6f50f5fa6b92b01eeab6c52c.jpeg,М-035-025,true
​Носки в рубчик,NOCONCEPT,outerwear,,male,500,RUB,молочный,100% хлопок,таблица размеров,,https://noconcept.ru/shop/men/5999,https://noconcept.ru/uploads/thumbs/noconcept-catalog-dec0054-1-b6359dd3e5-5f7c9d55ac922d54875b353c6dac9952.jpeg,G-001-021,true
Пиджак Civic Cut,NOCONCEPT,tops,blazers,male,22000,RUB,серый,"20% шерсть, 80% полиэстер  / Подклад: 100% полиэстер",таблица размеров,,https://noconcept.ru/shop/men/5563,https://noconcept.ru/uploads/thumbs/nc-katalog-2807250549-9c3dd65b9b-310957d4f7540974e3a0876a1aef9d3c.jpeg,М-036-056,true
Рубашка Chestpiece,NOCONCEPT,tops,shirts,male,16000,RUB,светло-серый,"50% хлопок, 50% полиэстер",таблица размеров,,https://noconcept.ru/shop/men/3795,https://noconcept.ru/uploads/thumbs/non-20010-2969c18721-58f1218929e0f3dce8769ce0e8d8de13.jpeg,М-033-086,true
​Рубашка Slope Stripe,NOCONCEPT,tops,shirts,male,15000,RUB,синий,100% хлопок / Подклад: 100% полиэстер,таблица размеров,,https://noconcept.ru/shop/men/5758,https://noconcept.ru/uploads/thumbs/nc-katalog-0206253057-202e928c78-7393a1acdac23afdcb4be5353df68bde.jpeg,М-037-036,true
Пальто The Caller,NOCONCEPT,outerwear,,male,19900,RUB,черный,49% хлопок 51% полиэстер / 100% полиэстер,таблица размеров,,https://noconcept.ru/shop/men/2524,https://noconcept.ru/uploads/thumbs/nc-katalog-0708255125-a36e0ee5a9-2ad4cad7d438ceb441d5145ddafcffeb.jpeg,М-030-010,true
​Вязаная шапка,NOCONCEPT,accessories,,male,3300,RUB,коричневый,45% хлопок 45% полиэстер 10% шерсть,таблица размеров,,https://noconcept.ru/shop/men/5976,https://noconcept.ru/uploads/thumbs/noconcept-catalog-dec0511-60b48ccb77-07dc036d5f4dd568f8ec43c08d980372.jpeg,G-001-016,true
​Козырёк Sable kepi,NOCONCEPT,outerwear,,male,3300,RUB,бежевый,100% полиэстер,таблица размеров,,https://noconcept.ru/shop/men/5705,https://noconcept.ru/uploads/thumbs/nc-1105-250052-d193170148-20752cd352570a6f7f733c820f025884.jpeg,ГУ-001-007,true
​Козырёк fold kepi,NOCONCEPT,outerwear,,male,3500,RUB,светло-серый,100% хлопок,таблица размеров,,https://noconcept.ru/shop/men/5693,https://noconcept.ru/uploads/thumbs/nc-1105-250366-8d8b813c7e-6cb8b2a5f133db4c4171a8c2a581be17.jpeg,ГУ-001-003,true
​Козырёк Cherry kepi,NOCONCEPT,outerwear,,male,3900,RUB,бежевый,100% полиэстер,таблица размеров,,https://noconcept.ru/shop/men/5683,https://noconcept.ru/uploads/thumbs/nc-1105-250107-3d2ebdecd7-4c0de0b63c32d28147a7a89ee29519aa.jpeg,ГУ-001-001,true
​Панама Field,NOCONCEPT,accessories,,male,4900,RUB,синий,100% хлопок,таблица размеров,,https://noconcept.ru/shop/men/5695,https://noconcept.ru/uploads/thumbs/nc-1105-250293-94343ac863-240f1a53e74c3e2b06bc1534fbde146d.jpeg,ГУ-001-004,true
​Футболка с сердцами,NOCONCEPT,tops,t-shirts,male,8500,RUB,синий,100% хлопок,таблица размеров,,https://noconcept.ru/shop/men/5860,https://noconcept.ru/uploads/thumbs/nc-katalog-0206252151-316a632a0e-b74f6844f46adcbd9ec297280d6fb675.jpeg,М-037-047,true
​Лонгслив с вырезом,NOCONCEPT,tops,t-shirts,male,7900,RUB,оливковый,"65% хлопок, 35% полиэстер",таблица размеров,,https://noconcept.ru/shop/men/6068,https://noconcept.ru/uploads/thumbs/noconcept-catalog-28-november015-f34f8c64d1-96771544e74d0adcb4e36b5c670e83cc.jpeg,K-001-025,true
​Джинсы Drift,NOCONCEPT,bottoms,,male,13000,RUB,голубой,100% хлопок,таблица размеров,,https://noconcept.ru/shop/men/5576,https://noconcept.ru/uploads/thumbs/a0007-11-7fab072fcf-f8dd1a098cfcc71d0dec73f29b310a00.jpeg,М-036-065,true
​Лонгслив Henley,NOCONCEPT,tops,t-shirts,male,5900,RUB,оливковый,"80% полиэстер, 20% хлопок",таблица размеров,,https://noconcept.ru/shop/men/5730,https://noconcept.ru/uploads/thumbs/nc-katalog-0206251098-355fc98677-4a06c398c47be79bc6be12c2562510eb.jpeg,М-037-023,true
​Свитер с фактурными швами,NOCONCEPT,tops,knitwear,male,16000,RUB,серый,"39% акрил, 40% полиэстер, 9% нейлон, 8% шерсть, 4% спандекс",таблица размеров,,https://noconcept.ru/shop/men/6157,https://noconcept.ru/uploads/thumbs/noconcept-catalog-dec0112-d67a145f1e-8cdd059e5778a02fe82226270ef2255f.jpeg,G-101-039,true
​Лонгслив RAW SUN,NOCONCEPT,tops,t-shirts,male,6500,RUB,серый,"70% хлопок, 30% полиэстер",таблица размеров,,https://noconcept.ru/shop/men/5790,https://noconcept.ru/uploads/thumbs/nc-katalog-0206251855-ca087e15f3-5c851cacb09890078503e51061eb9b37.jpeg,М-036-042,true
​Лонгслив clean canvas,NOCONCEPT,tops,t-shirts,male,6800,RUB,серый,100% хлопок,таблица размеров,,https://noconcept.ru/shop/men/5734,https://noconcept.ru/uploads/thumbs/nc-katalog-0206252601-74813e77e9-75968a115f5bb1c002ff0b7b85435e96.jpeg,М-037-030,true
​Лонгслив RAW SUN,NOCONCEPT,tops,t-shirts,male,6500,RUB,зелёный,"70% хлопок, 30% полиэстер",таблица размеров,,https://noconcept.ru/shop/men/5789,https://noconcept.ru/uploads/thumbs/nc-katalog-0206251355-0fafac33d6-382155850a9fbb04b3fd0c47f1c566f3.jpeg,М-036-042,true
Пиджак broad,NOCONCEPT,tops,blazers,male,28000,RUB,серый,"80% полиэстер, 20% акрил / Подклад: 100% полиэстер",таблица размеров,,https://noconcept.ru/shop/men/5425,https://noconcept.ru/uploads/thumbs/katalog-nc-15028312-fc97399450-072e547a09a36e27099fc4df9ea4999f.jpeg,М-035-059,true
Шуба Frosty,NOCONCEPT,outerwear,,male,26000,RUB,серый,100% полиэстер / подклад: 100% полиэстер,таблица размеров,,https://noconcept.ru/shop/men/5406,https://noconcept.ru/uploads/thumbs/iy5a1122-045e9d4480-5249e29d469d596d3a4fd0120992ff58.jpeg,М-035-073,true
​Кардиган на пуговицах,NOCONCEPT,tops,knitwear,male,12000,RUB,серый,"50% акрил, 50% полиэстер",таблица размеров,,https://noconcept.ru/shop/men/6263,https://noconcept.ru/uploads/thumbs/noconcept-catalog-28-november035-39b1ea5dbb-b31be709717bc65c76f40be1cfaf9415.jpeg,K-001-103,true
​Пиджак DUKE,NOCONCEPT,tops,blazers,male,18000,RUB,хаки,"69% полиэстер, 31% хлопок / Подклад: 100% полиэстер",таблица размеров,,https://noconcept.ru/shop/men/5833,https://noconcept.ru/uploads/thumbs/nc-katalog-0206253183-c87833e4c9-1f4ad567a43eefce2182a6abde7440ff.jpeg,М-037-057,true
​Полосатые носки в рубчик,NOCONCEPT,tops,t-shirts,male,500,RUB,Чёрный,100% хлопок,таблица размеров,,https://noconcept.ru/shop/men/5991,https://noconcept.ru/uploads/thumbs/noconcept-catalog-dec0197-1-d22c07d7de-28d0be9759b08b83d8061f7c0224ff44.jpeg,G-001-020,true
Пушистый свитер на молнии,NOCONCEPT,tops,knitwear,male,13000,RUB,серый,"7% шерсть, 52% акрил, 25% нейлон, 16% полиэстер",таблица размеров,,https://noconcept.ru/shop/men/6235,https://noconcept.ru/uploads/thumbs/noconcept-catalog-dec0145-05793e71a5-4c840b7ecce2d32e66c1080650fc41e7.jpeg,G-102-031,true
​Пиджак DUKE,NOCONCEPT,tops,blazers,male,18000,RUB,серый,"69% полиэстер, 31% хлопок / Подклад: 100% полиэстер",таблица размеров,,https://noconcept.ru/shop/men/5832,https://noconcept.ru/uploads/thumbs/nc-katalog-0206251172-2c56ee0a1c-2ef2a5fcd90c2b973bd6b3689102be75.jpeg,М-037-057,true
​Носки в рубчик,NOCONCEPT,outerwear,,male,500,RUB,белый,100% хлопок,таблица размеров,,https://noconcept.ru/shop/men/5998,https://noconcept.ru/uploads/thumbs/noconcept-catalog-dec0061-1-ad53cb0479-5c5c3cb5f8c457baa31a226da4214881.jpeg,G-001-021,true
​Футболка классическая,NOCONCEPT,tops,t-shirts,male,4000,RUB,серый,"47% модал, 48% хлопок, 5% спандекс",таблица размеров,,https://noconcept.ru/shop/men/5763,https://noconcept.ru/uploads/thumbs/nc-katalog-2807250474-1-e2ce0c6207-8337b30d1142b944f902ded720463a74.jpeg,М-037-025,true
Поло RUGBY,NOCONCEPT,tops,t-shirts,male,8000,RUB,Розовый,"30% хлопок, 70% акрил",таблица размеров,,https://noconcept.ru/shop/men/5754,https://noconcept.ru/uploads/thumbs/nc-katalog-0206250714-9fae0f4734-0de8e7484e8328523e13079abf2173ac.jpeg,М-037-022,true
​Брюки Boiler,NOCONCEPT,bottoms,,male,13800,RUB,Чёрный,"80% хлопок, 15% полиэстер, 5% спандекс /",таблица размеров,,https://noconcept.ru/shop/men/459,https://noconcept.ru/uploads/thumbs/non-20387-9f5a60509e-9b368b769299ca9b247f265e50a360bc.jpeg,М-033-045,true
​Куртка STYLISH,NOCONCEPT,outerwear,,male,22000,RUB,Чёрный,"85% полиэстер, 15% хлопок",таблица размеров,,https://noconcept.ru/shop/men/2252,https://noconcept.ru/uploads/thumbs/katalog-nc-15020837-41f318ad9f-092bec2fc58ef51442155fd505f05632.jpeg,М-033-043,true
​Кардиган с необработанным краем,NOCONCEPT,tops,knitwear,male,12000,RUB,молочный,"16% шерсть, 36% акрил, 48% полиэстер",таблица размеров,,https://noconcept.ru/shop/men/6135,https://noconcept.ru/uploads/thumbs/noconcept-catalog-dec0132-f1e3ae8289-f09f3a77120a2dcdec6fbc9cbedb8827.jpeg,G-101-030,true
​Полосатый пуловер,NOCONCEPT,tops,t-shirts,male,11000,RUB,Чёрный,100% хлопок,таблица размеров,,https://noconcept.ru/shop/men/6084,https://noconcept.ru/uploads/thumbs/noconcept-catalog-28-november000-abaf368a55-8e06ed4fe85ae41994f51ca311b9e4e5.jpeg,K-001-026,true
​Джинсы Burnout,NOCONCEPT,bottoms,,male,12000,RUB,Светло-голубой,100% хлопок,таблица размеров,,https://noconcept.ru/shop/men/1429,https://noconcept.ru/uploads/thumbs/nc-katalog-1304250194-ba01740c6f-63f5e49ff4bcff4017b09e512f5761ee.jpeg,М-034-315,true
Массивная цепь,NOCONCEPT,outerwear,,male,6000,RUB,серебрянный,,таблица размеров,,https://noconcept.ru/shop/men/6357,https://noconcept.ru/uploads/thumbs/noconc-oct1319-de7e7363ce-cc10588ea7abd30f2535acdf2b3664d9.jpeg,Y-05,true
​Носки в рубчик,NOCONCEPT,outerwear,,male,500,RUB,серый,100% хлопок,таблица размеров,,https://noconcept.ru/shop/men/6000,https://noconcept.ru/uploads/thumbs/noconcept-catalog-dec0072-1-edb811e889-d6522a5c8f4b3b59a897936e13b337a4.jpeg,G-001-021,true
​Рубашка Denim Fade,NOCONCEPT,tops,shirts,male,13000,RUB,голубой,"75% хлопок, 25% полиэстер",таблица размеров,,https://noconcept.ru/shop/men/5580,https://noconcept.ru/uploads/thumbs/bezymannyj-kadr0086-137afef192-36134eba2c6d872980b1dea6d884c7fb.jpeg,М-036-069,true
Шуба Frosty,NOCONCEPT,outerwear,,male,26000,RUB,черный,100% полиэстер / подклад: 100% полиэстер,таблица размеров,,https://noconcept.ru/shop/men/5405,https://noconcept.ru/uploads/thumbs/iy5a1494-ee33c9eb0d-24b7c41e034cedf22d50ee77ae0e2b35.jpeg,М-035-073,true
​Футболка светло-серая,NOCONCEPT,tops,t-shirts,male,5500,RUB,серый,100% хлопок,таблица размеров,,https://noconcept.ru/shop/men/5773,https://noconcept.ru/uploads/thumbs/nc-katalog-0206253655-f43e724da6-44605e14b10cf655b5136e7fcedb1eec.jpeg,М-037-028,true
​Лонгслив Soft Base,NOCONCEPT,tops,t-shirts,male,5900,RUB,серый,"92% хлопок, 8% тенсел",таблица размеров,,https://noconcept.ru/shop/men/5611,https://noconcept.ru/uploads/thumbs/katalog-nc-15027011-812e95586f-39cdc9baeaabbe707979b0a8210b95d9.jpeg,М-036-085,true
​Пиджак Classic Bold,NOCONCEPT,tops,blazers,male,22000,RUB,серый,"75% полиэстер, 25% хлопок / Подклад: 100% полиэстер",таблица размеров,,https://noconcept.ru/shop/men/5680,https://noconcept.ru/uploads/thumbs/bezymannyj-kadr2894-33fbdf94e0-5a04755ab0321330ace56b03f5dd325a.jpeg,М-036-107,true
​Носки средней длины,NOCONCEPT,outerwear,,male,500,RUB,белый,"94% хлопок, 6% лайкра",таблица размеров,,https://noconcept.ru/shop/men/6002,https://noconcept.ru/uploads/thumbs/noconcept-catalog-dec0073-1-af36050d5f-949a20dd8ca57950b65e7d0fc048b4d7.jpeg,G-001-022,true
Футболка серая базовая,NOCONCEPT,tops,t-shirts,male,4200,RUB,серый,100% хлопок,таблица размеров,,https://noconcept.ru/shop/men/5210,https://noconcept.ru/uploads/thumbs/katalog-nc-15026654-5b3f29b2a5-b118c5864de504742a65494ea798638f.jpeg,М-034-390,true
​Шапка-шлем,NOCONCEPT,accessories,,male,3100,RUB,серый,45% хлопок 45% полиэстер 10% шерсть,таблица размеров,,https://noconcept.ru/shop/men/5979,https://noconcept.ru/uploads/thumbs/noconcept-catalog-dec0120-5ab8bfe4ea-afdfdbc4b295fc635a62058aaa401154.jpeg,G-001-017,true
​Футболка с нашивкой,NOCONCEPT,tops,t-shirts,male,7000,RUB,черный,100% хлопок,таблица размеров,,https://noconcept.ru/shop/men/5637,https://noconcept.ru/uploads/thumbs/bezymannyj-kadr0036-28730c98f3-a6cc027e58034c1421f038fe8c0517e1.jpeg,М-036-101,true
Свитшот Fringe Game,NOCONCEPT,tops,knitwear,male,19000,RUB,черный,100% хлопок,таблица размеров,,https://noconcept.ru/shop/men/5441,https://noconcept.ru/uploads/thumbs/y5a1988-1cc057130c-28c4c0da934e87c77ea02857e0175d41.jpeg,М-035-055,true
Подвеска с асимметричным звеном,NOCONCEPT,outerwear,,male,4000,RUB,золотой,,таблица размеров,,https://noconcept.ru/shop/men/6351,https://noconcept.ru/uploads/thumbs/noconc-oct1268-64960c498e-1930fed0c2435fbc226a5445a4adad1c.jpeg,Y-01,true
​Шапка-бини,NOCONCEPT,accessories,,male,2500,RUB,коричневый,100% хлопок,таблица размеров,,https://noconcept.ru/shop/men/6016,https://noconcept.ru/uploads/thumbs/noconcept-catalog-28-november005-0153f43693-e01d2faec03cfaf63e9eeedeb19ce61b.jpeg,Ш-01,true
Двухъярусное колье,NOCONCEPT,outerwear,,male,4500,RUB,золотой,,таблица размеров,,https://noconcept.ru/shop/men/6358,https://noconcept.ru/uploads/thumbs/noconc-oct1332-cb1b86619c-ae3571340549b431706d07739aa2230c.jpeg,Y-06,true
​Утепленная рубашка PIXEL GRID,NOCONCEPT,tops,shirts,male,24400,RUB,фиолетовый,"62% полиэстер, 38% шерсть /100% полиэстер",таблица размеров,,https://noconcept.ru/shop/men/2620,https://noconcept.ru/uploads/thumbs/non-20041-6fe27f3f84-5c8051cfce7c4d138527e1182b288361.jpeg,М-033-070,true
​Шапка-бини,NOCONCEPT,accessories,,male,2500,RUB,черный,100% хлопок,таблица размеров,,https://noconcept.ru/shop/men/6019,https://noconcept.ru/uploads/thumbs/noconcept-catalog-28-november006-830a241a01-0dae9dffc73203c2549468337a515ff5.jpeg,Ш-01,true
​Носки в рубчик,NOCONCEPT,outerwear,,male,500,RUB,Чёрный,100% хлопок,таблица размеров,,https://noconcept.ru/shop/men/5997,https://noconcept.ru/uploads/thumbs/noconcept-catalog-dec0075-1-c5b1ca6f15-990d1133382d638fc3c8727dd50d82d7.jpeg,G-001-021,true
​Вязаная шапка из мягкой пряжи,NOCONCEPT,accessories,,male,3500,RUB,молочный,50% хлопок 50% полиэстер,таблица размеров,,https://noconcept.ru/shop/men/6014,https://noconcept.ru/uploads/thumbs/noconcept-catalog-dec0137-e2c3e98fed-74f35b610e77a40dbdd4447bf8c62e18.jpeg,G-001-025,true
​Шапка-бини,NOCONCEPT,accessories,,male,2500,RUB,темно-серый,100% хлопок,таблица размеров,,https://noconcept.ru/shop/men/6017,https://noconcept.ru/uploads/thumbs/noconcept-catalog-28-november004-d92a3084b6-477837c61b54e5976add1cfe7719f8fd.jpeg,Ш-01,true
​Спортивные брюки,NOCONCEPT,bottoms,,male,15000,RUB,тёмно-серый,"63% хлопок, 37% полиэстер",таблица размеров,,https://noconcept.ru/shop/men/6031,https://noconcept.ru/uploads/thumbs/noconcept-catalog-28-november007-b84eb98909-966342838784f7839664e591d5c938de.jpeg,K-001-004,true
Шапка short,NOCONCEPT,accessories,,male,2900,RUB,молочный,65% акрил 40% хлопок,таблица размеров,,https://noconcept.ru/shop/men/5287,https://noconcept.ru/uploads/thumbs/katalog-0612242890-938847c541-e97190b4ef957bc07914deed48899012.jpeg,A-001-001,true
​Носки средней длины,NOCONCEPT,outerwear,,male,500,RUB,тёмно-серый,"94% хлопок, 6% лайкра",таблица размеров,,https://noconcept.ru/shop/men/6004,https://noconcept.ru/uploads/thumbs/noconcept-catalog-dec0190-1-c3a5a1c271-affa570574053935d495c14f1f7d080f.jpeg,G-001-022,true
Шапка short,NOCONCEPT,accessories,,male,2900,RUB,синий,65% акрил 40% хлопок,таблица размеров,,https://noconcept.ru/shop/men/5286,https://noconcept.ru/uploads/thumbs/katalog-0612242974-f32948d3b4-68d262e3b86dbc28697d6eefd84d71e0.jpeg,A-001-001,true
Шапка short,NOCONCEPT,accessories,,male,2900,RUB,серый,65% акрил 40% хлопок,таблица размеров,,https://noconcept.ru/shop/men/5282,https://noconcept.ru/uploads/thumbs/katalog-0612242712-f311e780da-7eb30ebc33cb97613bc287f2b6be0774.jpeg,A-001-001,true
Шапка short,NOCONCEPT,accessories,,male,2900,RUB,черный,65% акрил 40% хлопок,таблица размеров,,https://noconcept.ru/shop/men/5283,https://noconcept.ru/uploads/thumbs/katalog-0612242694-3823e47a96-8e71b73c81e4350fa7af7919ac372968.jpeg,A-001-001,true
Брюки daily classy,NOCONCEPT,bottoms,,male,11000,RUB,серый,45% хлопок 55% полиэфир,таблица размеров,,https://noconcept.ru/shop/men/5235,https://noconcept.ru/uploads/thumbs/bezymannyj-kadr4342-2-64cd2f20be-45c25a4090bd09c43b8d0a576102c3ab.jpeg,М-034-410,true
​Пушистый свитер,NOCONCEPT,tops,knitwear,male,12000,RUB,серый,"19% акрил, 81% полиэстер",таблица размеров,,https://noconcept.ru/shop/men/6290,https://noconcept.ru/uploads/thumbs/noconcept-catalog-28-november002-3db79b01af-a487e6593c7651cba96b090eeee56c9e.jpeg,K-001-119,true
​Вязаный жилет на пуговицах,NOCONCEPT,outerwear,vests,male,9900,RUB,бежевый,"30% шерсть, 70% полиэстер",таблица размеров,,https://noconcept.ru/shop/men/6253,https://noconcept.ru/uploads/thumbs/noconcept-catalog-28-november015-3e5e98354b-6f5bbd08262864f43464e49e3b16563b.jpeg,K-001-102,true
​Шапка рельефной вязки,NOCONCEPT,accessories,,male,4200,RUB,серый,100% шерсть,таблица размеров,,https://noconcept.ru/shop/men/6368,https://noconcept.ru/uploads/thumbs/noconcept-catalog-dec0330-8e2faf4993-11e2136c473a6deda4b463d7c0b228d3.jpeg,G-101-028,true
​Носки средней длины,NOCONCEPT,outerwear,,male,500,RUB,светло-серый,"94% хлопок, 6% лайкра",таблица размеров,,https://noconcept.ru/shop/men/6003,https://noconcept.ru/uploads/thumbs/noconcept-catalog-dec0069-1-54fc032464-e628bfc4fabe117bc7e2c1ecaac98fbd.jpeg,G-001-022,true
​Двубортный пиджак Graphite,NOCONCEPT,tops,blazers,male,25000,RUB,серый,"68% полиэстер, 29% хлопок, 3% спандекс   / Подклад: 100% полиэстер",таблица размеров,,https://noconcept.ru/shop/men/6071,https://noconcept.ru/uploads/thumbs/noconcept-catalog-28-november006-d737214405-c689673c05d08e4a96767927bea6b730.jpeg,K-001-023,true
​Брюки Graphite,NOCONCEPT,bottoms,,male,13000,RUB,серый,"68% полиэстер, 29% хлопок, 3% спандекс",таблица размеров,,https://noconcept.ru/shop/men/6048,https://noconcept.ru/uploads/thumbs/noconcept-catalog-28-november007-a2ea69bf5e-5717e32af34ec1023d4f9742f5985da9.jpeg,K-001-024,true
​Вязаный жилет на пуговицах,NOCONCEPT,outerwear,vests,male,9900,RUB,хаки,"30% шерсть, 70% полиэстер",таблица размеров,,https://noconcept.ru/shop/men/6252,https://noconcept.ru/uploads/thumbs/noconcept-catalog-28-november040-72df978b6f-9a38c2d806a73a1486e419201c8a47e3.jpeg,K-001-102,true
​Двубортный пиджак в клетку,NOCONCEPT,tops,blazers,male,24000,RUB,серый,"30% хлопок, 70% полиэстер   / Подклад: 100% полиэстер",таблица размеров,,https://noconcept.ru/shop/men/6273,https://noconcept.ru/uploads/thumbs/noconcept-catalog-28-november008-7c13d5c28c-5dbb4b45aa3132b6374921d30f90213b.jpeg,K-001-108,true
​Вязаный свитер,NOCONCEPT,tops,knitwear,male,11000,RUB,бежевый,"13% нейлон, 3% спандекс , 8% шерсть, 76% полиэстер",таблица размеров,,https://noconcept.ru/shop/men/6229,https://noconcept.ru/uploads/thumbs/noconcept-catalog-dec0269-f4f4d62b95-bc7a4d696932b5c68f92c481cf118e23.jpeg,G-102-029,true
​Цепь из металлических гранёных звеньев,NOCONCEPT,outerwear,,male,5500,RUB,серебрянный,,таблица размеров,,https://noconcept.ru/shop/men/6367,https://noconcept.ru/uploads/thumbs/noconcept-catalog-28-november000-97ad7e42e3-e114e37e65c415bb2dd1f32e31b35e1b.jpeg,Y-15,true
​Брюки Silent,NOCONCEPT,bottoms,,male,14000,RUB,Чёрный,100% хлопок,таблица размеров,,https://noconcept.ru/shop/men/6045,https://noconcept.ru/uploads/thumbs/noconcept-catalog-28-november008-620603e93d-c99c13f17ff59b7871e90264c6734c3c.jpeg,K-001-017,true
​Шапка-бини,NOCONCEPT,accessories,,male,2500,RUB,серый,100% хлопок,таблица размеров,,https://noconcept.ru/shop/men/6015,https://noconcept.ru/uploads/thumbs/noconcept-catalog-28-november005-1d637c0485-4fa7a3f17a74b55d20c3b92cf96b1ba9.jpeg,Ш-01,true
​Вязаный кардиган,NOCONCEPT,tops,knitwear,male,17000,RUB,Чёрный,"80% полиэстер, 20% шерсть",таблица размеров,,https://noconcept.ru/shop/men/6054,https://noconcept.ru/uploads/thumbs/noconcept-catalog-28-november007-6602b7c4b2-cff04b95603ca65563ef5bd40c3694d9.jpeg,K-001-015,true
Куртка MOONKEY,NOCONCEPT,outerwear,,male,14000,RUB,хаки,100% хлопок,таблица размеров,,https://noconcept.ru/shop/men/2105,https://noconcept.ru/uploads/thumbs/noconc-oct1226-c8854f9d57-740a1ba06962ae52e166f680001a4875.jpeg,М-016-031,true
​Кимоно Shadow,NOCONCEPT,outerwear,,male,26000,RUB,бежевый,100% полиэстер / Подклад: 100% полиэстер,таблица размеров,,https://noconcept.ru/shop/men/5340,https://noconcept.ru/uploads/thumbs/katalog-nc-15020188-1-8378d1e2c1-00110a6f1ba4e6f77c504835f8232a5f.jpeg,М-035-046,true
​Футболка в рубчик,NOCONCEPT,tops,t-shirts,male,5500,RUB,Чёрный,"85% акрил, 15% нейлон",таблица размеров,,https://noconcept.ru/shop/men/5865,https://noconcept.ru/uploads/thumbs/nc-katalog-0206252404-26e1bee6a6-c970f70edb84ffe561e17b7e3865d3d4.jpeg,М-037-062,true
Тонкая цепь с вытянутыми звеньями,NOCONCEPT,outerwear,,male,1900,RUB,золотой,,таблица размеров,,https://noconcept.ru/shop/men/6353,https://noconcept.ru/uploads/thumbs/noconc-oct1276-b2f839fa54-7fa7e408f2c015f3b4f24a89335df0b8.jpeg,Y-02,true
​Лонгслив с вырезом,NOCONCEPT,tops,t-shirts,male,7900,RUB,серый,"65% хлопок, 35% полиэстер",таблица размеров,,https://noconcept.ru/shop/men/6067,https://noconcept.ru/uploads/thumbs/noconcept-catalog-28-november021-3ff59aa32e-acc8a322d873ed5162e9345eda29a782.jpeg,K-001-025,true
Короткая подвеска с узловой деталью,NOCONCEPT,outerwear,,male,4500,RUB,серебрянный,,таблица размеров,,https://noconcept.ru/shop/men/6355,https://noconcept.ru/uploads/thumbs/noconc-oct1308-d4b6c293a5-7d17a49cba2a6b11f125fd6360fcc752.jpeg,Y-03,true
Короткая подвеска с узловой деталью,NOCONCEPT,outerwear,,male,4500,RUB,золотой,,таблица размеров,,https://noconcept.ru/shop/men/6354,https://noconcept.ru/uploads/thumbs/noconc-oct1282-b229f55022-fd4e06347f1c83cc6b6da3ccfbf72998.jpeg,Y-03,true
​Жилет на пуговицах Shibui,NOCONCEPT,outerwear,vests,male,17000,RUB,Чёрный,100% тенсел / Подклад: 100% полиэстер,таблица размеров,,https://noconcept.ru/shop/men/6052,https://noconcept.ru/uploads/thumbs/noconcept-catalog-28-november002-52059f70e6-37b8240babc1d3ef6550b83edc6ededc.jpeg,K-001-033,true
​Зип-худи homely,NOCONCEPT,tops,knitwear,male,17000,RUB,Чёрный,100% хлопок,таблица размеров,,https://noconcept.ru/shop/men/6087,https://noconcept.ru/uploads/thumbs/noconcept-catalog-28-november033-e6345522a7-f0a119424ccc456e1b605672c2618d75.jpeg,K-001-001,true
Подвеска с асимметричным звеном,NOCONCEPT,outerwear,,male,4000,RUB,серебрянный,,таблица размеров,,https://noconcept.ru/shop/men/6352,https://noconcept.ru/uploads/thumbs/noconc-oct1297-da62366ded-f8a8351e2db29de3b69e41fcc4ca7396.jpeg,Y-01,true
​Вязаное зип-худи,NOCONCEPT,tops,knitwear,male,16000,RUB,серый,"35% полиэстер, 30% акрил, 35% шерсть",таблица размеров,,https://noconcept.ru/shop/men/6092,https://noconcept.ru/uploads/thumbs/noconcept-catalog-28-november008-8efc1f5924-6c96be19ce6fc36ccd967f961e6acbca.jpeg,K-001-013,true
​Брюки homely,NOCONCEPT,bottoms,,male,14000,RUB,Чёрный,100% хлопок,таблица размеров,,https://noconcept.ru/shop/men/6022,https://noconcept.ru/uploads/thumbs/noconcept-catalog-28-november034-1961a42d2e-6c7b46a717c7923dc3a68dd4333f4067.jpeg,K-001-002,true
​Шерстяное зип-худи wool,NOCONCEPT,tops,knitwear,male,22000,RUB,Чёрный,"70% шерсть, 30% полиэстер",таблица размеров,,https://noconcept.ru/shop/men/6267,https://noconcept.ru/uploads/thumbs/noconcept-catalog-28-november005-4dfd5eb178-7f66ad2d7d56826091bd8311e8ea7f5c.jpeg,K-001-113,true
​Шерстяной жакет wool,NOCONCEPT,tops,blazers,male,21000,RUB,Чёрный,"70% шерсть, 30% полиэстер / Подклад: 100% полиэстер",таблица размеров,,https://noconcept.ru/shop/men/6264,https://noconcept.ru/uploads/thumbs/noconcept-catalog-28-november032-b6b27be5c6-3c79afbf9f413911c2a7b05e50cec43d.jpeg,K-001-112,true
​Укороченное пальто cropped,NOCONCEPT,outerwear,,male,21000,RUB,Чёрный,"85% акрил, 15% хлопок  / Подклад: 100% полиэстер",таблица размеров,,https://noconcept.ru/shop/men/6292,https://noconcept.ru/uploads/thumbs/noconcept-catalog-28-november007-f374de109f-6108c283b25e9255a67bb5aa4a129e37.jpeg,K-001-105,true
​Бомбер Teddy,NOCONCEPT,outerwear,,male,18000,RUB,Чёрный,100% полиэстер / Подклад: 100% полиэстер / Утеплитель: 100% синтепон,таблица размеров,,https://noconcept.ru/shop/men/6237,https://noconcept.ru/uploads/thumbs/noconcept-catalog-28-november021-d7f0ed9a78-5744c77aa44bc26b49f1ab0d8f85f14c.jpeg,K-001-104,true
​Шерстяной пиджак wool,NOCONCEPT,tops,blazers,male,25000,RUB,серый,"70% шерсть, 30% полиэстер",таблица размеров,,https://noconcept.ru/shop/men/6278,https://noconcept.ru/uploads/thumbs/noconcept-catalog-28-november019-cbf22f3852-3bd2abc468d91e208da14e7d3e19a235.jpeg,K-001-111,true
​Шерстяной пиджак wool,NOCONCEPT,tops,blazers,male,25000,RUB,Чёрный,"70% шерсть, 30% полиэстер",таблица размеров,,https://noconcept.ru/shop/men/6277,https://noconcept.ru/uploads/thumbs/noconcept-catalog-28-november039-d36aafe5cd-5a895cbdb729723f74e2ed35a241d4c9.jpeg,K-001-111,true
​Шерстяное зип-худи wool,NOCONCEPT,tops,knitwear,male,22000,RUB,бежевый,"70% шерсть, 30% полиэстер",таблица размеров,,https://noconcept.ru/shop/men/6269,https://noconcept.ru/uploads/thumbs/noconcept-catalog-28-november019-6533e5ac00-da592e575328dd9cb323727a062d5455.jpeg,K-001-113,true
​Шерстяное зип-худи wool,NOCONCEPT,tops,knitwear,male,22000,RUB,серый,"70% шерсть, 30% полиэстер",таблица размеров,,https://noconcept.ru/shop/men/6268,https://noconcept.ru/uploads/thumbs/noconcept-catalog-28-november016-9ecff2dbb0-32c38d0eb8658ad19fbe8a947dec401b.jpeg,K-001-113,true
​Вязаное зип-худи,NOCONCEPT,tops,knitwear,male,16000,RUB,Чёрный,"35% полиэстер, 30% акрил, 35% шерсть",таблица размеров,,https://noconcept.ru/shop/men/6093,https://noconcept.ru/uploads/thumbs/noconcept-catalog-28-november003-4d5586edf2-a79885e2813e76c2be7db91c6a8f2739.jpeg,K-001-013,true
Пуховик double,NOCONCEPT,outerwear,,male,25000,RUB,черный,100% полиэстер / 100% нейлон / 100% пух,таблица размеров,,https://noconcept.ru/shop/men/2270,https://noconcept.ru/uploads/thumbs/nc-katalog-2110241238-3bdc95d6c0-82ad29f52e4a0830a5693810997043d0.jpeg,М-031-001,true
Свитер blur,NOCONCEPT,tops,knitwear,male,18000,RUB,хаки,"53% полиэстер, 30% акрил , 17% шерсть",таблица размеров,,https://noconcept.ru/shop/men/5365,https://noconcept.ru/uploads/thumbs/iy5a0894-5dd414c44d-96963d7c61d1dc259680d5d0d020a9ef.jpeg,М-035-010,true
Свитер blur,NOCONCEPT,tops,knitwear,male,18000,RUB,коричневый,"53% полиэстер, 30% акрил , 17% шерсть",таблица размеров,,https://noconcept.ru/shop/men/5366,https://noconcept.ru/uploads/thumbs/iy5a0961-55b7ac0493-566f15924c60548e336c2787ac39ff02.jpeg,М-035-010,true
зип-худи set,NOCONCEPT,tops,knitwear,male,13000,RUB,Розовый,"10% шерсть, 52% акрил, 38% нейлон",таблица размеров,,https://noconcept.ru/shop/men/5223,https://noconcept.ru/uploads/thumbs/nc-katalog-2110241679-433e8ab520-5ea28c6e4ecf4106dff4c6d22ffd00a4.jpeg,М-034-399,true
Бомбер-пуховик  zip,NOCONCEPT,outerwear,,male,30000,RUB,молочный,100% нейлон / 100% полиэстер 90% утиный пух 10% утиное перо,таблица размеров,,https://noconcept.ru/shop/men/2299,https://noconcept.ru/uploads/thumbs/nc-katalog-2110242270-b5a7496dd1-78ef5dc0986a10c01216947ec624f4f7.jpeg,М-029-051,true
​Лонгслив Midnight,NOCONCEPT,tops,t-shirts,male,7000,RUB,белый,"95% полиэстер, 5% акрил",таблица размеров,,https://noconcept.ru/shop/men/5555,https://noconcept.ru/uploads/thumbs/bezymannyj-kadr3023-50da47e1e8-f0286434783e635f28978a8c62938ae1.jpeg,М-036-049,true
​Лонгслив Midnight,NOCONCEPT,tops,t-shirts,male,7000,RUB,черный,"95% полиэстер, 5% акрил",таблица размеров,,https://noconcept.ru/shop/men/5554,https://noconcept.ru/uploads/thumbs/nc-katalog-1304250017-15b461e557-3187ef158cb580cff96741489c04a243.jpeg,М-036-049,true